Date,Hour,Rentals_Count,Temperature_C,Humidity_pct,Wind_Speed_ms,Visibility_m,Solar_Radiation_MJm2,Rainfall_mm,Season,Holiday,Functioning_Day,Library_Branch,Top_Category,Membership_Type,Day_of_Week,Month,Day,Is_Peak_Hour,Temperature_Bin,Is_Weekend
2023-01-01,9,51.0,21.7,40.6,5.0,1473.0,2.51,0.0,Winter,Yes,Yes,University Branch,History,Walk-In,Sunday,1,1,1,Cool,0
2023-01-01,10,44.0,25.3,70.2,7.0,1493.0,2.47,1.1,Winter,Yes,Yes,Al Hamra Branch,Non-Fiction,Student,Sunday,1,1,1,Warm,0
2023-01-01,14,62.0,28.7,45.9,6.3,867.0,2.88,0.0,Winter,Yes,Yes,University Branch,Technology,Regular,Sunday,1,1,0,Warm,0
2023-01-01,16,91.0,26.9,60.2,5.2,1750.0,1.48,0.0,Winter,Yes,Yes,University Branch,Business,Premium,Sunday,1,1,1,Warm,0
2023-01-01,18,34.0,26.4,68.5,5.3,1531.0,0.53,0.0,Winter,Yes,Yes,Corniche Kiosk,Fiction,Premium,Sunday,1,1,1,Warm,0
2023-01-01,19,57.0,32.2,78.0,6.2,1628.0,0.0,0.0,Nan,Yes,Yes,University Branch,Children,Walk-In,Sunday,1,1,1,Warm,0
2023-01-01,20,41.0,23.2,69.1,4.8,1092.0,0.0,0.0,Winter,Yes,Yes,University Branch,History,Regular,Sunday,1,1,0,Cool,0
2023-01-02,8,43.0,21.3,60.5,7.3,998.0,0.01,0.0,Winter,No,Yes,University Branch,Technology,Walk-In,Monday,1,2,0,Cool,0
2023-01-02,9,31.0,21.6,65.5,1.0,1834.0,1.41,0.0,Winter,No,Yes,Corniche Kiosk,History,Regular,Monday,1,2,1,Cool,0
2023-01-02,10,33.0,22.7,53.6,7.1,1855.0,1.29,0.0,Winter,No,Yes,Corniche Kiosk,Technology,Regular,Monday,1,2,1,Cool,0
2023-01-02,11,44.0,24.8,43.1,6.7,853.0,1.17,0.0,Winter,No,Yes,Al Hamra Branch,Science,Walk-In,Monday,1,2,1,Cool,0
2023-01-02,16,52.0,25.4,71.1,3.5,1545.0,0.54,0.0,Winter,No,Yes,Al Rawdah Branch,Science,Walk-In,Monday,1,2,1,Warm,0
2023-01-02,18,51.0,24.4,43.2,1.9,1194.0,3.03,0.0,Winter,No,Yes,Al Hamra Branch,Children,Walk-In,Monday,1,2,1,Cool,0
2023-01-03,9,52.0,32.2,71.9,2.8,1171.0,1.43,0.0,Winter,No,Yes,Al Hamra Branch,Science,Student,Tuesday,1,3,1,Warm,0
2023-01-03,10,74.0,24.7,64.6,1.1,1419.0,2.22,0.0,Winter,No,Yes,Al Rawdah Branch,Technology,Student,Tuesday,1,3,1,Cool,0
2023-01-03,11,65.0,22.6,70.1,4.0,1469.0,3.21,0.0,Winter,No,Yes,Al Rawdah Branch,Business,Premium,Tuesday,1,3,1,Cool,0
2023-01-03,12,65.0,25.8,40.6,2.5,1184.0,1.89,0.0,Winter,No,Yes,Al Rawdah Branch,Arabic Literature,Student,Tuesday,1,3,0,Warm,0
2023-01-03,13,75.0,26.2,66.6,5.0,1065.0,0.77,0.0,Winter,No,Yes,Downtown Central,Arabic Literature,Premium,Tuesday,1,3,0,Warm,0
2023-01-03,14,70.0,26.4,55.6,2.6,1941.0,1.48,0.0,Winter,No,Yes,University Branch,Fiction,Regular,Tuesday,1,3,0,Warm,0
2023-01-03,17,99.0,24.2,47.2,7.7,930.0,0.09,0.0,Winter,No,Yes,University Branch,Arabic Literature,Student,Tuesday,1,3,1,Cool,0
2023-01-03,18,29.0,24.5,48.3,5.3,1794.0,2.48,0.0,Winter,No,Yes,Corniche Kiosk,Technology,Walk-In,Tuesday,1,3,1,Cool,0
2023-01-03,19,95.0,23.8,71.4,4.4,1029.0,0.0,0.0,Winter,No,Yes,University Branch,Business,Student,Tuesday,1,3,1,Cool,0
2023-01-03,21,39.0,20.7,41.1,1.4,1443.0,0.0,0.0,Winter,No,Yes,Al Rawdah Branch,History,Student,Tuesday,1,3,0,Cool,0
2023-01-03,22,27.0,20.3,38.3,4.1,1209.0,0.0,0.0,Winter,No,Yes,Al Hamra Branch,Business,Regular,Tuesday,1,3,0,Cool,0
2023-01-04,8,46.0,22.0,42.2,1.1,803.0,1.58,0.0,Winter,No,Yes,Al Hamra Branch,Fiction,Student,Wednesday,1,4,0,Cool,0
2023-01-04,9,31.0,22.5,71.6,4.0,1165.0,1.41,0.0,Winter,No,Yes,Corniche Kiosk,Business,Walk-In,Wednesday,1,4,1,Cool,0
2023-01-04,11,58.0,24.0,68.9,4.9,1562.0,1.72,0.0,Winter,No,Yes,Al Hamra Branch,Arabic Literature,Premium,Wednesday,1,4,1,Cool,0
2023-01-04,12,68.0,26.1,67.7,6.2,1044.0,1.92,0.0,Winter,No,Yes,University Branch,Business,Regular,Wednesday,1,4,0,Warm,0
2023-01-04,17,69.0,23.3,56.6,4.2,974.0,0.67,0.0,Winter,No,Yes,Al Rawdah Branch,Non-Fiction,Premium,Wednesday,1,4,1,Cool,0
2023-01-04,19,65.0,25.0,47.2,6.9,1293.0,0.0,0.0,Winter,No,Yes,University Branch,Arabic Literature,Walk-In,Wednesday,1,4,1,Warm,0
2023-01-04,21,25.0,20.3,65.0,5.2,1277.0,0.0,0.0,Winter,No,Yes,Al Hamra Branch,Arabic Literature,Premium,Wednesday,1,4,0,Cool,0
2023-01-04,22,32.0,20.2,51.9,2.3,1294.0,0.0,0.0,Winter,No,Yes,Al Rawdah Branch,Science,Student,Wednesday,1,4,0,Cool,0
2023-01-05,9,76.0,22.3,50.5,5.7,826.0,2.91,0.0,Winter,No,Yes,Downtown Central,Fiction,Nan,Thursday,1,5,1,Cool,0
2023-01-05,11,60.0,23.6,70.1,3.6,1041.0,2.75,0.0,Winter,No,Yes,Al Hamra Branch,Technology,Student,Thursday,1,5,1,Cool,0
2023-01-05,12,56.0,28.6,40.9,3.9,1607.0,2.35,0.0,Winter,No,Yes,Al Hamra Branch,Non-Fiction,Student,Thursday,1,5,0,Warm,0
2023-01-05,14,63.0,27.3,75.2,4.6,1505.0,2.54,0.0,Winter,No,Yes,Downtown Central,Business,Walk-In,Thursday,1,5,0,Warm,0
2023-01-05,15,33.0,26.5,48.8,7.8,861.0,1.17,0.0,Winter,No,Yes,Corniche Kiosk,History,Regular,Thursday,1,5,0,Warm,0
2023-01-05,19,74.0,25.0,38.2,1.5,1305.0,0.0,0.0,Winter,No,Yes,Downtown Central,Business,Walk-In,Thursday,1,5,1,Warm,0
2023-01-05,21,23.0,23.9,38.4,5.1,879.0,0.0,0.0,Winter,No,Yes,Corniche Kiosk,Children,Walk-In,Thursday,1,5,0,Cool,0
2023-01-05,22,51.0,23.2,49.6,7.4,881.0,0.0,0.0,Winter,No,Yes,Downtown Central,Arabic Literature,Regular,Thursday,1,5,0,Cool,0
2023-01-06,9,27.0,21.2,60.2,6.3,1546.0,2.36,0.0,Winter,Yes,Yes,Corniche Kiosk,Technology,Regular,Friday,1,6,1,Cool,1
2023-01-06,11,58.0,24.3,38.5,1.7,1541.0,2.36,0.0,Winter,Yes,Yes,University Branch,Business,Walk-In,Friday,1,6,1,Cool,1
2023-01-06,12,19.0,26.4,44.2,3.7,955.0,1.86,0.0,Winter,Yes,Yes,Corniche Kiosk,Children,Regular,Friday,1,6,0,Warm,1
2023-01-06,13,42.0,25.9,54.3,1.1,1845.0,2.61,0.0,Winter,Yes,Yes,Al Rawdah Branch,Non-Fiction,Regular,Friday,1,6,0,Warm,1
2023-01-06,15,34.0,27.3,62.1,7.1,1572.0,3.45,0.0,Winter,Yes,Yes,Al Hamra Branch,Science,Walk-In,Friday,1,6,0,Warm,1
2023-01-06,16,75.0,28.2,58.8,5.4,1186.0,1.66,0.0,Winter,Yes,Yes,Downtown Central,Business,Regular,Friday,1,6,1,Warm,1
2023-01-06,19,36.0,24.5,50.0,4.7,1264.0,0.0,0.0,Winter,Yes,Yes,Corniche Kiosk,Science,Premium,Friday,1,6,1,Cool,1
2023-01-06,20,42.0,22.6,53.0,2.8,1941.0,0.0,0.0,Winter,Yes,Yes,University Branch,History,Student,Friday,1,6,0,Cool,1
2023-01-06,21,11.0,23.3,60.7,3.2,1664.0,0.0,0.0,Winter,Yes,Yes,Corniche Kiosk,Technology,Walk-In,Friday,1,6,0,Cool,1
2023-01-07,9,38.0,20.6,75.0,7.1,1917.0,1.45,0.0,Winter,No,Yes,Al Hamra Branch,History,Walk-In,Saturday,1,7,1,Cool,1
2023-01-07,10,46.0,23.1,69.7,6.0,1433.0,0.39,0.0,Winter,No,Yes,Al Hamra Branch,Non-Fiction,Regular,Saturday,1,7,1,Cool,1
2023-01-07,11,50.0,25.2,61.9,4.3,824.0,3.06,1.9,Winter,No,Yes,Al Hamra Branch,Technology,Regular,Saturday,1,7,1,Warm,1
2023-01-07,12,40.0,25.7,69.5,0.8,1042.0,2.77,0.0,Winter,No,Yes,Al Hamra Branch,Technology,Walk-In,Saturday,1,7,0,Warm,1
2023-01-07,15,31.0,28.1,61.2,6.0,895.0,2.11,0.0,Winter,No,Yes,Corniche Kiosk,Technology,Premium,Saturday,1,7,0,Warm,1
2023-01-07,16,106.0,26.6,60.5,1.7,837.0,2.97,0.0,Winter,No,Yes,University Branch,Fiction,Student,Saturday,1,7,1,Warm,1
2023-01-07,18,84.0,23.5,57.3,2.5,1336.0,3.49,0.0,Winter,No,Yes,University Branch,History,Regular,Saturday,1,7,1,Cool,1
2023-01-07,19,77.0,22.9,49.9,7.9,1750.0,0.0,0.0,Winter,No,Yes,University Branch,Fiction,Premium,Saturday,1,7,1,Cool,1
2023-01-07,20,57.0,23.0,68.7,1.9,1960.0,0.0,0.0,Winter,No,Yes,Downtown Central,Non-Fiction,Student,Saturday,1,7,0,Cool,1
2023-01-07,21,46.0,22.1,47.2,7.3,1205.0,0.0,0.0,Winter,No,Yes,Downtown Central,Fiction,Regular,Saturday,1,7,0,Cool,1
2023-01-07,22,33.0,21.8,48.2,2.8,1662.0,0.0,0.0,Winter,No,Yes,Al Hamra Branch,Arabic Literature,Student,Saturday,1,7,0,Cool,1
2023-01-08,8,16.0,18.7,47.9,4.2,1859.0,2.29,0.0,Winter,No,Yes,Corniche Kiosk,Fiction,Regular,Sunday,1,8,0,Cool,0
2023-01-08,9,94.0,20.4,56.3,6.2,1039.0,1.78,0.0,Winter,No,Yes,Downtown Central,Fiction,Student,Sunday,1,8,1,Cool,0
2023-01-08,12,84.0,24.4,38.9,1.3,1300.0,1.08,0.0,Winter,No,Yes,Downtown Central,Business,Premium,Sunday,1,8,0,Cool,0
2023-01-08,14,57.0,25.1,57.1,7.4,1847.0,2.58,0.0,Winter,No,Yes,Al Rawdah Branch,History,Premium,Sunday,1,8,0,Warm,0
2023-01-08,15,36.0,25.8,77.1,5.8,1628.0,1.71,0.0,Winter,No,Yes,Corniche Kiosk,Technology,Premium,Sunday,1,8,0,Warm,0
2023-01-08,16,80.0,23.4,62.4,2.3,1604.0,1.86,0.0,Winter,No,Yes,Downtown Central,Non-Fiction,Walk-In,Sunday,1,8,1,Cool,0
2023-01-08,18,57.0,22.0,50.5,6.9,845.0,3.23,0.0,Winter,No,Yes,Al Rawdah Branch,Fiction,Walk-In,Sunday,1,8,1,Cool,0
2023-01-08,20,32.0,19.0,67.1,5.9,817.0,0.0,0.0,Winter,No,Yes,Al Hamra Branch,History,Student,Sunday,1,8,0,Cool,0
2023-01-08,22,31.0,19.7,47.7,2.3,1601.0,0.0,0.0,Winter,No,Yes,Al Rawdah Branch,Arabic Literature,Premium,Sunday,1,8,0,Cool,0
2023-01-09,8,44.0,23.3,69.3,5.6,1660.0,1.71,0.0,Winter,No,Yes,University Branch,Fiction,Walk-In,Monday,1,9,0,Cool,0
2023-01-09,9,64.0,25.8,54.4,1.8,963.0,2.25,0.0,Winter,No,Yes,University Branch,Children,Walk-In,Monday,1,9,1,Warm,0
2023-01-09,10,74.0,26.1,50.6,4.0,986.0,0.66,0.0,Winter,No,Yes,Downtown Central,Fiction,Walk-In,Monday,1,9,1,Warm,0
2023-01-09,11,82.0,27.8,52.4,4.8,1493.0,2.7,0.0,Winter,No,Yes,Al Rawdah Branch,Technology,Student,Monday,1,9,1,Warm,0
2023-01-09,16,77.0,28.4,56.2,2.2,1829.0,0.51,0.0,Winter,No,Yes,Downtown Central,Arabic Literature,Walk-In,Monday,1,9,1,Warm,0
2023-01-09,17,104.0,27.0,59.4,7.0,1200.0,3.35,4.7,Winter,No,Yes,Downtown Central,Business,Student,Monday,1,9,1,Warm,0
2023-01-09,18,66.0,24.9,72.7,0.6,1464.0,2.04,0.0,Winter,No,Yes,Al Hamra Branch,Science,Student,Monday,1,9,1,Cool,0
2023-01-09,22,48.0,25.5,60.4,0.9,841.0,0.0,0.0,Winter,No,Yes,Downtown Central,Fiction,Walk-In,Monday,1,9,0,Warm,0
2023-01-10,9,59.0,21.3,55.4,1.1,1951.0,1.61,0.0,Winter,No,Yes,Al Rawdah Branch,Technology,Regular,Tuesday,1,10,1,Cool,0
2023-01-10,10,63.0,22.6,51.1,7.2,1371.0,0.16,0.0,Winter,No,Yes,Al Hamra Branch,Fiction,Student,Tuesday,1,10,1,Cool,0
2023-01-10,11,37.0,24.0,69.6,3.8,1806.0,1.19,0.0,Winter,No,Yes,Corniche Kiosk,Arabic Literature,Premium,Tuesday,1,10,1,Cool,0
2023-01-10,16,74.0,27.4,64.1,1.3,806.0,1.08,0.0,Winter,No,Yes,Al Hamra Branch,Non-Fiction,Student,Tuesday,1,10,1,Warm,0
2023-01-10,18,60.0,32.2,43.6,2.5,975.0,0.59,0.0,Winter,No,Yes,Al Hamra Branch,Business,Regular,Tuesday,1,10,1,Warm,0
2023-01-10,20,57.0,22.3,51.5,5.7,1375.0,0.0,0.0,Winter,No,Yes,University Branch,Children,Premium,Tuesday,1,10,0,Cool,0
2023-01-10,22,32.0,23.0,45.9,6.5,1608.0,0.0,0.0,Winter,No,Yes,Al Hamra Branch,History,Premium,Tuesday,1,10,0,Cool,0
2023-01-11,8,27.0,17.5,40.7,6.1,1470.0,2.41,0.0,Winter,No,Yes,Al Hamra Branch,Arabic Literature,Walk-In,Wednesday,1,11,0,Cool,0
2023-01-11,13,48.0,24.6,38.2,7.0,1024.0,1.14,0.0,Winter,No,Yes,Al Hamra Branch,Business,Premium,Wednesday,1,11,0,Cool,0
2023-01-11,14,23.0,22.6,50.3,5.3,1632.0,2.26,0.0,Winter,No,Yes,Corniche Kiosk,Science,Walk-In,Wednesday,1,11,0,Cool,0
2023-01-11,17,33.0,20.9,65.1,0.7,1070.0,1.01,0.0,Winter,No,Yes,Corniche Kiosk,Business,Regular,Wednesday,1,11,1,Cool,0
2023-01-11,18,45.0,21.8,47.2,2.1,1685.0,2.41,0.0,Winter,No,Yes,Corniche Kiosk,Arabic Literature,Student,Wednesday,1,11,1,Cool,0
2023-01-11,20,39.0,19.4,50.0,2.6,1587.0,0.0,0.0,Winter,No,Yes,Al Rawdah Branch,History,Student,Wednesday,1,11,0,Cool,0
2023-01-11,21,10.0,17.2,69.4,6.0,1350.0,0.0,0.0,Nan,No,Yes,Al Hamra Branch,Non-Fiction,Walk-In,Wednesday,1,11,0,Cool,0
2023-01-12,20,0.0,24.3,54.4,2.0,1477.0,0.0,0.0,Winter,No,Yes,Corniche Kiosk,History,Walk-In,Thursday,1,12,0,Cool,0
2023-01-13,8,26.0,19.1,45.4,3.5,1443.0,3.38,0.0,Winter,Yes,Yes,Al Hamra Branch,Business,Premium,Friday,1,13,0,Cool,1
2023-01-13,9,43.0,20.3,55.2,1.3,1753.0,0.43,0.0,Winter,Yes,Yes,Al Rawdah Branch,Science,Student,Friday,1,13,1,Cool,1
2023-01-13,11,50.0,22.0,46.6,6.7,1274.0,0.1,0.0,Winter,Yes,Yes,Al Rawdah Branch,Children,Student,Friday,1,13,1,Cool,1
2023-01-13,12,32.0,23.6,55.5,4.1,1738.0,1.2,0.0,Winter,Yes,Yes,Al Hamra Branch,Arabic Literature,Premium,Friday,1,13,0,Cool,1
2023-01-13,13,35.0,23.8,72.1,6.8,1757.0,1.24,0.0,Winter,Yes,Yes,Al Rawdah Branch,Science,Student,Friday,1,13,0,Cool,1
2023-01-13,14,32.0,25.2,44.2,2.0,957.0,2.51,0.0,Winter,Yes,Yes,Al Hamra Branch,Fiction,Regular,Friday,1,13,0,Warm,1
2023-01-13,15,18.0,25.0,53.2,4.7,1868.0,2.15,0.0,Winter,Yes,Yes,Corniche Kiosk,Science,Walk-In,Friday,1,13,0,Warm,1
2023-01-13,18,46.0,21.3,71.1,7.1,906.0,1.085,0.0,Winter,Yes,Yes,Al Hamra Branch,Business,Regular,Friday,1,13,1,Cool,1
2023-01-13,19,42.0,22.5,60.7,1.1,1815.0,0.0,0.0,Winter,Yes,Yes,Al Hamra Branch,Technology,Regular,Friday,1,13,1,Cool,1
2023-01-13,20,25.0,20.7,67.6,2.5,1138.0,0.0,0.0,Winter,Yes,Yes,Downtown Central,Arabic Literature,Walk-In,Friday,1,13,0,Cool,1
2023-01-13,21,9.0,18.9,55.9,7.1,1243.0,0.0,0.0,Winter,Yes,Yes,Al Hamra Branch,Business,Walk-In,Friday,1,13,0,Cool,1
2023-01-13,22,14.0,19.3,49.4,6.9,842.0,0.0,0.0,Winter,Yes,Yes,Corniche Kiosk,Science,Regular,Friday,1,13,0,Cool,1
2023-01-14,8,16.0,18.9,65.0,1.3,927.0,2.73,0.0,Winter,No,Yes,Corniche Kiosk,Children,Walk-In,Saturday,1,14,0,Cool,1
2023-01-14,9,61.0,18.1,73.1,5.6,1967.0,0.8,0.0,Winter,No,Yes,University Branch,Children,Premium,Saturday,1,14,1,Cool,1
2023-01-14,11,45.0,20.9,49.8,2.0,869.0,0.12,1.8,Winter,No,Yes,Al Rawdah Branch,Technology,Premium,Saturday,1,14,1,Cool,1
2023-01-14,12,46.0,23.9,77.3,4.2,1613.0,0.94,0.0,Winter,No,Yes,Downtown Central,Fiction,Walk-In,Saturday,1,14,0,Cool,1
2023-01-14,14,28.0,23.4,43.7,5.5,1812.0,1.31,0.0,Winter,No,Yes,Corniche Kiosk,Technology,Premium,Saturday,1,14,0,Cool,1
2023-01-14,15,26.0,22.3,55.4,7.3,1286.0,2.58,0.0,Winter,No,Yes,Corniche Kiosk,History,Premium,Saturday,1,14,0,Cool,1
2023-01-14,16,56.0,22.7,62.1,1.2,1226.0,2.6,0.0,Winter,No,Yes,Al Hamra Branch,Children,Premium,Saturday,1,14,1,Cool,1
2023-01-14,18,58.0,20.2,66.1,5.6,1552.0,0.87,0.0,Winter,No,Yes,Al Hamra Branch,Technology,Student,Saturday,1,14,1,Cool,1
2023-01-14,19,70.0,19.3,52.7,2.1,826.0,0.0,0.0,Winter,No,Yes,Downtown Central,Children,Regular,Saturday,1,14,1,Cool,1
2023-01-14,21,22.0,17.2,50.7,4.4,1547.0,0.0,0.0,Winter,No,Yes,University Branch,Non-Fiction,Regular,Saturday,1,14,0,Cool,1
2023-01-14,22,22.0,18.9,61.8,6.3,890.0,0.0,0.0,Winter,No,Yes,Al Hamra Branch,History,Walk-In,Saturday,1,14,0,Cool,1
2023-01-15,9,48.0,21.8,65.7,1.3,1635.0,0.21,0.0,Winter,No,Yes,Al Rawdah Branch,Non-Fiction,Walk-In,Sunday,1,15,1,Cool,0
2023-01-15,10,30.0,24.0,60.8,5.9,1069.0,3.35,0.0,Winter,No,Yes,Corniche Kiosk,Non-Fiction,Walk-In,Sunday,1,15,1,Cool,0
2023-01-15,11,64.0,22.1,69.5,2.2,1572.0,1.41,0.0,Winter,No,Yes,University Branch,Business,Walk-In,Sunday,1,15,1,Cool,0
2023-01-15,13,48.0,26.8,60.2,3.0,1721.0,2.1,0.0,Winter,No,Yes,Al Hamra Branch,Business,Regular,Sunday,1,15,0,Warm,0
2023-01-15,14,55.0,24.7,60.2,6.7,1029.0,1.18,0.0,Winter,No,Yes,Downtown Central,Non-Fiction,Walk-In,Sunday,1,15,0,Cool,0
2023-01-15,15,38.0,25.3,70.0,5.1,1631.0,0.87,0.0,Winter,No,Yes,Al Hamra Branch,Technology,Walk-In,Sunday,1,15,0,Warm,0
2023-01-15,17,30.0,23.5,70.9,4.6,1564.0,2.49,0.0,Winter,No,Yes,Corniche Kiosk,Business,Walk-In,Sunday,1,15,1,Cool,0
2023-01-15,19,68.0,23.0,52.1,5.1,1611.0,0.0,0.0,Winter,No,Yes,Al Rawdah Branch,Arabic Literature,Student,Sunday,1,15,1,Cool,0
2023-01-15,20,29.0,20.0,64.3,3.3,1506.0,0.0,0.0,Winter,No,Yes,Al Rawdah Branch,History,Premium,Sunday,1,15,0,Cool,0
2023-01-15,21,37.0,21.2,67.5,6.4,1460.0,0.0,0.0,Winter,No,Yes,Al Hamra Branch,History,Student,Sunday,1,15,0,Cool,0
2023-01-15,22,42.0,19.7,49.5,5.3,1902.0,0.0,0.0,Winter,No,Yes,Downtown Central,Children,Walk-In,Sunday,1,15,0,Cool,0
2023-01-16,8,25.0,17.9,47.5,0.9,1753.0,1.95,0.0,Winter,No,Yes,Al Rawdah Branch,Technology,Walk-In,Monday,1,16,0,Cool,0
2023-01-16,9,49.0,16.8,66.2,3.5,1593.0,1.66,0.0,Winter,No,Yes,Al Rawdah Branch,Arabic Literature,Premium,Monday,1,16,1,Cool,0
2023-01-16,11,60.0,19.6,55.9,4.3,993.0,0.77,0.0,Winter,No,Yes,Al Rawdah Branch,Non-Fiction,Student,Monday,1,16,1,Cool,0
2023-01-16,13,58.0,22.4,39.4,4.1,1194.0,2.31,0.0,Winter,No,Yes,Al Rawdah Branch,Children,Premium,Monday,1,16,0,Cool,0
2023-01-16,14,26.0,24.0,68.2,6.0,1552.0,2.55,0.0,Winter,No,Yes,Corniche Kiosk,Fiction,Walk-In,Monday,1,16,0,Cool,0
2023-01-16,15,58.0,21.6,53.0,7.9,1621.0,2.65,0.0,Nan,No,Yes,Al Rawdah Branch,Science,Student,Monday,1,16,0,Cool,0
2023-01-16,16,75.0,32.2,66.9,4.6,1009.0,2.29,0.0,Winter,No,Yes,Downtown Central,Technology,Walk-In,Monday,1,16,1,Warm,0
2023-01-16,18,32.0,21.0,62.3,3.0,936.0,2.36,0.0,Winter,No,Yes,Corniche Kiosk,Science,Walk-In,Monday,1,16,1,Cool,0
2023-01-16,19,35.0,19.9,78.4,1.8,1796.0,0.0,0.0,Winter,No,Yes,Corniche Kiosk,Science,Premium,Monday,1,16,1,Cool,0
2023-01-16,20,14.0,19.2,61.1,1.2,1591.0,0.0,0.0,Winter,No,Yes,Corniche Kiosk,Fiction,Walk-In,Monday,1,16,0,Cool,0
2023-01-16,21,33.0,19.2,51.2,5.8,1747.0,0.0,0.0,Winter,No,Yes,Downtown Central,Fiction,Walk-In,Monday,1,16,0,Cool,0
2023-01-16,22,24.0,17.7,57.0,2.8,1213.0,0.0,0.0,Winter,No,Yes,Al Rawdah Branch,Non-Fiction,Student,Monday,1,16,0,Cool,0
2023-01-17,8,22.0,17.2,74.1,4.4,1034.0,2.74,0.0,Winter,Yes,Yes,Al Rawdah Branch,Science,Regular,Tuesday,1,17,0,Cool,0
2023-01-17,10,18.0,20.2,65.8,7.7,1346.0,1.41,0.9,Winter,Yes,Yes,Corniche Kiosk,Non-Fiction,Regular,Tuesday,1,17,1,Cool,0
2023-01-17,11,45.0,19.9,56.3,2.2,1641.0,2.8,0.0,Winter,Yes,Yes,Al Hamra Branch,Fiction,Premium,Tuesday,1,17,1,Cool,0
2023-01-17,12,56.0,24.8,44.3,2.4,1542.0,0.55,0.0,Winter,Yes,Yes,Downtown Central,Business,Regular,Tuesday,1,17,0,Cool,0
2023-01-17,15,53.0,23.8,56.5,5.6,1010.0,3.42,0.0,Winter,Yes,Yes,University Branch,Children,Regular,Tuesday,1,17,0,Cool,0
2023-01-17,16,47.0,23.0,60.2,4.8,1074.0,0.35,0.0,Winter,Yes,Yes,Al Rawdah Branch,Arabic Literature,Walk-In,Tuesday,1,17,1,Cool,0
2023-01-17,17,47.0,19.9,65.3,6.1,1112.0,1.26,0.0,Winter,Yes,Yes,Al Hamra Branch,Children,Regular,Tuesday,1,17,1,Cool,0
2023-01-17,18,85.0,22.0,71.8,7.5,1306.0,2.14,0.0,Winter,Yes,Yes,Downtown Central,Non-Fiction,Student,Tuesday,1,17,1,Cool,0
2023-01-17,22,25.0,19.4,46.3,1.2,1924.0,0.0,0.0,Winter,Yes,Yes,Downtown Central,Fiction,Walk-In,Tuesday,1,17,0,Cool,0
2023-01-18,10,64.0,27.0,60.5,3.1,1448.0,2.82,0.0,Winter,No,Yes,Al Hamra Branch,Arabic Literature,Premium,Wednesday,1,18,1,Warm,0
2023-01-18,14,56.0,29.7,50.9,5.3,1794.0,0.77,0.0,Winter,No,Yes,Al Rawdah Branch,Technology,Premium,Wednesday,1,18,0,Warm,0
2023-01-18,15,59.0,29.3,43.8,0.6,908.0,0.05,0.0,Winter,No,Yes,University Branch,Technology,Walk-In,Wednesday,1,18,0,Warm,0
2023-01-18,16,96.0,29.7,61.2,4.0,1725.0,1.82,0.0,Winter,No,Yes,University Branch,Arabic Literature,Premium,Wednesday,1,18,1,Warm,0
2023-01-18,19,43.0,27.2,51.3,7.8,1497.0,0.0,0.0,Winter,No,Yes,Corniche Kiosk,Science,Premium,Wednesday,1,18,1,Warm,0
2023-01-18,20,17.0,25.6,39.5,5.9,1101.0,0.0,3.5,Winter,No,Yes,Corniche Kiosk,Technology,Walk-In,Wednesday,1,18,0,Warm,0
2023-01-18,21,43.0,25.3,53.9,2.9,876.0,0.0,0.0,Nan,No,Yes,University Branch,History,Walk-In,Wednesday,1,18,0,Warm,0
2023-01-18,22,42.0,25.2,38.9,5.9,816.0,0.0,0.0,Winter,No,Yes,University Branch,Non-Fiction,Walk-In,Wednesday,1,18,0,Warm,0
2023-01-19,9,35.0,23.1,61.9,5.8,1312.0,0.36,0.0,Winter,No,Yes,Corniche Kiosk,Arabic Literature,Premium,Thursday,1,19,1,Cool,0
2023-01-19,10,52.0,24.1,68.6,0.8,1141.0,0.06,0.0,Winter,No,Yes,Al Hamra Branch,Fiction,Premium,Thursday,1,19,1,Cool,0
2023-01-19,14,57.0,26.5,51.2,4.8,1061.0,0.27,0.0,Winter,No,Yes,University Branch,Science,Walk-In,Thursday,1,19,0,Warm,0
2023-01-19,16,75.0,27.6,43.2,3.4,1166.0,0.14,0.0,Winter,No,Yes,Al Rawdah Branch,Children,Student,Thursday,1,19,1,Warm,0
2023-01-19,17,51.0,24.1,67.0,4.1,1038.0,1.38,0.0,Winter,No,Yes,Corniche Kiosk,History,Student,Thursday,1,19,1,Cool,0
2023-01-19,18,59.0,25.2,45.7,6.2,1823.0,0.39,4.7,Winter,No,Yes,Al Rawdah Branch,Technology,Regular,Thursday,1,19,1,Warm,0
2023-01-19,19,81.0,24.3,44.5,2.0,1636.0,0.0,0.0,Winter,No,Yes,University Branch,Fiction,Regular,Thursday,1,19,1,Cool,0
2023-01-20,10,61.0,26.0,62.5,2.8,1995.0,3.43,0.0,Winter,Yes,Yes,Downtown Central,Technology,Walk-In,Friday,1,20,1,Warm,1
2023-01-20,12,33.0,31.8,70.1,4.6,1048.0,0.49,0.0,Winter,Yes,Yes,Al Rawdah Branch,Science,Premium,Friday,1,20,0,Warm,1
2023-01-20,13,39.0,31.8,53.1,6.7,1564.0,2.58,0.0,Winter,Yes,Yes,Al Rawdah Branch,Non-Fiction,Student,Friday,1,20,0,Warm,1
2023-01-20,14,55.0,30.4,41.7,0.7,1717.0,0.05,0.0,Winter,Yes,Yes,University Branch,History,Student,Friday,1,20,0,Warm,1
2023-01-20,15,18.0,31.5,67.7,3.9,1792.0,0.15,0.0,Winter,Yes,Yes,Corniche Kiosk,Arabic Literature,Regular,Friday,1,20,0,Warm,1
2023-01-20,16,72.0,31.1,46.7,7.5,1635.0,0.47,0.0,Winter,Yes,Yes,University Branch,Fiction,Student,Friday,1,20,1,Warm,1
2023-01-20,22,29.0,24.4,54.7,1.8,1202.0,0.0,0.0,Winter,Yes,Yes,Al Rawdah Branch,Science,Student,Friday,1,20,0,Cool,1
2023-01-21,8,40.0,24.4,65.2,2.1,1022.0,0.19,0.0,Nan,No,Yes,Al Rawdah Branch,Fiction,Premium,Saturday,1,21,0,Cool,1
2023-01-21,9,93.0,25.8,65.2,4.0,946.0,3.01,0.0,Winter,No,Yes,University Branch,History,Student,Saturday,1,21,1,Warm,1
2023-01-21,11,62.0,27.2,59.5,4.2,1016.0,2.13,0.0,Winter,No,Yes,Al Rawdah Branch,Fiction,Regular,Saturday,1,21,1,Warm,1
2023-01-21,12,35.0,30.6,54.2,5.1,835.0,0.61,0.0,Winter,No,Yes,Al Hamra Branch,Business,Walk-In,Saturday,1,21,0,Warm,1
2023-01-21,14,19.0,30.6,71.9,3.2,1964.0,0.98,4.9,Winter,No,Yes,Corniche Kiosk,Science,Walk-In,Saturday,1,21,0,Warm,1
2023-01-21,15,51.0,30.1,72.0,1.7,1208.0,1.69,0.0,Nan,No,Yes,Al Hamra Branch,Children,Student,Saturday,1,21,0,Warm,1
2023-01-21,17,68.0,25.9,69.3,0.7,1710.0,2.24,0.0,Winter,No,Yes,Al Rawdah Branch,History,Premium,Saturday,1,21,1,Warm,1
2023-01-21,18,60.0,26.6,51.8,4.0,1611.0,0.37,2.1,Winter,No,Yes,Al Rawdah Branch,Business,Premium,Saturday,1,21,1,Warm,1
2023-01-21,22,24.0,24.3,51.4,5.1,1895.0,0.0,0.0,Winter,No,Yes,Al Hamra Branch,Children,Walk-In,Saturday,1,21,0,Cool,1
2023-01-22,11,66.0,22.2,53.9,1.8,1604.0,2.59,0.0,Winter,No,Yes,University Branch,Non-Fiction,Walk-In,Sunday,1,22,1,Cool,0
2023-01-22,13,51.0,25.9,68.1,3.9,1150.0,2.15,0.0,Winter,No,Yes,Al Rawdah Branch,Children,Premium,Sunday,1,22,0,Warm,0
2023-01-22,14,51.0,24.5,73.8,2.3,1643.0,1.38,0.0,Winter,No,Yes,University Branch,Arabic Literature,Walk-In,Sunday,1,22,0,Cool,0
2023-01-22,17,72.0,23.4,41.1,6.5,1832.0,3.13,0.0,Winter,No,Yes,University Branch,Science,Walk-In,Sunday,1,22,1,Cool,0
2023-01-22,18,111.0,22.5,47.3,7.9,1980.0,2.73,0.0,Winter,No,Yes,Downtown Central,Non-Fiction,Student,Sunday,1,22,1,Cool,0
2023-01-22,19,34.0,22.8,45.5,7.4,1699.0,0.0,0.0,Winter,No,Yes,Corniche Kiosk,Technology,Regular,Sunday,1,22,1,Cool,0
2023-01-23,10,93.0,27.0,47.8,1.6,1921.0,0.54,0.0,Winter,No,Yes,University Branch,Arabic Literature,Student,Monday,1,23,1,Warm,0
2023-01-23,11,62.0,25.6,49.5,3.8,1147.0,2.79,0.0,Winter,No,Yes,Al Hamra Branch,Fiction,Regular,Monday,1,23,1,Warm,0
2023-01-23,12,75.0,28.0,60.9,6.7,814.0,0.34,0.0,Winter,No,Yes,University Branch,Children,Student,Monday,1,23,0,Warm,0
2023-01-23,15,59.0,29.8,42.6,1.9,1153.0,2.31,0.0,Winter,No,Yes,University Branch,Technology,Walk-In,Monday,1,23,0,Warm,0
2023-01-23,16,48.0,29.0,56.2,1.3,1330.0,0.91,0.4,Winter,No,Yes,Al Hamra Branch,Business,Regular,Monday,1,23,1,Warm,0
2023-01-23,19,61.0,26.0,44.7,6.6,1378.0,0.0,0.0,Winter,No,Yes,Al Hamra Branch,Children,Premium,Monday,1,23,1,Warm,0
2023-01-23,20,23.0,22.7,64.5,1.5,1032.0,0.0,0.0,Winter,No,Yes,Corniche Kiosk,History,Walk-In,Monday,1,23,0,Cool,0
2023-01-24,8,59.0,24.9,67.6,5.8,957.0,0.6,1.5,Winter,No,Yes,Downtown Central,Business,Student,Tuesday,1,24,0,Cool,0
2023-01-24,9,44.0,23.6,41.7,2.6,1709.0,0.59,0.0,Winter,No,Yes,Al Rawdah Branch,Business,Student,Tuesday,1,24,1,Cool,0
2023-01-24,10,78.0,27.5,48.6,4.4,1294.0,3.28,0.0,Winter,No,Yes,Downtown Central,Science,Walk-In,Tuesday,1,24,1,Warm,0
2023-01-24,15,50.0,28.9,73.6,4.2,992.0,3.23,1.8,Winter,No,Yes,Al Rawdah Branch,Arabic Literature,Premium,Tuesday,1,24,0,Warm,0
2023-01-24,19,79.0,26.4,65.5,1.2,1685.0,0.0,0.0,Winter,No,Yes,University Branch,History,Regular,Tuesday,1,24,1,Warm,0
2023-01-24,20,31.0,24.0,55.9,5.0,1747.0,0.0,0.0,Winter,No,Yes,Corniche Kiosk,Science,Student,Tuesday,1,24,0,Cool,0
2023-01-24,22,29.0,23.5,69.7,4.0,1722.0,0.0,2.7,Winter,No,Yes,University Branch,Non-Fiction,Walk-In,Tuesday,1,24,0,Cool,0
2023-01-25,8,47.0,23.4,53.9,4.6,1753.0,2.76,0.0,Winter,No,Yes,Al Hamra Branch,Fiction,Premium,Wednesday,1,25,0,Cool,0
2023-01-25,9,52.0,25.0,49.8,2.2,1223.0,0.94,0.0,Winter,No,Yes,Al Hamra Branch,Fiction,Regular,Wednesday,1,25,1,Warm,0
2023-01-25,10,66.0,24.7,69.3,1.7,934.0,0.52,0.0,Winter,No,Yes,Al Rawdah Branch,Fiction,Premium,Wednesday,1,25,1,Cool,0
2023-01-25,12,52.0,28.6,63.6,4.6,1350.0,1.99,0.0,Winter,No,Yes,Al Hamra Branch,Science,Premium,Wednesday,1,25,0,Warm,0
2023-01-25,13,49.0,28.8,54.1,2.0,1649.0,2.33,0.0,Winter,No,Yes,Al Rawdah Branch,Children,Walk-In,Wednesday,1,25,0,Warm,0
2023-01-25,14,77.0,30.0,75.1,1.6,1478.0,3.17,0.0,Winter,No,Yes,Downtown Central,Business,Regular,Wednesday,1,25,0,Warm,0
2023-01-25,15,65.0,32.2,45.0,5.0,1932.0,3.18,0.0,Winter,No,Yes,Al Rawdah Branch,Arabic Literature,Premium,Wednesday,1,25,0,Warm,0
2023-01-25,18,45.0,26.6,57.4,2.8,1986.0,1.84,0.0,Winter,No,Yes,Corniche Kiosk,Arabic Literature,Regular,Wednesday,1,25,1,Warm,0
2023-01-25,19,68.0,24.6,51.9,5.3,949.0,0.0,0.0,Winter,No,Yes,Al Hamra Branch,Arabic Literature,Student,Wednesday,1,25,1,Cool,0
2023-01-25,20,52.0,23.9,66.2,0.9,1184.0,0.0,0.0,Winter,No,Yes,Al Rawdah Branch,Children,Student,Wednesday,1,25,0,Cool,0
2023-01-25,21,30.0,24.2,53.0,3.1,972.0,0.0,0.0,Winter,No,Yes,Al Hamra Branch,Children,Walk-In,Wednesday,1,25,0,Cool,0
2023-01-27,8,25.0,24.0,62.0,4.3,1718.0,1.19,0.0,Winter,Yes,Yes,Al Hamra Branch,Arabic Literature,Student,Friday,1,27,0,Cool,1
2023-01-27,11,39.0,26.3,69.4,2.8,1765.0,1.52,0.0,Winter,Yes,Yes,Al Rawdah Branch,Arabic Literature,Walk-In,Friday,1,27,1,Warm,1
2023-01-27,12,24.0,31.4,75.0,0.9,1041.0,1.62,0.0,Winter,Yes,Yes,Al Hamra Branch,Arabic Literature,Walk-In,Friday,1,27,0,Warm,1
2023-01-27,13,62.0,28.8,41.9,2.4,1764.0,2.31,0.0,Winter,Yes,Yes,Downtown Central,Business,Regular,Friday,1,27,0,Warm,1
2023-01-27,14,27.0,30.7,63.1,4.4,1396.0,0.32,0.0,Winter,Yes,Yes,Al Hamra Branch,Children,Walk-In,Friday,1,27,0,Warm,1
2023-01-27,15,46.0,29.1,55.3,2.8,1574.0,3.17,3.7,Winter,Yes,Yes,Downtown Central,History,Premium,Friday,1,27,0,Warm,1
2023-01-27,17,77.0,26.3,75.3,5.2,1855.0,2.68,0.0,Winter,Yes,Yes,Downtown Central,Technology,Regular,Friday,1,27,1,Warm,1
2023-01-27,18,82.0,27.6,65.0,1.5,1281.0,2.2,0.0,Winter,Yes,Yes,Downtown Central,Non-Fiction,Student,Friday,1,27,1,Warm,1
2023-01-27,19,27.0,26.8,52.5,6.8,1484.0,0.0,0.1,Winter,Yes,Yes,Corniche Kiosk,History,Regular,Friday,1,27,1,Warm,1
2023-01-27,20,28.0,24.3,73.0,2.7,1393.0,0.0,0.0,Winter,Yes,Yes,Al Rawdah Branch,History,Premium,Friday,1,27,0,Cool,1
2023-01-27,21,35.0,24.3,52.7,5.0,888.0,1.085,0.0,Winter,Yes,Yes,Downtown Central,Children,Student,Friday,1,27,0,Cool,1
2023-01-28,8,31.0,22.0,53.7,5.1,1714.0,0.92,0.0,Winter,No,Yes,Al Rawdah Branch,Children,Nan,Saturday,1,28,0,Cool,1
2023-01-28,9,52.0,21.3,56.9,6.8,1399.0,0.43,0.0,Winter,No,Yes,Al Hamra Branch,Science,Student,Saturday,1,28,1,Cool,1
2023-01-28,10,52.0,24.0,41.9,0.7,1352.0,2.48,0.0,Winter,No,Yes,Al Hamra Branch,Fiction,Premium,Saturday,1,28,1,Cool,1
2023-01-28,11,90.0,22.4,50.9,7.0,907.0,2.98,0.0,Winter,No,Yes,University Branch,Technology,Student,Saturday,1,28,1,Cool,1
2023-01-28,12,48.0,25.5,50.3,3.1,1356.0,0.78,0.0,Winter,No,Yes,Al Rawdah Branch,Business,Regular,Saturday,1,28,0,Warm,1
2023-01-28,13,74.0,26.2,57.4,2.4,898.0,1.76,0.0,Winter,No,Yes,University Branch,Science,Student,Saturday,1,28,0,Warm,1
2023-01-28,14,29.0,24.3,49.0,5.4,1352.0,1.42,0.0,Winter,No,Yes,Corniche Kiosk,Business,Premium,Saturday,1,28,0,Cool,1
2023-01-28,15,81.0,25.5,64.8,1.9,1161.0,1.62,0.0,Winter,No,Yes,Downtown Central,Non-Fiction,Student,Saturday,1,28,0,Warm,1
2023-01-28,16,85.0,27.2,40.3,4.4,1670.0,3.27,0.0,Winter,No,Yes,University Branch,History,Regular,Saturday,1,28,1,Warm,1
2023-01-28,17,46.0,21.9,70.2,5.0,1811.0,2.3,0.0,Winter,No,Yes,Al Hamra Branch,Arabic Literature,Walk-In,Saturday,1,28,1,Cool,1
2023-01-28,20,14.0,19.4,44.4,3.2,990.0,0.0,0.0,Winter,No,Yes,Corniche Kiosk,Fiction,Regular,Saturday,1,28,0,Cool,1
2023-01-29,8,71.0,26.7,68.5,2.7,1330.0,1.77,0.0,Winter,No,Yes,Downtown Central,Science,Premium,Sunday,1,29,0,Warm,0
2023-01-29,9,49.0,32.2,67.2,3.6,1351.0,2.98,0.0,Winter,No,Yes,Al Hamra Branch,Fiction,Walk-In,Sunday,1,29,1,Warm,0
2023-01-29,12,50.0,31.1,56.1,3.5,1617.0,1.94,0.0,Winter,No,Yes,Al Hamra Branch,Children,Regular,Sunday,1,29,0,Warm,0
2023-01-29,13,39.0,31.2,71.0,4.6,1056.0,1.79,0.0,Winter,No,Yes,Al Hamra Branch,Science,Regular,Sunday,1,29,0,Warm,0
2023-01-29,15,32.0,31.3,60.7,6.5,1987.0,1.98,0.0,Winter,No,Yes,Corniche Kiosk,History,Premium,Sunday,1,29,0,Warm,0
2023-01-29,16,40.0,29.7,44.5,3.5,1471.0,2.73,0.0,Winter,No,Yes,Corniche Kiosk,Business,Nan,Sunday,1,29,1,Warm,0
2023-01-29,17,33.0,27.7,68.4,6.9,932.0,1.29,0.0,Winter,No,Yes,Corniche Kiosk,Science,Regular,Sunday,1,29,1,Warm,0
2023-01-29,18,41.0,27.8,74.3,4.1,1664.0,2.12,0.0,Winter,No,Yes,Corniche Kiosk,Business,Walk-In,Sunday,1,29,1,Warm,0
2023-01-29,19,46.0,28.0,65.1,5.3,1573.0,0.0,0.0,Winter,No,Yes,Corniche Kiosk,Fiction,Student,Sunday,1,29,1,Warm,0
2023-01-29,20,26.0,24.6,41.1,3.4,909.0,0.0,0.0,Winter,No,Yes,Corniche Kiosk,Science,Premium,Sunday,1,29,0,Cool,0
2023-01-29,21,58.0,24.4,49.6,4.9,1392.0,0.0,0.0,Winter,No,Yes,University Branch,Non-Fiction,Premium,Sunday,1,29,0,Cool,0
2023-01-30,9,57.0,23.4,74.4,4.2,1649.0,0.96,0.0,Winter,No,Yes,Al Hamra Branch,Children,Student,Monday,1,30,1,Cool,0
2023-01-30,10,64.0,25.3,65.2,3.1,1775.0,2.9,0.0,Winter,No,Yes,Al Rawdah Branch,Fiction,Regular,Monday,1,30,1,Warm,0
2023-01-30,11,39.0,25.5,61.8,2.0,1785.0,1.39,0.0,Winter,No,Yes,Corniche Kiosk,Business,Student,Monday,1,30,1,Warm,0
2023-01-30,12,66.0,26.5,59.1,7.5,1569.0,3.3,4.7,Winter,No,Yes,University Branch,Arabic Literature,Premium,Monday,1,30,0,Warm,0
2023-01-30,14,58.0,27.8,77.7,2.0,1195.0,0.22,0.0,Winter,No,Yes,Downtown Central,Business,Walk-In,Monday,1,30,0,Warm,0
2023-01-30,16,91.0,26.0,39.3,6.9,878.0,0.45,0.0,Winter,No,Yes,University Branch,Fiction,Premium,Monday,1,30,1,Warm,0
2023-01-30,17,109.0,23.1,64.5,0.7,1421.0,2.06,0.0,Winter,No,Yes,Downtown Central,Non-Fiction,Student,Monday,1,30,1,Cool,0
2023-01-30,18,32.0,24.6,54.9,4.4,1589.0,0.51,0.0,Winter,No,Yes,Corniche Kiosk,Fiction,Walk-In,Monday,1,30,1,Cool,0
2023-01-30,19,91.0,25.4,71.8,7.4,1567.0,1.085,0.0,Winter,No,Yes,University Branch,History,Student,Monday,1,30,1,Warm,0
2023-01-30,20,48.0,21.6,45.3,1.8,1817.0,0.0,0.0,Winter,No,Yes,Al Rawdah Branch,Fiction,Student,Monday,1,30,0,Cool,0
2023-01-30,21,48.0,23.4,38.7,7.4,1754.0,0.0,0.0,Winter,No,Yes,University Branch,Children,Premium,Monday,1,30,0,Cool,0
2023-01-31,9,59.0,24.0,55.0,3.5,1905.0,2.04,1.1,Winter,No,Yes,Al Rawdah Branch,Business,Student,Tuesday,1,31,1,Cool,0
2023-01-31,10,60.0,25.0,66.3,3.4,1015.0,0.82,0.0,Winter,No,Yes,Al Hamra Branch,Non-Fiction,Premium,Tuesday,1,31,1,Warm,0
2023-01-31,11,79.0,26.1,70.0,0.6,1159.0,2.88,0.0,Winter,No,Yes,University Branch,Arabic Literature,Regular,Tuesday,1,31,1,Warm,0
2023-01-31,13,47.0,29.1,61.5,3.9,1470.0,1.31,0.0,Winter,No,Yes,Al Rawdah Branch,Technology,Regular,Tuesday,1,31,0,Warm,0
2023-01-31,15,52.0,28.5,52.5,7.6,876.0,1.35,0.0,Winter,No,Yes,Al Hamra Branch,Business,Premium,Tuesday,1,31,0,Warm,0
2023-01-31,16,80.0,29.4,51.0,1.3,1444.0,1.67,0.0,Winter,No,Yes,Al Rawdah Branch,Science,Student,Tuesday,1,31,1,Warm,0
2023-01-31,17,78.0,25.2,37.3,5.3,1903.0,1.21,0.0,Winter,No,Yes,Al Hamra Branch,Arabic Literature,Student,Tuesday,1,31,1,Warm,0
2023-01-31,18,72.0,26.0,75.7,3.6,1714.0,0.42,0.0,Winter,No,Yes,Downtown Central,Children,Walk-In,Tuesday,1,31,1,Warm,0
2023-01-31,19,64.0,25.5,53.0,1.6,1785.0,1.085,0.0,Winter,No,Yes,Al Rawdah Branch,Fiction,Regular,Tuesday,1,31,1,Warm,0
2023-01-31,20,72.0,23.8,59.1,5.7,1333.0,0.0,0.0,Winter,No,Yes,Downtown Central,Arabic Literature,Student,Tuesday,1,31,0,Cool,0
2023-01-31,21,40.0,32.2,43.7,4.2,1927.0,0.0,0.0,Winter,No,Yes,Al Rawdah Branch,Non-Fiction,Premium,Tuesday,1,31,0,Warm,0
2023-01-31,22,53.0,24.2,73.0,2.4,914.0,0.0,0.0,Winter,No,Yes,University Branch,Science,Premium,Tuesday,1,31,0,Cool,0
2023-02-01,10,53.0,23.9,50.6,7.9,1332.0,3.07,0.0,Winter,No,Yes,Al Hamra Branch,Fiction,Walk-In,Wednesday,2,1,1,Cool,0
2023-02-01,11,91.0,21.9,66.1,1.9,1561.0,0.5,0.0,Winter,No,Yes,Downtown Central,Science,Student,Wednesday,2,1,1,Cool,0
2023-02-01,12,82.0,26.4,68.3,6.6,1752.0,0.07,0.0,Winter,No,Yes,Downtown Central,Technology,Student,Wednesday,2,1,0,Warm,0
2023-02-01,13,68.0,26.2,56.2,3.4,1169.0,3.46,0.0,Winter,No,Yes,Downtown Central,Non-Fiction,Walk-In,Wednesday,2,1,0,Warm,0
2023-02-01,14,28.0,25.0,59.8,5.0,1933.0,0.52,0.0,Winter,No,Yes,Corniche Kiosk,Science,Regular,Wednesday,2,1,0,Warm,0
2023-02-01,15,65.0,27.1,70.6,4.2,931.0,2.0,0.0,Winter,No,Yes,Al Rawdah Branch,Technology,Student,Wednesday,2,1,0,Warm,0
2023-02-01,19,82.0,24.4,42.1,1.9,1711.0,0.0,0.0,Winter,No,Yes,University Branch,Business,Nan,Wednesday,2,1,1,Cool,0
2023-02-02,9,96.0,25.7,62.1,0.9,1227.0,1.16,0.0,Winter,No,Yes,University Branch,Arabic Literature,Student,Thursday,2,2,1,Warm,0
2023-02-02,10,71.0,27.0,61.1,4.1,1687.0,2.78,0.0,Winter,No,Yes,University Branch,Non-Fiction,Walk-In,Thursday,2,2,1,Warm,0
2023-02-02,12,82.0,29.8,45.5,6.1,1592.0,0.31,0.0,Winter,No,Yes,Downtown Central,Science,Premium,Thursday,2,2,0,Warm,0
2023-02-02,13,51.0,30.0,64.6,5.3,1474.0,3.0,0.0,Winter,No,Yes,Al Rawdah Branch,Technology,Regular,Thursday,2,2,0,Warm,0
2023-02-02,14,83.0,30.1,72.3,1.4,1596.0,2.07,0.0,Winter,No,Yes,Downtown Central,Business,Premium,Thursday,2,2,0,Warm,0
2023-02-02,15,71.0,29.3,63.4,7.9,1200.0,2.9,0.0,Winter,No,Yes,Al Rawdah Branch,Fiction,Student,Thursday,2,2,0,Warm,0
2023-02-02,16,64.0,29.9,55.2,2.9,1750.0,3.03,4.7,Winter,No,Yes,Al Hamra Branch,Business,Student,Thursday,2,2,1,Warm,0
2023-02-02,17,77.0,25.9,61.0,1.4,1419.0,1.18,0.0,Winter,No,Yes,Al Rawdah Branch,Arabic Literature,Student,Thursday,2,2,1,Warm,0
2023-02-02,18,42.0,25.2,42.8,5.5,1412.0,0.08,0.0,Winter,No,Yes,Corniche Kiosk,Business,Premium,Thursday,2,2,1,Warm,0
2023-02-02,19,73.0,25.0,60.2,6.6,1582.0,0.0,0.0,Winter,No,Yes,Al Rawdah Branch,Non-Fiction,Student,Thursday,2,2,1,Warm,0
2023-02-02,20,43.0,25.8,60.5,0.8,1935.0,0.0,0.0,Winter,No,Yes,Al Hamra Branch,Business,Student,Thursday,2,2,0,Warm,0
2023-02-02,21,45.0,24.7,40.2,3.4,1884.0,0.0,0.0,Winter,No,Yes,Downtown Central,Technology,Walk-In,Thursday,2,2,0,Cool,0
2023-02-03,9,38.0,26.1,51.0,2.5,1843.0,0.79,1.9,Winter,Yes,Yes,Al Rawdah Branch,Arabic Literature,Regular,Friday,2,3,1,Warm,1
2023-02-03,13,39.0,31.6,63.1,3.5,1511.0,0.91,0.0,Winter,Yes,Yes,Al Rawdah Branch,Science,Student,Friday,2,3,0,Warm,1
2023-02-03,14,47.0,31.9,66.5,6.9,1937.0,1.42,0.0,Winter,Yes,Yes,Downtown Central,Non-Fiction,Regular,Friday,2,3,0,Warm,1
2023-02-03,16,19.0,31.1,74.3,5.9,1643.0,2.62,0.0,Winter,Yes,Yes,Corniche Kiosk,Fiction,Walk-In,Friday,2,3,1,Warm,1
2023-02-03,18,62.0,28.5,60.2,2.7,1056.0,2.58,0.0,Winter,Yes,Yes,Al Rawdah Branch,Technology,Regular,Friday,2,3,1,Warm,1
2023-02-03,20,24.0,24.2,64.4,4.0,1249.0,1.085,0.0,Winter,Yes,Yes,Al Rawdah Branch,Technology,Regular,Friday,2,3,0,Cool,1
2023-02-03,21,13.0,27.1,70.6,4.2,1395.0,0.0,0.0,Winter,Yes,Yes,Al Rawdah Branch,Children,Walk-In,Friday,2,3,0,Warm,1
2023-02-03,22,19.0,26.5,45.2,4.3,1099.0,0.0,0.0,Nan,Yes,Yes,Al Hamra Branch,History,Walk-In,Friday,2,3,0,Warm,1
2023-02-04,8,32.0,18.8,60.6,2.5,1137.0,1.23,0.0,Winter,No,Yes,Al Hamra Branch,Fiction,Student,Saturday,2,4,0,Cool,1
2023-02-04,11,51.0,21.6,57.2,5.4,1052.0,1.34,0.0,Winter,No,Yes,Al Rawdah Branch,Non-Fiction,Regular,Saturday,2,4,1,Cool,1
2023-02-04,13,59.0,23.0,74.2,7.3,1970.0,3.13,0.0,Winter,No,Yes,Downtown Central,Arabic Literature,Regular,Saturday,2,4,0,Cool,1
2023-02-04,14,22.0,23.8,58.6,5.1,1048.0,0.01,0.0,Winter,No,Yes,Corniche Kiosk,Fiction,Walk-In,Saturday,2,4,0,Cool,1
2023-02-04,15,45.0,25.2,71.7,1.4,1578.0,2.21,0.0,Winter,No,Yes,Al Hamra Branch,Non-Fiction,Premium,Saturday,2,4,0,Warm,1
2023-02-04,18,35.0,21.2,71.8,4.6,1780.0,0.77,0.0,Winter,No,Yes,Corniche Kiosk,Arabic Literature,Student,Saturday,2,4,1,Cool,1
2023-02-04,19,83.0,21.3,43.0,3.7,1346.0,0.0,0.0,Winter,No,Yes,University Branch,Non-Fiction,Student,Saturday,2,4,1,Cool,1
2023-02-04,20,22.0,18.2,61.8,4.1,1475.0,0.0,0.0,Winter,No,Yes,Al Rawdah Branch,Technology,Premium,Saturday,2,4,0,Cool,1
2023-02-05,8,29.0,20.6,48.4,7.4,1875.0,2.12,0.0,Winter,No,Yes,Corniche Kiosk,Children,Student,Sunday,2,5,0,Cool,0
2023-02-05,9,46.0,20.0,68.1,4.1,881.0,2.02,0.0,Winter,No,Yes,Al Hamra Branch,Science,Regular,Sunday,2,5,1,Cool,0
2023-02-05,10,72.0,22.4,43.9,5.9,1432.0,2.72,0.0,Winter,No,Yes,Al Rawdah Branch,Non-Fiction,Student,Sunday,2,5,1,Cool,0
2023-02-05,11,76.0,21.5,62.3,5.7,972.0,2.57,0.0,Winter,No,Yes,University Branch,Children,Regular,Sunday,2,5,1,Cool,0
2023-02-05,14,90.0,24.7,52.8,6.4,1634.0,1.0,0.0,Winter,No,Yes,Downtown Central,Science,Student,Sunday,2,5,0,Cool,0
2023-02-05,15,78.0,24.3,66.7,6.8,1780.0,1.64,0.0,Winter,Yes,Yes,University Branch,Arabic Literature,Student,Sunday,2,5,0,Cool,0
2023-02-05,17,54.0,21.5,43.7,0.8,1984.0,1.69,0.5,Winter,No,Yes,Al Hamra Branch,Fiction,Premium,Sunday,2,5,1,Cool,0
2023-02-05,18,57.0,21.3,59.7,5.2,1943.0,0.81,0.0,Winter,No,Yes,Al Rawdah Branch,Science,Premium,Sunday,2,5,1,Cool,0
2023-02-05,19,97.0,23.1,54.5,6.5,1874.0,0.0,0.0,Winter,No,Yes,University Branch,Children,Student,Sunday,2,5,1,Cool,0
2023-02-05,20,27.0,21.4,68.4,3.3,1814.0,0.0,0.0,Winter,No,Yes,Al Hamra Branch,Non-Fiction,Walk-In,Sunday,2,5,0,Cool,0
2023-02-05,22,50.0,20.2,42.9,5.3,1880.0,0.0,0.0,Winter,No,Yes,Downtown Central,Science,Nan,Sunday,2,5,0,Cool,0
2023-02-06,8,44.0,20.1,42.7,1.1,1849.0,1.58,0.0,Winter,No,Yes,Al Rawdah Branch,Technology,Student,Monday,2,6,0,Cool,0
2023-02-06,11,69.0,23.9,56.7,5.5,1540.0,1.13,0.0,Winter,No,Yes,Al Hamra Branch,Fiction,Student,Monday,2,6,1,Cool,0
2023-02-06,12,44.0,26.9,58.2,2.1,1029.0,2.38,0.0,Winter,No,Yes,Al Hamra Branch,Children,Regular,Monday,2,6,0,Warm,0
2023-02-06,13,74.0,25.0,53.1,5.4,1616.0,2.22,0.0,Winter,No,Yes,Downtown Central,Non-Fiction,Regular,Monday,2,6,0,Warm,0
2023-02-06,14,53.0,25.6,67.4,7.3,1574.0,2.75,0.0,Winter,No,Yes,Al Hamra Branch,History,Premium,Monday,2,6,0,Warm,0
2023-02-06,15,50.0,26.3,55.6,3.4,1540.0,1.38,4.7,Winter,No,Yes,University Branch,Science,Walk-In,Monday,2,6,0,Warm,0
2023-02-06,16,71.0,26.4,56.0,5.8,1905.0,0.28,0.0,Winter,No,Yes,Al Rawdah Branch,Business,Premium,Monday,2,6,1,Warm,0
2023-02-06,20,36.0,22.3,40.7,2.5,1017.0,0.0,0.0,Winter,No,Yes,Al Hamra Branch,History,Walk-In,Monday,2,6,0,Cool,0
2023-02-06,21,44.0,20.6,75.8,0.5,1426.0,0.0,0.0,Winter,No,Yes,Downtown Central,History,Regular,Monday,2,6,0,Cool,0
2023-02-07,9,35.0,22.6,57.2,2.0,1666.0,1.52,0.0,Winter,No,Yes,Corniche Kiosk,Technology,Premium,Tuesday,2,7,1,Cool,0
2023-02-07,10,86.0,23.2,66.3,1.0,1588.0,1.3,0.0,Winter,No,Yes,Downtown Central,Fiction,Premium,Tuesday,2,7,1,Cool,0
2023-02-07,11,70.0,32.2,63.2,6.6,1038.0,0.17,0.0,Nan,No,Yes,Downtown Central,Technology,Walk-In,Tuesday,2,7,1,Warm,0
2023-02-07,12,48.0,26.6,68.2,2.8,1181.0,1.21,0.0,Winter,No,Yes,Al Hamra Branch,Business,Regular,Tuesday,2,7,0,Warm,0
2023-02-07,14,51.0,25.8,70.3,7.3,1987.0,3.27,0.0,Winter,No,Yes,Al Hamra Branch,Fiction,Regular,Tuesday,2,7,0,Warm,0
2023-02-07,17,64.0,23.0,56.6,2.6,1727.0,1.69,0.0,Winter,No,Yes,Al Hamra Branch,Non-Fiction,Premium,Tuesday,2,7,1,Cool,0
2023-02-07,20,41.0,22.8,64.7,3.9,985.0,0.0,0.0,Winter,No,Yes,Al Rawdah Branch,History,Premium,Tuesday,2,7,0,Cool,0
2023-02-07,21,51.0,21.8,48.5,4.6,1225.0,0.0,0.0,Winter,No,Yes,University Branch,Arabic Literature,Premium,Tuesday,2,7,0,Cool,0
2023-02-07,22,44.0,20.4,38.9,1.0,921.0,0.0,0.0,Winter,No,Yes,Corniche Kiosk,Arabic Literature,Walk-In,Tuesday,2,7,0,Cool,0
2023-02-08,8,52.0,24.6,48.6,0.6,1223.0,1.66,4.4,Winter,No,Yes,University Branch,Non-Fiction,Regular,Wednesday,2,8,0,Cool,0
2023-02-08,10,37.0,24.0,54.4,7.2,1729.0,3.0,0.0,Winter,No,Yes,Corniche Kiosk,Business,Regular,Wednesday,2,8,1,Cool,0
2023-02-08,14,41.0,29.9,63.5,2.8,1146.0,2.8,0.2,Winter,No,Yes,Al Hamra Branch,Non-Fiction,Regular,Wednesday,2,8,0,Warm,0
2023-02-08,15,50.0,27.0,70.1,5.6,1263.0,1.4,0.0,Winter,No,Yes,Al Hamra Branch,Technology,Premium,Wednesday,2,8,0,Warm,0
2023-02-08,18,65.0,24.2,60.4,4.3,1622.0,1.25,0.0,Winter,No,Yes,University Branch,Arabic Literature,Walk-In,Wednesday,2,8,1,Cool,0
2023-02-08,19,90.0,26.2,61.5,1.1,1124.0,0.0,0.0,Winter,No,Yes,Downtown Central,Children,Regular,Wednesday,2,8,1,Warm,0
2023-02-08,21,58.0,23.8,69.5,6.5,1548.0,0.0,0.0,Winter,No,Yes,Downtown Central,Fiction,Student,Wednesday,2,8,0,Cool,0
2023-02-08,22,17.0,23.2,59.1,6.6,1589.0,0.0,0.0,Winter,No,Yes,Corniche Kiosk,History,Walk-In,Wednesday,2,8,0,Cool,0
2023-02-09,8,42.0,23.2,67.2,7.3,1430.0,1.8,0.0,Winter,No,Yes,Al Rawdah Branch,Children,Premium,Thursday,2,9,0,Cool,0
2023-02-09,10,76.0,25.4,63.8,1.0,835.0,2.57,0.0,Winter,No,Yes,Downtown Central,Business,Walk-In,Thursday,2,9,1,Warm,0
2023-02-09,12,38.0,27.8,57.4,1.8,929.0,1.57,0.0,Winter,No,Yes,Corniche Kiosk,History,Student,Thursday,2,9,0,Warm,0
2023-02-09,13,80.0,27.3,69.7,5.3,1395.0,2.91,0.0,Winter,No,Yes,University Branch,Children,Premium,Thursday,2,9,0,Warm,0
2023-02-09,15,36.0,29.5,50.8,1.0,1846.0,3.39,0.0,Winter,No,Yes,Corniche Kiosk,History,Premium,Thursday,2,9,0,Warm,0
2023-02-09,19,89.0,24.4,47.0,7.3,1644.0,0.0,0.0,Winter,No,Yes,Downtown Central,Children,Regular,Thursday,2,9,1,Cool,0
2023-02-09,21,43.0,21.9,70.2,4.5,1832.0,0.0,0.0,Winter,No,Yes,Downtown Central,Business,Regular,Thursday,2,9,0,Cool,0
2023-02-09,22,44.0,23.4,69.8,5.9,1775.0,0.0,0.0,Winter,No,Yes,Al Rawdah Branch,Business,Student,Thursday,2,9,0,Cool,0
2023-02-10,11,55.0,24.1,53.2,7.3,1647.0,2.18,0.0,Winter,Yes,Yes,Al Rawdah Branch,Science,Student,Friday,2,10,1,Cool,1
2023-02-10,12,29.0,26.2,39.5,3.8,1069.0,1.33,0.0,Winter,Yes,Yes,Corniche Kiosk,Fiction,Premium,Friday,2,10,0,Warm,1
2023-02-10,13,14.0,27.3,68.8,7.6,1919.0,1.01,0.0,Winter,Yes,Yes,Corniche Kiosk,Business,Walk-In,Friday,2,10,0,Warm,1
2023-02-10,16,38.0,27.0,70.5,5.1,949.0,1.99,0.0,Winter,Yes,Yes,Al Hamra Branch,Science,Walk-In,Friday,2,10,1,Warm,1
2023-02-10,18,58.0,24.7,45.8,1.6,1542.0,0.17,0.0,Winter,Yes,Yes,Downtown Central,Science,Walk-In,Friday,2,10,1,Cool,1
2023-02-10,20,21.0,21.2,68.0,5.3,1851.0,0.0,0.0,Winter,Yes,Yes,Al Hamra Branch,Children,Premium,Friday,2,10,0,Cool,1
2023-02-10,21,20.0,22.2,71.7,4.9,1588.0,0.0,0.0,Winter,Yes,Yes,Downtown Central,Non-Fiction,Student,Friday,2,10,0,Cool,1
2023-02-10,22,17.0,20.7,55.7,5.7,1334.0,0.0,0.0,Winter,Yes,Yes,University Branch,Children,Regular,Friday,2,10,0,Cool,1
2023-02-11,8,46.0,19.3,57.3,5.8,1364.0,0.35,0.0,Winter,No,Yes,University Branch,Fiction,Student,Saturday,2,11,0,Cool,1
2023-02-11,10,63.0,22.1,53.8,6.8,1147.0,1.67,0.0,Winter,No,Yes,Al Rawdah Branch,Non-Fiction,Student,Saturday,2,11,1,Cool,1
2023-02-11,11,57.0,22.1,49.5,1.8,972.0,2.85,0.0,Winter,No,Yes,Al Rawdah Branch,Arabic Literature,Premium,Saturday,2,11,1,Cool,1
2023-02-11,15,65.0,23.9,76.2,4.5,1759.0,0.02,0.0,Winter,No,Yes,Downtown Central,Children,Student,Saturday,2,11,0,Cool,1
2023-02-11,16,85.0,26.7,70.6,2.2,889.0,0.55,0.0,Winter,No,Yes,University Branch,Non-Fiction,Premium,Saturday,2,11,1,Warm,1
2023-02-11,17,48.0,21.4,53.7,5.3,906.0,1.81,0.0,Winter,No,Yes,Al Rawdah Branch,Fiction,Walk-In,Saturday,2,11,1,Cool,1
2023-02-11,18,42.0,23.2,52.3,4.1,916.0,0.39,0.0,Winter,No,Yes,Al Hamra Branch,Arabic Literature,Walk-In,Saturday,2,11,1,Cool,1
2023-02-11,19,70.0,21.0,64.6,2.9,1270.0,0.0,0.0,Winter,No,Yes,University Branch,Technology,Regular,Saturday,2,11,1,Cool,1
2023-02-11,21,35.0,21.2,45.2,7.3,1720.0,0.0,0.0,Winter,No,Yes,Downtown Central,History,Premium,Saturday,2,11,0,Cool,1
2023-02-12,8,16.0,21.4,42.7,5.8,1679.0,0.07,0.0,Winter,Yes,Yes,Corniche Kiosk,Science,Regular,Sunday,2,12,0,Cool,0
2023-02-12,9,49.0,20.4,61.0,4.5,1094.0,0.06,0.0,Winter,Yes,Yes,University Branch,Children,Regular,Sunday,2,12,1,Cool,0
2023-02-12,10,52.0,22.3,72.0,0.9,1392.0,1.44,0.0,Winter,Yes,Yes,Al Rawdah Branch,Fiction,Premium,Sunday,2,12,1,Cool,0
2023-02-12,11,51.0,22.0,39.0,0.6,1424.0,0.43,0.0,Winter,Yes,Yes,Downtown Central,Fiction,Walk-In,Sunday,2,12,1,Cool,0
2023-02-12,12,33.0,26.2,72.0,5.0,1367.0,0.74,0.0,Winter,Yes,Yes,Al Rawdah Branch,Science,Walk-In,Sunday,2,12,0,Warm,0
2023-02-12,13,23.0,25.7,70.2,6.7,1842.0,2.05,0.0,Winter,Yes,Yes,Corniche Kiosk,Arabic Literature,Premium,Sunday,2,12,0,Warm,0
2023-02-12,14,38.0,26.5,42.4,2.2,1060.0,3.25,0.0,Winter,Yes,Yes,Al Rawdah Branch,Science,Walk-In,Sunday,2,12,0,Warm,0
2023-02-12,15,46.0,25.4,74.3,7.7,1935.0,2.92,0.0,Winter,Yes,Yes,University Branch,Business,Walk-In,Sunday,2,12,0,Warm,0
2023-02-12,16,37.0,24.4,49.6,4.9,1194.0,3.19,0.0,Winter,Yes,Yes,Corniche Kiosk,Fiction,Premium,Sunday,2,12,1,Cool,0
2023-02-12,17,44.0,23.0,63.6,0.7,1873.0,0.54,0.0,Winter,Yes,Yes,Al Rawdah Branch,Non-Fiction,Walk-In,Sunday,2,12,1,Cool,0
2023-02-12,19,44.0,20.8,62.4,5.5,874.0,0.0,0.0,Winter,Yes,Yes,Corniche Kiosk,Science,Premium,Sunday,2,12,1,Cool,0
2023-02-13,8,46.0,19.3,59.9,7.6,1169.0,2.38,0.0,Winter,No,Yes,Al Rawdah Branch,Science,Premium,Monday,2,13,0,Cool,0
2023-02-13,10,63.0,21.9,44.6,3.4,1446.0,0.74,0.0,Winter,No,Yes,Al Hamra Branch,Technology,Student,Monday,2,13,1,Cool,0
2023-02-13,11,82.0,21.4,69.8,1.3,1231.0,3.15,0.0,Winter,No,Yes,University Branch,Children,Premium,Monday,2,13,1,Cool,0
2023-02-13,13,29.0,25.3,73.3,7.3,1408.0,1.47,0.0,Winter,No,Yes,Corniche Kiosk,Arabic Literature,Regular,Monday,2,13,0,Warm,0
2023-02-13,17,58.0,20.6,60.2,2.0,1006.0,1.08,0.0,Winter,No,Yes,Al Rawdah Branch,Arabic Literature,Regular,Monday,2,13,1,Cool,0
2023-02-13,18,53.0,20.6,49.3,5.6,1847.0,2.09,0.0,Winter,No,Yes,Al Hamra Branch,Business,Regular,Monday,2,13,1,Cool,0
2023-02-13,19,86.0,20.7,48.8,6.7,842.0,0.0,0.0,Winter,No,Yes,University Branch,Science,Student,Monday,2,13,1,Cool,0
2023-02-14,8,24.0,22.5,37.9,7.6,1649.0,0.9,0.0,Winter,No,Yes,Corniche Kiosk,Business,Walk-In,Tuesday,2,14,0,Cool,0
2023-02-14,9,90.0,21.8,59.4,0.8,1686.0,0.87,0.0,Winter,No,Yes,Downtown Central,Science,Student,Tuesday,2,14,1,Cool,0
2023-02-14,11,43.0,24.8,47.0,6.1,1307.0,0.08,0.0,Winter,No,Yes,Al Hamra Branch,Non-Fiction,Walk-In,Tuesday,2,14,1,Cool,0
2023-02-14,12,50.0,25.0,50.8,2.6,806.0,0.72,0.0,Winter,No,Yes,Al Rawdah Branch,Technology,Premium,Tuesday,2,14,0,Warm,0
2023-02-14,13,68.0,27.4,48.9,4.2,1439.0,0.6,0.0,Winter,No,Yes,University Branch,Fiction,Regular,Tuesday,2,14,0,Warm,0
2023-02-14,15,61.0,27.8,59.4,2.3,1905.0,0.46,0.0,Winter,No,Yes,Downtown Central,Non-Fiction,Walk-In,Tuesday,2,14,0,Warm,0
2023-02-14,16,113.0,32.2,57.7,6.9,1394.0,1.62,0.0,Winter,No,Yes,University Branch,Science,Student,Tuesday,2,14,1,Warm,0
2023-02-14,17,45.0,23.6,49.5,5.1,1000.0,2.19,0.0,Winter,No,Yes,Al Hamra Branch,Fiction,Walk-In,Tuesday,2,14,1,Cool,0
2023-02-14,19,52.0,24.8,53.6,5.0,1198.0,0.0,0.0,Winter,No,Yes,Al Rawdah Branch,History,Walk-In,Tuesday,2,14,1,Cool,0
2023-02-14,20,43.0,21.2,64.6,6.6,1794.0,0.0,0.0,Winter,No,Yes,Downtown Central,Children,Walk-In,Tuesday,2,14,0,Cool,0
2023-02-14,21,28.0,20.1,71.4,2.3,1112.0,0.0,0.0,Winter,No,Yes,University Branch,Children,Walk-In,Tuesday,2,14,0,Cool,0
2023-02-14,22,52.0,22.1,60.8,2.7,1261.0,0.0,0.0,Winter,No,Yes,Downtown Central,History,Premium,Tuesday,2,14,0,Cool,0
2023-02-15,10,97.0,23.2,70.1,5.4,1228.0,1.61,0.0,Winter,No,Yes,Downtown Central,History,Student,Wednesday,2,15,1,Cool,0
2023-02-15,11,68.0,25.2,67.3,5.9,1013.0,3.43,0.0,Winter,No,Yes,Al Hamra Branch,Non-Fiction,Student,Wednesday,2,15,1,Warm,0
2023-02-15,12,54.0,27.1,58.9,0.6,1316.0,3.17,0.0,Winter,No,Yes,University Branch,History,Walk-In,Wednesday,2,15,0,Warm,0
2023-02-15,13,73.0,27.6,41.4,7.2,1411.0,1.74,0.0,Winter,No,Yes,University Branch,Technology,Regular,Wednesday,2,15,0,Warm,0
2023-02-15,19,39.0,24.7,70.9,1.7,1948.0,0.0,0.0,Winter,No,Yes,Corniche Kiosk,Arabic Literature,Premium,Wednesday,2,15,1,Cool,0
2023-02-15,21,35.0,20.8,53.7,6.6,1043.0,0.0,0.0,Winter,No,Yes,Al Hamra Branch,Technology,Premium,Wednesday,2,15,0,Cool,0
2023-02-16,8,56.0,24.5,47.2,2.9,1730.0,1.45,0.0,Winter,No,Yes,Al Rawdah Branch,Technology,Student,Thursday,2,16,0,Cool,0
2023-02-16,9,58.0,26.4,45.7,2.2,1235.0,0.7,0.0,Winter,No,Yes,Al Hamra Branch,Technology,Regular,Thursday,2,16,1,Warm,0
2023-02-16,10,49.0,26.4,43.8,1.3,990.0,1.8,0.0,Winter,No,Yes,Corniche Kiosk,Business,Student,Thursday,2,16,1,Warm,0
2023-02-16,11,53.0,27.9,43.5,0.6,1070.0,1.5,0.0,Nan,No,Yes,Al Rawdah Branch,Children,Walk-In,Thursday,2,16,1,Warm,0
2023-02-16,12,50.0,32.0,60.1,1.7,1989.0,0.82,0.0,Winter,No,Yes,Al Hamra Branch,Fiction,Student,Thursday,2,16,0,Warm,0
2023-02-16,13,58.0,30.9,54.7,2.1,1929.0,2.59,0.0,Winter,No,Yes,Al Hamra Branch,Arabic Literature,Student,Thursday,2,16,0,Warm,0
2023-02-16,14,88.0,32.2,72.1,0.6,1957.0,2.55,0.0,Winter,No,Yes,Downtown Central,Science,Student,Thursday,2,16,0,Warm,0
2023-02-16,17,91.0,28.6,62.1,7.4,1744.0,0.1,0.0,Winter,No,Yes,University Branch,Children,Premium,Thursday,2,16,1,Warm,0
2023-02-16,20,51.0,25.6,58.5,3.8,1828.0,0.0,0.0,Winter,No,Yes,Downtown Central,Technology,Walk-In,Thursday,2,16,0,Warm,0
2023-02-16,22,27.0,24.5,58.0,1.3,1071.0,0.0,0.0,Nan,No,Yes,Al Hamra Branch,Children,Walk-In,Thursday,2,16,0,Cool,0
2023-02-17,8,33.0,25.8,53.5,3.8,1694.0,2.29,0.0,Winter,Yes,Yes,Al Hamra Branch,Children,Student,Friday,2,17,0,Warm,1
2023-02-17,11,29.0,26.5,54.1,2.8,1323.0,3.45,0.0,Winter,Yes,Yes,Corniche Kiosk,Science,Walk-In,Friday,2,17,1,Warm,1
2023-02-17,13,23.0,28.3,65.2,6.9,1072.0,3.26,0.0,Winter,Yes,Yes,Corniche Kiosk,Arabic Literature,Student,Friday,2,17,0,Warm,1
2023-02-17,14,46.0,30.7,41.2,1.6,1787.0,2.68,0.0,Winter,Yes,Yes,Al Rawdah Branch,Arabic Literature,Student,Friday,2,17,0,Warm,1
2023-02-17,15,39.0,30.2,58.3,3.8,1787.0,1.89,0.0,Winter,Yes,Yes,Al Rawdah Branch,Non-Fiction,Premium,Friday,2,17,0,Warm,1
2023-02-17,17,43.0,27.5,51.9,4.2,1642.0,1.51,0.5,Winter,Yes,Yes,Al Hamra Branch,Technology,Premium,Friday,2,17,1,Warm,1
2023-02-17,19,67.0,27.5,58.8,1.3,1806.0,0.0,0.0,Winter,Yes,Yes,Downtown Central,Non-Fiction,Regular,Friday,2,17,1,Warm,1
2023-02-17,20,23.0,24.2,68.9,1.9,1557.0,0.0,0.0,Winter,Yes,Yes,Al Hamra Branch,Arabic Literature,Regular,Friday,2,17,0,Cool,1
2023-02-18,8,50.0,20.2,54.3,3.4,1118.0,2.48,0.0,Winter,No,Yes,University Branch,Children,Student,Saturday,2,18,0,Cool,1
2023-02-18,9,48.0,20.1,65.4,3.5,1906.0,0.36,0.0,Winter,No,Yes,Al Hamra Branch,Non-Fiction,Premium,Saturday,2,18,1,Cool,1
2023-02-18,11,77.0,22.5,60.0,3.6,1817.0,2.03,0.0,Winter,No,Yes,University Branch,Technology,Premium,Saturday,2,18,1,Cool,1
2023-02-18,12,24.0,25.8,54.8,6.6,1525.0,2.52,0.0,Winter,No,Yes,Corniche Kiosk,History,Walk-In,Saturday,2,18,0,Warm,1
2023-02-18,13,44.0,27.0,41.9,3.7,1717.0,0.47,0.0,Winter,No,Yes,University Branch,Technology,Premium,Saturday,2,18,0,Warm,1
2023-02-18,14,70.0,26.5,63.1,5.0,1711.0,0.63,0.0,Winter,No,Yes,University Branch,Non-Fiction,Premium,Saturday,2,18,0,Warm,1
2023-02-18,16,92.0,26.2,54.4,4.2,824.0,2.12,0.0,Winter,No,Yes,Downtown Central,Children,Regular,Saturday,2,18,1,Warm,1
2023-02-18,17,58.0,24.0,61.7,7.2,1648.0,3.08,0.0,Winter,No,Yes,Al Rawdah Branch,Business,Regular,Saturday,2,18,1,Cool,1
2023-02-18,18,58.0,23.8,71.9,5.5,879.0,0.86,0.0,Winter,No,Yes,University Branch,History,Walk-In,Saturday,2,18,1,Cool,1
2023-02-18,19,63.0,23.2,46.2,6.2,1152.0,0.0,0.0,Winter,No,Yes,University Branch,Arabic Literature,Walk-In,Saturday,2,18,1,Cool,1
2023-02-18,20,56.0,21.5,54.2,2.8,1026.0,0.0,0.0,Winter,No,Yes,Downtown Central,Arabic Literature,Student,Saturday,2,18,0,Cool,1
2023-02-18,21,36.0,20.2,73.2,7.4,1197.0,0.0,0.0,Winter,No,Yes,University Branch,History,Premium,Saturday,2,18,0,Cool,1
2023-02-19,8,37.0,20.0,49.2,1.4,1883.0,1.71,0.0,Winter,No,Yes,Al Hamra Branch,Science,Premium,Sunday,2,19,0,Cool,0
2023-02-19,10,66.0,21.5,39.3,3.4,900.0,2.43,0.0,Winter,No,Yes,University Branch,Children,Walk-In,Sunday,2,19,1,Cool,0
2023-02-19,14,52.0,25.9,54.9,5.2,1203.0,2.52,2.2,Winter,No,Yes,Al Rawdah Branch,Technology,Student,Sunday,2,19,0,Warm,0
2023-02-19,15,71.0,25.3,41.4,5.2,1476.0,0.26,0.0,Winter,No,Yes,University Branch,Arabic Literature,Premium,Sunday,2,19,0,Warm,0
2023-02-19,18,67.0,20.5,65.2,2.7,851.0,1.44,0.0,Winter,No,Yes,Al Rawdah Branch,Arabic Literature,Student,Sunday,2,19,1,Cool,0
2023-02-19,19,85.0,22.6,64.3,7.3,1458.0,0.0,0.0,Winter,No,Yes,University Branch,Children,Premium,Sunday,2,19,1,Cool,0
2023-02-20,10,88.0,32.2,68.5,4.2,1532.0,2.67,0.0,Winter,No,Yes,Downtown Central,Non-Fiction,Regular,Monday,2,20,1,Warm,0
2023-02-20,11,40.0,25.9,46.2,4.7,1881.0,0.53,0.0,Winter,No,Yes,Corniche Kiosk,Arabic Literature,Student,Monday,2,20,1,Warm,0
2023-02-20,14,52.0,28.2,59.5,0.6,1390.0,2.35,0.0,Winter,No,Yes,Al Hamra Branch,Non-Fiction,Premium,Monday,2,20,0,Warm,0
2023-02-20,16,103.0,29.5,51.3,6.9,1030.0,0.98,0.0,Winter,No,Yes,Downtown Central,Business,Premium,Monday,2,20,1,Warm,0
2023-02-20,17,96.0,26.5,48.7,5.5,1636.0,1.17,0.0,Winter,No,Yes,University Branch,Arabic Literature,Premium,Monday,2,20,1,Warm,0
2023-02-20,18,63.0,24.4,43.0,2.3,905.0,0.26,0.0,Winter,No,Yes,Al Hamra Branch,Non-Fiction,Student,Monday,2,20,1,Cool,0
2023-02-20,19,65.0,25.0,58.8,6.6,1650.0,0.0,0.0,Winter,No,Yes,Al Rawdah Branch,Business,Premium,Monday,2,20,1,Warm,0
2023-02-20,20,46.0,22.5,57.2,2.7,1295.0,0.0,0.0,Winter,No,Yes,Al Rawdah Branch,Arabic Literature,Premium,Monday,2,20,0,Cool,0
2023-02-20,21,47.0,22.1,64.7,3.2,1617.0,0.0,0.0,Winter,No,Yes,Downtown Central,Technology,Premium,Monday,2,20,0,Cool,0
2023-02-20,22,49.0,23.2,71.0,1.6,1701.0,0.0,0.0,Winter,No,Yes,Downtown Central,Science,Premium,Monday,2,20,0,Cool,0
2023-02-21,8,62.0,21.6,65.8,1.6,1423.0,1.73,0.0,Winter,No,Yes,University Branch,Fiction,Premium,Tuesday,2,21,0,Cool,0
2023-02-21,9,56.0,21.6,68.2,7.3,1561.0,3.16,0.0,Winter,No,Yes,Al Hamra Branch,Children,Premium,Tuesday,2,21,1,Cool,0
2023-02-21,10,48.0,22.1,76.0,6.0,880.0,1.36,0.0,Winter,No,Yes,Al Hamra Branch,Science,Premium,Tuesday,2,21,1,Cool,0
2023-02-21,13,71.0,25.5,46.5,6.0,1034.0,2.8,0.0,Winter,No,Yes,University Branch,Arabic Literature,Regular,Tuesday,2,21,0,Warm,0
2023-02-21,14,44.0,24.6,58.8,0.6,863.0,1.14,0.0,Winter,No,Yes,Al Rawdah Branch,Children,Walk-In,Tuesday,2,21,0,Cool,0
2023-02-21,15,66.0,24.2,62.7,2.3,1706.0,3.4,0.0,Winter,No,Yes,University Branch,Children,Regular,Tuesday,2,21,0,Cool,0
2023-02-21,17,44.0,20.8,45.0,1.6,1845.0,1.75,0.0,Winter,No,Yes,University Branch,Fiction,Premium,Tuesday,2,21,1,Cool,0
2023-02-21,18,43.0,23.5,63.9,4.7,1413.0,0.56,0.0,Winter,No,Yes,Corniche Kiosk,Technology,Premium,Tuesday,2,21,1,Cool,0
2023-02-21,22,45.0,20.8,48.4,2.8,1357.0,0.0,0.0,Winter,No,Yes,Al Rawdah Branch,Technology,Student,Tuesday,2,21,0,Cool,0
2023-02-22,8,53.0,26.8,49.4,4.8,991.0,0.19,0.0,Winter,No,Yes,Al Rawdah Branch,Arabic Literature,Premium,Wednesday,2,22,0,Warm,0
2023-02-22,12,82.0,29.3,51.9,4.8,1469.0,0.95,0.0,Winter,No,Yes,University Branch,Non-Fiction,Student,Wednesday,2,22,0,Warm,0
2023-02-22,17,96.0,28.0,70.6,5.7,1772.0,3.49,2.8,Winter,No,Yes,University Branch,Business,Student,Wednesday,2,22,1,Warm,0
2023-02-22,19,101.0,26.4,67.4,5.6,1289.0,0.0,0.0,Winter,No,Yes,Downtown Central,Technology,Student,Wednesday,2,22,1,Warm,0
2023-02-22,21,22.0,26.5,49.1,1.1,1303.0,0.0,0.0,Winter,No,Yes,Corniche Kiosk,Fiction,Regular,Wednesday,2,22,0,Warm,0
2023-02-22,22,43.0,24.3,62.0,6.8,1874.0,0.0,0.0,Winter,No,Yes,Downtown Central,Non-Fiction,Walk-In,Wednesday,2,22,0,Cool,0
2023-02-23,8,48.0,25.4,60.4,5.1,850.0,1.72,1.6,Winter,No,Yes,Downtown Central,Technology,Walk-In,Thursday,2,23,0,Warm,0
2023-02-23,10,63.0,28.9,58.4,2.3,1981.0,0.12,0.0,Winter,No,Yes,University Branch,History,Walk-In,Thursday,2,23,1,Warm,0
2023-02-23,11,73.0,26.6,59.3,0.8,1521.0,1.49,0.0,Winter,No,Yes,Downtown Central,History,Walk-In,Thursday,2,23,1,Warm,0
2023-02-23,12,36.0,31.9,59.1,3.3,1639.0,0.07,0.0,Winter,No,Yes,Al Hamra Branch,Non-Fiction,Walk-In,Thursday,2,23,0,Warm,0
2023-02-23,13,68.0,30.4,60.2,2.5,880.0,2.76,0.0,Winter,No,Yes,University Branch,Non-Fiction,Regular,Thursday,2,23,0,Warm,0
2023-02-23,14,57.0,30.5,42.3,5.3,1450.0,2.81,0.0,Nan,No,Yes,Al Rawdah Branch,Science,Regular,Thursday,2,23,0,Warm,0
2023-02-23,17,49.0,27.2,59.1,2.2,1889.0,1.68,0.0,Winter,No,Yes,Corniche Kiosk,Arabic Literature,Student,Thursday,2,23,1,Warm,0
2023-02-23,18,39.0,28.9,69.6,4.2,1709.0,2.94,0.0,Winter,No,Yes,Corniche Kiosk,Science,Walk-In,Thursday,2,23,1,Warm,0
2023-02-23,19,73.0,26.7,53.5,2.6,1517.0,0.0,0.0,Winter,No,Yes,Al Rawdah Branch,Science,Premium,Thursday,2,23,1,Warm,0
2023-02-24,9,29.0,24.7,69.5,1.9,1921.0,3.25,0.0,Winter,Yes,Yes,Corniche Kiosk,Technology,Walk-In,Friday,2,24,1,Cool,1
2023-02-24,10,23.0,26.6,74.3,2.0,1870.0,1.98,1.7,Winter,Yes,Yes,Corniche Kiosk,Technology,Premium,Friday,2,24,1,Warm,1
2023-02-24,11,57.0,32.2,49.3,1.2,1814.0,0.77,0.0,Winter,Yes,Yes,Al Rawdah Branch,Science,Student,Friday,2,24,1,Warm,1
2023-02-24,12,42.0,29.5,48.9,3.8,1850.0,1.2,2.5,Winter,Yes,Yes,University Branch,Business,Student,Friday,2,24,0,Warm,1
2023-02-24,13,44.0,28.6,66.9,3.1,1257.0,1.72,0.0,Winter,Yes,Yes,University Branch,Non-Fiction,Walk-In,Friday,2,24,0,Warm,1
2023-02-24,16,82.0,27.5,59.8,1.1,1918.0,1.59,0.0,Winter,Yes,Yes,University Branch,Technology,Student,Friday,2,24,1,Warm,1
2023-02-24,17,65.0,32.2,46.7,1.8,949.0,1.62,0.0,Winter,Yes,Yes,Al Rawdah Branch,Science,Student,Friday,2,24,1,Warm,1
2023-02-24,18,70.0,25.0,42.2,2.4,1568.0,2.64,0.0,Winter,Yes,Yes,University Branch,Science,Regular,Friday,2,24,1,Warm,1
2023-02-24,19,58.0,24.6,37.0,8.0,1810.0,0.0,0.0,Winter,Yes,Yes,University Branch,Arabic Literature,Walk-In,Friday,2,24,1,Cool,1
2023-02-25,8,46.0,21.2,70.3,0.9,1358.0,1.35,0.0,Winter,No,Yes,University Branch,Non-Fiction,Premium,Saturday,2,25,0,Cool,1
2023-02-25,10,60.0,21.7,67.6,5.2,1142.0,0.18,0.0,Winter,No,Yes,Downtown Central,Business,Walk-In,Saturday,2,25,1,Cool,1
2023-02-25,11,58.0,22.4,46.9,0.8,815.0,0.47,0.0,Winter,No,Yes,Al Rawdah Branch,Arabic Literature,Student,Saturday,2,25,1,Cool,1
2023-02-25,14,50.0,24.6,61.0,4.8,1458.0,3.15,0.0,Winter,No,Yes,Al Hamra Branch,Science,Premium,Saturday,2,25,0,Cool,1
2023-02-25,15,32.0,26.1,52.2,4.0,984.0,0.35,0.0,Nan,No,Yes,Al Hamra Branch,Arabic Literature,Walk-In,Saturday,2,25,0,Warm,1
2023-02-25,19,36.0,22.0,74.4,3.5,1819.0,0.0,0.0,Winter,No,Yes,Corniche Kiosk,Science,Premium,Saturday,2,25,1,Cool,1
2023-02-25,21,14.0,18.9,73.1,5.6,1399.0,0.0,0.0,Winter,No,Yes,Corniche Kiosk,Non-Fiction,Regular,Saturday,2,25,0,Cool,1
2023-02-25,22,26.0,19.9,66.4,6.3,1418.0,0.0,0.0,Winter,No,Yes,Al Rawdah Branch,Technology,Regular,Saturday,2,25,0,Cool,1
2023-02-26,9,39.0,23.0,49.8,2.3,1378.0,1.43,0.0,Winter,Yes,Yes,Corniche Kiosk,Technology,Student,Sunday,2,26,1,Cool,0
2023-02-26,10,45.0,26.1,76.0,7.0,1021.0,3.04,0.0,Winter,Yes,Yes,Al Hamra Branch,Arabic Literature,Regular,Sunday,2,26,1,Warm,0
2023-02-26,15,29.0,28.6,68.9,2.1,1199.0,2.31,0.0,Winter,Yes,Yes,Corniche Kiosk,Technology,Walk-In,Sunday,2,26,0,Warm,0
2023-02-26,19,20.0,32.2,76.7,5.1,1077.0,0.0,0.0,Winter,Yes,Yes,Corniche Kiosk,History,Walk-In,Sunday,2,26,1,Warm,0
2023-02-26,21,23.0,24.6,58.3,4.3,1943.0,0.0,0.0,Winter,Yes,Yes,Al Hamra Branch,Fiction,Walk-In,Sunday,2,26,0,Cool,0
2023-02-26,22,24.0,22.9,64.7,3.6,1887.0,0.0,0.0,Winter,Yes,Yes,Al Rawdah Branch,Children,Regular,Sunday,2,26,0,Cool,0
2023-02-27,8,72.0,20.3,50.5,7.6,1670.0,3.19,0.0,Winter,No,Yes,Downtown Central,Non-Fiction,Student,Monday,2,27,0,Cool,0
2023-02-27,9,82.0,21.3,76.6,6.8,1399.0,2.73,0.0,Winter,No,Yes,University Branch,Arabic Literature,Premium,Monday,2,27,1,Cool,0
2023-02-27,10,41.0,22.9,40.4,4.2,1995.0,2.54,0.0,Winter,No,Yes,Corniche Kiosk,Fiction,Premium,Monday,2,27,1,Cool,0
2023-02-27,12,37.0,25.4,38.8,1.9,912.0,0.48,0.0,Winter,No,Yes,Corniche Kiosk,Non-Fiction,Premium,Monday,2,27,0,Warm,0
2023-02-27,15,45.0,26.8,63.2,5.4,921.0,1.41,0.0,Winter,No,Yes,Al Hamra Branch,Arabic Literature,Regular,Monday,2,27,0,Warm,0
2023-02-27,16,32.0,25.9,71.6,0.6,1062.0,2.48,0.0,Winter,No,Yes,Corniche Kiosk,History,Walk-In,Monday,2,27,1,Warm,0
2023-02-27,17,107.0,22.1,52.3,1.4,1304.0,2.27,0.0,Winter,No,Yes,Downtown Central,Arabic Literature,Student,Monday,2,27,1,Cool,0
2023-02-27,18,85.0,21.5,63.5,3.1,1336.0,0.51,0.0,Winter,No,Yes,Downtown Central,Children,Nan,Monday,2,27,1,Cool,0
2023-02-27,20,55.0,32.2,46.0,0.9,1350.0,0.0,0.0,Winter,No,Yes,University Branch,Non-Fiction,Premium,Monday,2,27,0,Warm,0
2023-02-27,22,48.0,19.9,54.2,7.6,1412.0,0.0,0.0,Winter,No,Yes,Downtown Central,Technology,Premium,Monday,2,27,0,Cool,0
2023-02-28,8,56.0,24.3,48.9,5.9,1310.0,2.44,0.0,Winter,No,Yes,Al Rawdah Branch,Arabic Literature,Nan,Tuesday,2,28,0,Cool,0
2023-02-28,10,72.0,26.5,61.9,7.9,1458.0,2.51,0.0,Winter,No,Yes,Al Rawdah Branch,History,Premium,Tuesday,2,28,1,Warm,0
2023-02-28,13,61.0,28.6,54.4,4.2,1709.0,2.55,0.0,Winter,No,Yes,University Branch,History,Walk-In,Tuesday,2,28,0,Warm,0
2023-02-28,14,29.0,28.0,49.6,2.0,1154.0,0.21,0.0,Winter,No,Yes,Corniche Kiosk,Science,Regular,Tuesday,2,28,0,Warm,0
2023-02-28,16,56.0,28.2,63.9,1.7,930.0,0.8,0.0,Winter,No,Yes,Al Hamra Branch,Children,Walk-In,Tuesday,2,28,1,Warm,0
2023-02-28,18,92.0,27.5,46.0,7.3,1076.0,2.45,0.0,Winter,No,Yes,Downtown Central,Business,Walk-In,Tuesday,2,28,1,Warm,0
2023-02-28,19,77.0,25.7,48.0,1.8,1313.0,0.0,0.0,Winter,No,Yes,Al Rawdah Branch,Science,Student,Tuesday,2,28,1,Warm,0
2023-02-28,21,35.0,23.0,53.9,6.6,1503.0,0.0,0.0,Winter,No,Yes,Al Rawdah Branch,Business,Regular,Tuesday,2,28,0,Cool,0
2023-02-28,22,65.0,32.2,61.8,4.1,1389.0,0.0,0.0,Winter,No,Yes,Downtown Central,Science,Student,Tuesday,2,28,0,Warm,0
2023-03-01,8,53.0,30.6,66.2,0.8,1657.0,2.19,1.0,Spring,No,Yes,University Branch,Business,Premium,Wednesday,3,1,0,Warm,0
2023-03-01,11,55.0,30.1,59.5,6.9,1013.0,3.32,0.0,Spring,No,Yes,Al Rawdah Branch,History,Walk-In,Wednesday,3,1,1,Warm,0
2023-03-01,12,54.0,33.5,68.7,3.7,925.0,3.36,0.0,Spring,No,Yes,University Branch,Fiction,Walk-In,Wednesday,3,1,0,Warm,0
2023-03-01,13,35.0,33.2,41.7,3.6,1136.0,1.02,0.0,Spring,No,Yes,Corniche Kiosk,Fiction,Student,Wednesday,3,1,0,Warm,0
2023-03-01,16,92.0,33.8,65.3,6.7,1109.0,1.1,0.0,Spring,No,Yes,University Branch,History,Student,Wednesday,3,1,1,Warm,0
2023-03-01,18,83.0,30.2,49.6,1.1,901.0,2.63,0.0,Spring,No,Yes,University Branch,Children,Walk-In,Wednesday,3,1,1,Warm,0
2023-03-01,19,36.0,32.2,53.1,4.2,1675.0,0.0,0.0,Spring,No,Yes,Corniche Kiosk,Non-Fiction,Walk-In,Wednesday,3,1,1,Warm,0
2023-03-01,20,57.0,29.7,47.3,1.5,1996.0,0.0,0.0,Spring,No,Yes,Al Rawdah Branch,History,Student,Wednesday,3,1,0,Warm,0
2023-03-02,8,73.0,29.5,51.6,5.1,1782.0,2.67,0.0,Spring,No,Yes,University Branch,Non-Fiction,Premium,Thursday,3,2,0,Warm,0
2023-03-02,9,101.0,27.5,56.0,6.1,848.0,0.85,0.0,Spring,No,Yes,Downtown Central,Business,Student,Thursday,3,2,1,Warm,0
2023-03-02,10,52.0,30.6,40.2,4.8,1922.0,2.5,0.0,Spring,No,Yes,Al Hamra Branch,Science,Walk-In,Thursday,3,2,1,Warm,0
2023-03-02,11,68.0,31.5,50.7,3.2,1261.0,3.33,0.0,Spring,No,Yes,Al Hamra Branch,Non-Fiction,Premium,Thursday,3,2,1,Warm,0
2023-03-02,12,80.0,34.0,74.4,3.5,941.0,2.67,0.0,Spring,No,Yes,Downtown Central,Business,Student,Thursday,3,2,0,Warm,0
2023-03-02,14,33.0,34.3,76.0,7.2,941.0,0.5,0.0,Spring,No,Yes,Corniche Kiosk,Arabic Literature,Premium,Thursday,3,2,0,Warm,0
2023-03-02,16,100.0,34.3,73.5,6.6,1176.0,1.18,0.0,Spring,No,Yes,Downtown Central,Technology,Student,Thursday,3,2,1,Warm,0
2023-03-02,17,41.0,29.0,45.3,6.2,1405.0,0.26,0.0,Spring,No,Yes,Corniche Kiosk,Children,Regular,Thursday,3,2,1,Warm,0
2023-03-02,18,114.0,30.0,60.0,7.2,1329.0,2.1,0.0,Spring,No,Yes,Downtown Central,Business,Student,Thursday,3,2,1,Warm,0
2023-03-02,19,75.0,31.2,48.2,4.4,1440.0,0.0,0.0,Spring,No,Yes,Al Rawdah Branch,History,Student,Thursday,3,2,1,Warm,0
2023-03-02,22,58.0,28.0,46.9,6.7,1975.0,0.0,0.0,Spring,No,Yes,University Branch,Business,Premium,Thursday,3,2,0,Warm,0
2023-03-03,9,75.0,28.1,65.9,4.4,1898.0,0.26,0.0,Spring,Yes,Yes,Downtown Central,Business,Student,Friday,3,3,1,Warm,1
2023-03-03,11,24.0,29.4,46.4,2.2,1700.0,3.36,3.9,Spring,No,Yes,Corniche Kiosk,Arabic Literature,Walk-In,Friday,3,3,1,Warm,1
2023-03-03,12,34.0,31.0,54.0,1.1,1272.0,3.06,0.0,Spring,Yes,Yes,Al Hamra Branch,Business,Regular,Friday,3,3,0,Warm,1
2023-03-03,14,37.0,31.2,54.3,1.7,1871.0,0.13,0.0,Spring,Yes,Yes,Downtown Central,History,Walk-In,Friday,3,3,0,Warm,1
2023-03-03,15,30.0,32.8,73.9,3.8,1228.0,0.63,0.0,Spring,Yes,Yes,University Branch,Business,Walk-In,Friday,3,3,0,Warm,1
2023-03-03,16,66.0,31.8,73.0,1.5,1419.0,0.69,0.0,Spring,Yes,Yes,Downtown Central,Children,Nan,Friday,3,3,1,Warm,1
2023-03-03,17,57.0,28.2,61.7,3.1,1249.0,0.88,0.0,Spring,Yes,Yes,University Branch,Business,Walk-In,Friday,3,3,1,Warm,1
2023-03-03,18,78.0,27.8,44.6,3.0,1440.0,1.18,0.0,Spring,Yes,Yes,University Branch,Science,Premium,Friday,3,3,1,Warm,1
2023-03-03,19,58.0,29.3,62.7,7.6,1470.0,0.0,1.6,Spring,Yes,Yes,University Branch,Technology,Nan,Friday,3,3,1,Warm,1
2023-03-04,9,51.0,27.3,68.4,6.8,1429.0,0.83,0.0,Spring,No,Yes,Al Hamra Branch,Fiction,Regular,Saturday,3,4,1,Warm,1
2023-03-04,10,29.0,26.8,62.0,4.1,1126.0,0.45,0.0,Spring,No,Yes,Corniche Kiosk,Children,Walk-In,Saturday,3,4,1,Warm,1
2023-03-04,11,66.0,28.8,63.8,3.0,1506.0,3.38,0.0,Spring,No,Yes,Al Hamra Branch,Technology,Student,Saturday,3,4,1,Warm,1
2023-03-04,12,52.0,29.8,49.7,6.7,1989.0,0.41,0.0,Spring,No,Yes,Al Hamra Branch,Non-Fiction,Student,Saturday,3,4,0,Warm,1
2023-03-04,13,74.0,30.3,57.1,3.8,1939.0,2.25,0.0,Spring,No,Yes,Downtown Central,Science,Premium,Saturday,3,4,0,Warm,1
2023-03-04,19,69.0,29.2,63.8,5.2,871.0,0.0,0.0,Spring,No,Yes,Downtown Central,History,Walk-In,Saturday,3,4,1,Warm,1
2023-03-04,20,59.0,25.7,74.6,2.9,1542.0,0.0,0.0,Spring,No,Yes,University Branch,Arabic Literature,Student,Saturday,3,4,0,Warm,1
2023-03-04,21,45.0,27.4,48.1,4.8,1480.0,0.0,0.0,Spring,No,Yes,University Branch,Science,Regular,Saturday,3,4,0,Warm,1
2023-03-04,22,24.0,26.1,64.9,7.1,1063.0,0.0,0.0,Spring,No,Yes,Al Hamra Branch,History,Regular,Saturday,3,4,0,Warm,1
2023-03-05,9,58.0,27.8,54.5,0.7,1610.0,3.4,0.0,Spring,No,Yes,Al Hamra Branch,Arabic Literature,Regular,Sunday,3,5,1,Warm,0
2023-03-05,10,73.0,28.9,49.4,6.8,1701.0,3.49,0.0,Spring,No,Yes,Al Rawdah Branch,Fiction,Premium,Sunday,3,5,1,Warm,0
2023-03-05,11,68.0,28.9,50.1,4.2,1699.0,2.32,0.0,Nan,No,Yes,Al Rawdah Branch,Business,Premium,Sunday,3,5,1,Warm,0
2023-03-05,12,61.0,32.0,64.1,4.0,1592.0,0.19,0.0,Spring,No,Yes,Downtown Central,Non-Fiction,Regular,Sunday,3,5,0,Warm,0
2023-03-05,13,58.0,30.5,50.4,0.6,1015.0,2.28,0.0,Spring,No,Yes,Al Hamra Branch,Non-Fiction,Student,Sunday,3,5,0,Warm,0
2023-03-05,14,59.0,31.1,76.1,6.8,879.0,2.6,0.0,Spring,No,Yes,Al Rawdah Branch,Children,Student,Sunday,3,5,0,Warm,0
2023-03-05,15,25.0,30.2,62.6,1.6,1378.0,0.19,0.0,Spring,No,Yes,Corniche Kiosk,Science,Walk-In,Sunday,3,5,0,Warm,0
2023-03-05,19,67.0,29.4,65.4,2.2,1652.0,0.0,0.0,Spring,No,Yes,Al Rawdah Branch,Fiction,Regular,Sunday,3,5,1,Warm,0
2023-03-05,21,51.0,27.8,52.2,1.5,1772.0,0.0,0.0,Spring,No,Yes,Downtown Central,Non-Fiction,Regular,Sunday,3,5,0,Warm,0
2023-03-05,22,54.0,27.0,52.2,0.7,1664.0,0.0,0.0,Spring,No,Yes,Downtown Central,Business,Regular,Sunday,3,5,0,Warm,0
2023-03-06,8,54.0,23.4,58.0,8.0,1764.0,2.72,0.0,Spring,No,Yes,Al Rawdah Branch,Business,Premium,Monday,3,6,0,Cool,0
2023-03-06,11,47.0,25.1,55.5,4.0,1897.0,0.13,0.0,Spring,No,Yes,Al Hamra Branch,History,Regular,Monday,3,6,1,Warm,0
2023-03-06,12,58.0,29.5,61.5,6.4,1435.0,1.72,0.0,Spring,No,Yes,Downtown Central,History,Walk-In,Monday,3,6,0,Warm,0
2023-03-06,13,67.0,30.0,75.5,5.0,1499.0,3.19,0.0,Spring,No,Yes,University Branch,Fiction,Regular,Monday,3,6,0,Warm,0
2023-03-06,14,82.0,27.8,69.4,1.2,1917.0,3.28,0.0,Spring,No,Yes,Downtown Central,History,Premium,Monday,3,6,0,Warm,0
2023-03-06,15,69.0,30.3,78.2,7.2,1165.0,0.48,0.0,Spring,No,Yes,University Branch,Children,Student,Monday,3,6,0,Warm,0
2023-03-06,16,49.0,29.5,44.7,1.1,989.0,3.12,0.0,Spring,No,Yes,Corniche Kiosk,Technology,Student,Monday,3,6,1,Warm,0
2023-03-06,17,42.0,25.8,45.5,5.3,1012.0,0.99,0.0,Spring,No,Yes,Corniche Kiosk,History,Premium,Monday,3,6,1,Warm,0
2023-03-06,18,62.0,26.9,72.0,2.5,1414.0,0.53,0.0,Spring,No,Yes,Al Rawdah Branch,Children,Nan,Monday,3,6,1,Warm,0
2023-03-06,21,56.0,25.7,50.3,7.9,1433.0,0.0,0.0,Spring,No,Yes,Downtown Central,Arabic Literature,Regular,Monday,3,6,0,Warm,0
2023-03-07,8,71.0,25.8,69.3,7.3,1232.0,3.35,0.0,Spring,No,Yes,University Branch,Science,Premium,Tuesday,3,7,0,Warm,0
2023-03-07,9,40.0,26.9,62.5,7.7,1675.0,3.03,0.0,Spring,No,Yes,Corniche Kiosk,Science,Regular,Tuesday,3,7,1,Warm,0
2023-03-07,10,89.0,28.4,64.9,2.8,1408.0,1.99,0.0,Spring,No,Yes,Downtown Central,Children,Premium,Tuesday,3,7,1,Warm,0
2023-03-07,11,71.0,28.8,48.9,6.1,1466.0,1.085,0.0,Spring,No,Yes,Al Rawdah Branch,Arabic Literature,Student,Tuesday,3,7,1,Warm,0
2023-03-07,12,53.0,31.7,53.6,7.0,1536.0,1.51,0.0,Spring,No,Yes,Al Hamra Branch,Arabic Literature,Premium,Tuesday,3,7,0,Warm,0
2023-03-07,13,52.0,32.0,48.1,3.4,957.0,1.085,0.0,Spring,No,Yes,Al Hamra Branch,Technology,Regular,Tuesday,3,7,0,Warm,0
2023-03-07,16,52.0,31.6,47.2,2.9,881.0,0.1,0.0,Spring,No,Yes,Al Hamra Branch,Non-Fiction,Regular,Tuesday,3,7,1,Warm,0
2023-03-07,17,76.0,27.2,65.3,3.8,1743.0,0.05,0.0,Spring,No,Yes,University Branch,Science,Walk-In,Tuesday,3,7,1,Warm,0
2023-03-08,8,60.0,29.3,69.4,6.1,1940.0,0.17,0.0,Spring,No,Yes,University Branch,Technology,Premium,Wednesday,3,8,0,Warm,0
2023-03-08,9,73.0,30.8,59.8,3.5,1048.0,2.33,0.0,Spring,No,Yes,Al Rawdah Branch,Business,Nan,Wednesday,3,8,1,Warm,0
2023-03-08,10,75.0,31.7,42.3,6.4,1075.0,2.52,0.0,Spring,No,Yes,Al Rawdah Branch,Technology,Student,Wednesday,3,8,1,Warm,0
2023-03-08,12,84.0,34.8,50.2,0.9,1438.0,2.87,0.0,Spring,No,Yes,Downtown Central,Business,Student,Wednesday,3,8,0,Warm,0
2023-03-08,13,34.0,34.7,65.2,4.5,1732.0,3.1,0.0,Spring,No,Yes,Corniche Kiosk,Fiction,Premium,Wednesday,3,8,0,Warm,0
2023-03-08,16,83.0,35.3,63.6,1.7,1083.0,1.99,0.0,Spring,No,Yes,Downtown Central,Business,Regular,Wednesday,3,8,1,Hot,0
2023-03-08,17,38.0,29.9,63.1,3.8,938.0,3.19,0.0,Spring,No,Yes,Corniche Kiosk,Business,Walk-In,Wednesday,3,8,1,Warm,0
2023-03-08,18,99.0,32.1,55.6,2.9,1290.0,3.44,0.0,Spring,No,Yes,Downtown Central,Fiction,Regular,Wednesday,3,8,1,Warm,0
2023-03-08,19,53.0,32.7,62.6,4.2,816.0,0.0,0.0,Nan,No,Yes,Al Hamra Branch,Technology,Regular,Wednesday,3,8,1,Warm,0
2023-03-08,20,45.0,29.1,47.6,3.3,1671.0,0.0,0.0,Spring,No,Yes,University Branch,Science,Walk-In,Wednesday,3,8,0,Warm,0
2023-03-08,21,42.0,28.9,70.2,7.2,828.0,0.0,0.0,Spring,No,Yes,Al Rawdah Branch,Fiction,Regular,Wednesday,3,8,0,Warm,0
2023-03-08,22,52.0,29.2,49.9,7.7,1353.0,0.0,0.0,Spring,No,Yes,Downtown Central,Science,Walk-In,Wednesday,3,8,0,Warm,0
2023-03-09,9,48.0,30.4,56.4,0.8,1322.0,1.77,2.9,Spring,No,Yes,Al Rawdah Branch,Children,Walk-In,Thursday,3,9,1,Warm,0
2023-03-09,10,39.0,31.4,68.1,0.5,907.0,1.82,0.0,Spring,No,Yes,Corniche Kiosk,Science,Student,Thursday,3,9,1,Warm,0
2023-03-09,12,79.0,33.7,64.8,5.1,1813.0,3.1,0.0,Spring,No,Yes,Downtown Central,Children,Student,Thursday,3,9,0,Warm,0
2023-03-09,13,41.0,33.6,60.5,4.7,1193.0,1.03,0.0,Spring,No,Yes,Al Rawdah Branch,Business,Walk-In,Thursday,3,9,0,Warm,0
2023-03-09,16,36.0,35.8,46.9,5.9,885.0,0.9,1.8,Spring,No,Yes,Corniche Kiosk,Arabic Literature,Student,Thursday,3,9,1,Hot,0
2023-03-09,19,40.0,31.7,57.8,5.9,1102.0,0.0,0.0,Spring,No,Yes,Corniche Kiosk,History,Premium,Thursday,3,9,1,Warm,0
2023-03-09,20,70.0,30.2,51.0,3.5,1047.0,0.0,0.0,Spring,No,Yes,Downtown Central,Fiction,Premium,Thursday,3,9,0,Warm,0
2023-03-09,22,59.0,30.5,54.5,5.7,1013.0,0.0,0.0,Spring,No,Yes,University Branch,Children,Student,Thursday,3,9,0,Warm,0
2023-03-10,9,32.0,32.8,55.1,5.6,1506.0,1.54,0.0,Spring,Yes,Yes,Al Hamra Branch,Fiction,Walk-In,Friday,3,10,1,Warm,1
2023-03-10,10,70.0,35.0,66.5,6.3,815.0,2.42,0.0,Spring,Yes,Yes,Downtown Central,Technology,Premium,Friday,3,10,1,Warm,1
2023-03-10,11,44.0,33.7,54.6,7.3,1623.0,1.19,1.9,Spring,Yes,Yes,Downtown Central,Fiction,Walk-In,Friday,3,10,1,Warm,1
2023-03-10,21,24.0,30.9,61.7,5.5,1487.0,0.0,0.0,Spring,Yes,Yes,Al Rawdah Branch,History,Premium,Friday,3,10,0,Warm,1
2023-03-10,22,24.0,31.2,58.5,5.1,808.0,0.0,0.0,Spring,Yes,Yes,Al Hamra Branch,Business,Premium,Friday,3,10,0,Warm,1
2023-03-11,9,58.0,32.7,51.5,5.0,801.0,1.56,0.0,Spring,No,Yes,Al Hamra Branch,Science,Student,Saturday,3,11,1,Warm,1
2023-03-11,10,32.0,35.6,54.7,3.3,1460.0,0.29,0.0,Spring,No,Yes,Al Hamra Branch,Business,Walk-In,Saturday,3,11,1,Hot,1
2023-03-11,13,46.0,37.9,43.1,7.7,1232.0,2.11,0.0,Spring,No,Yes,Downtown Central,Science,Regular,Saturday,3,11,0,Hot,1
2023-03-11,15,40.0,38.6,56.8,7.1,1289.0,1.39,4.9,Spring,No,Yes,Downtown Central,Children,Student,Saturday,3,11,0,Hot,1
2023-03-11,16,26.0,36.4,73.9,7.7,1062.0,3.3,1.2,Spring,No,Yes,Corniche Kiosk,Technology,Regular,Saturday,3,11,1,Hot,1
2023-03-11,21,48.0,34.0,38.8,3.5,984.0,0.0,0.0,Spring,No,Yes,University Branch,Children,Premium,Saturday,3,11,0,Warm,1
2023-03-12,9,73.0,31.8,47.1,6.9,1563.0,3.34,0.0,Spring,No,Yes,University Branch,Non-Fiction,Walk-In,Sunday,3,12,1,Warm,0
2023-03-12,10,85.0,33.5,48.4,4.5,1070.0,0.91,0.0,Spring,No,Yes,Downtown Central,History,Regular,Sunday,3,12,1,Warm,0
2023-03-12,11,58.0,33.8,71.0,5.3,1936.0,1.26,0.0,Spring,No,Yes,Al Hamra Branch,Business,Premium,Sunday,3,12,1,Warm,0
2023-03-12,12,27.0,38.7,46.6,3.1,1713.0,2.09,0.0,Spring,No,Yes,Al Hamra Branch,Arabic Literature,Walk-In,Sunday,3,12,0,Hot,0
2023-03-12,13,40.0,36.6,64.3,3.6,940.0,2.72,0.0,Spring,No,Yes,Al Rawdah Branch,Fiction,Walk-In,Sunday,3,12,0,Hot,0
2023-03-12,14,33.0,37.6,47.6,2.6,988.0,1.27,0.0,Spring,No,Yes,Al Hamra Branch,Science,Walk-In,Sunday,3,12,0,Hot,0
2023-03-12,15,52.0,38.7,52.5,3.7,1618.0,1.42,0.0,Spring,No,Yes,Downtown Central,Non-Fiction,Premium,Sunday,3,12,0,Hot,0
2023-03-12,16,74.0,38.5,42.5,2.8,1184.0,2.32,0.0,Spring,No,Yes,Downtown Central,Arabic Literature,Regular,Sunday,3,12,1,Hot,0
2023-03-12,18,65.0,35.7,42.4,4.8,1557.0,1.7,0.0,Spring,No,Yes,Al Rawdah Branch,Children,Premium,Sunday,3,12,1,Hot,0
2023-03-12,19,76.0,35.5,64.6,3.2,955.0,0.0,0.0,Spring,No,Yes,Downtown Central,Children,Regular,Sunday,3,12,1,Hot,0
2023-03-12,20,32.0,33.8,71.5,7.7,1613.0,0.0,0.0,Spring,No,Yes,Al Rawdah Branch,Non-Fiction,Walk-In,Sunday,3,12,0,Warm,0
2023-03-12,22,38.0,33.8,72.3,5.3,1705.0,0.0,0.0,Spring,No,Yes,Al Rawdah Branch,Children,Student,Sunday,3,12,0,Warm,0
2023-03-13,8,50.0,32.5,48.6,2.8,946.0,1.97,0.0,Spring,No,Yes,Downtown Central,History,Walk-In,Monday,3,13,0,Warm,0
2023-03-13,9,45.0,32.4,38.2,7.8,1121.0,0.27,0.0,Spring,No,Yes,Al Hamra Branch,Children,Walk-In,Monday,3,13,1,Warm,0
2023-03-13,11,49.0,35.1,53.7,5.5,980.0,0.26,0.0,Spring,No,Yes,Al Rawdah Branch,Arabic Literature,Walk-In,Monday,3,13,1,Hot,0
2023-03-13,12,48.0,36.9,52.6,4.5,1546.0,2.27,0.0,Spring,No,Yes,Al Rawdah Branch,History,Premium,Monday,3,13,0,Hot,0
2023-03-13,14,20.0,36.3,51.3,6.5,1141.0,0.02,0.7,Spring,No,Yes,Corniche Kiosk,Business,Walk-In,Monday,3,13,0,Hot,0
2023-03-13,15,53.0,35.6,46.7,2.2,1039.0,2.06,0.0,Spring,No,Yes,Al Hamra Branch,Arabic Literature,Student,Monday,3,13,0,Hot,0
2023-03-13,18,31.0,33.4,78.1,5.1,1899.0,2.17,0.0,Spring,No,Yes,Corniche Kiosk,Children,Walk-In,Monday,3,13,1,Warm,0
2023-03-13,19,40.0,34.3,49.6,6.8,1934.0,0.0,0.0,Spring,No,Yes,Corniche Kiosk,Business,Premium,Monday,3,13,1,Warm,0
2023-03-13,21,66.0,32.8,61.9,2.5,1099.0,0.0,0.0,Spring,No,Yes,Downtown Central,Business,Student,Monday,3,13,0,Warm,0
2023-03-13,22,24.0,30.5,51.2,6.9,1258.0,0.0,0.0,Spring,No,Yes,Corniche Kiosk,History,Regular,Monday,3,13,0,Warm,0
2023-03-14,9,66.0,27.8,49.4,2.2,1450.0,1.3,0.0,Spring,No,Yes,Al Hamra Branch,Science,Student,Tuesday,3,14,1,Warm,0
2023-03-14,10,60.0,31.2,57.1,6.7,839.0,2.77,0.0,Spring,No,Yes,Al Hamra Branch,Science,Premium,Tuesday,3,14,1,Warm,0
2023-03-14,11,70.0,28.9,46.3,7.6,1307.0,1.18,0.0,Spring,No,Yes,Al Hamra Branch,Science,Student,Tuesday,3,14,1,Warm,0
2023-03-14,12,69.0,32.2,74.4,3.2,1779.0,1.53,0.0,Spring,No,Yes,University Branch,Children,Premium,Tuesday,3,14,0,Warm,0
2023-03-14,13,96.0,32.7,47.1,4.9,1690.0,3.5,0.0,Spring,No,Yes,Downtown Central,Business,Student,Tuesday,3,14,0,Warm,0
2023-03-14,16,48.0,33.3,68.0,5.2,1799.0,3.28,0.0,Spring,No,Yes,Al Hamra Branch,Fiction,Walk-In,Tuesday,3,14,1,Warm,0
2023-03-14,18,98.0,29.6,60.1,7.6,1383.0,2.2,0.0,Nan,No,Yes,Downtown Central,Science,Regular,Tuesday,3,14,1,Warm,0
2023-03-14,19,61.0,31.4,58.9,6.5,1919.0,0.0,0.0,Spring,No,Yes,Al Hamra Branch,Non-Fiction,Premium,Tuesday,3,14,1,Warm,0
2023-03-14,20,43.0,27.9,54.3,4.9,1575.0,0.0,0.0,Spring,No,Yes,Al Rawdah Branch,History,Regular,Tuesday,3,14,0,Warm,0
2023-03-14,22,33.0,28.6,53.3,3.1,1534.0,0.0,0.0,Spring,No,Yes,Al Rawdah Branch,Business,Walk-In,Tuesday,3,14,0,Warm,0
2023-03-15,8,38.0,27.5,74.6,3.6,850.0,2.07,0.0,Spring,No,Yes,Corniche Kiosk,Arabic Literature,Student,Wednesday,3,15,0,Warm,0
2023-03-15,10,48.0,28.8,43.2,5.4,1712.0,0.14,0.0,Spring,No,Yes,Corniche Kiosk,History,Student,Wednesday,3,15,1,Warm,0
2023-03-15,12,51.0,31.8,60.7,2.5,1445.0,1.36,0.0,Spring,No,Yes,Al Rawdah Branch,Fiction,Regular,Wednesday,3,15,0,Warm,0
2023-03-15,13,83.0,31.8,51.5,2.7,1016.0,2.14,0.0,Spring,No,Yes,University Branch,Science,Student,Wednesday,3,15,0,Warm,0
2023-03-15,14,50.0,34.0,55.3,7.8,1133.0,2.42,0.0,Spring,No,Yes,Al Rawdah Branch,History,Regular,Wednesday,3,15,0,Warm,0
2023-03-15,17,125.0,29.5,44.7,2.5,1864.0,3.15,0.0,Spring,No,Yes,Downtown Central,Children,Student,Wednesday,3,15,1,Warm,0
2023-03-15,18,91.0,30.3,56.4,7.7,1057.0,1.69,0.0,Spring,No,Yes,Downtown Central,Children,Regular,Wednesday,3,15,1,Warm,0
2023-03-15,20,33.0,27.2,57.3,4.6,1410.0,0.0,0.0,Spring,No,Yes,Al Hamra Branch,Science,Walk-In,Wednesday,3,15,0,Warm,0
2023-03-15,21,40.0,28.1,45.1,2.5,1724.0,0.0,0.0,Spring,No,Yes,University Branch,Business,Walk-In,Wednesday,3,15,0,Warm,0
2023-03-15,22,40.0,27.6,67.6,4.5,1716.0,0.0,0.0,Spring,No,Yes,Al Hamra Branch,Non-Fiction,Student,Wednesday,3,15,0,Warm,0
2023-03-16,8,24.0,31.8,60.3,2.8,1616.0,0.89,0.0,Spring,No,Yes,Corniche Kiosk,Technology,Walk-In,Thursday,3,16,0,Warm,0
2023-03-16,9,37.0,31.0,55.7,2.7,812.0,2.12,0.0,Spring,No,Yes,Corniche Kiosk,Arabic Literature,Regular,Thursday,3,16,1,Warm,0
2023-03-16,14,21.0,37.8,57.0,5.5,849.0,1.69,0.0,Spring,No,Yes,Corniche Kiosk,History,Walk-In,Thursday,3,16,0,Hot,0
2023-03-16,15,55.0,35.5,73.9,3.2,1044.0,3.19,0.0,Spring,No,Yes,University Branch,Technology,Regular,Thursday,3,16,0,Hot,0
2023-03-16,17,65.0,32.5,65.5,7.2,947.0,0.81,0.0,Spring,No,Yes,Al Hamra Branch,Technology,Student,Thursday,3,16,1,Warm,0
2023-03-16,19,57.0,33.9,66.9,7.5,1722.0,0.0,0.0,Spring,No,Yes,Al Rawdah Branch,Non-Fiction,Regular,Thursday,3,16,1,Warm,0
2023-03-16,20,55.0,30.8,43.5,4.2,1145.0,0.0,0.0,Spring,No,Yes,Al Rawdah Branch,Non-Fiction,Student,Thursday,3,16,0,Warm,0
2023-03-16,21,43.0,31.4,50.9,6.0,1541.0,0.0,0.0,Spring,No,Yes,Al Hamra Branch,Children,Student,Thursday,3,16,0,Warm,0
2023-03-17,10,79.0,28.0,72.9,6.9,1155.0,2.92,0.0,Spring,Yes,Yes,Downtown Central,Children,Premium,Friday,3,17,1,Warm,1
2023-03-17,11,53.0,32.2,59.2,1.9,1924.0,1.8,0.0,Spring,Yes,Yes,Al Rawdah Branch,Non-Fiction,Premium,Friday,3,17,1,Warm,1
2023-03-17,13,36.0,30.4,55.8,3.7,1374.0,1.02,0.0,Spring,Yes,Yes,University Branch,Non-Fiction,Walk-In,Friday,3,17,0,Warm,1
2023-03-17,15,44.0,31.9,63.0,5.7,935.0,1.86,0.0,Spring,Yes,Yes,University Branch,History,Regular,Friday,3,17,0,Warm,1
2023-03-17,18,77.0,29.1,66.2,3.8,1473.0,3.07,0.0,Spring,Yes,Yes,University Branch,Children,Premium,Friday,3,17,1,Warm,1
2023-03-17,19,37.0,27.6,64.9,7.2,1355.0,0.0,0.0,Spring,Yes,Yes,Corniche Kiosk,Technology,Premium,Friday,3,17,1,Warm,1
2023-03-17,20,23.0,25.3,53.5,4.2,1447.0,0.0,0.0,Spring,Yes,Yes,Al Hamra Branch,Fiction,Regular,Friday,3,17,0,Warm,1
2023-03-17,21,28.0,26.2,63.6,6.1,1446.0,0.0,3.6,Spring,Yes,Yes,Downtown Central,Children,Student,Friday,3,17,0,Warm,1
2023-03-18,8,29.0,30.4,68.8,5.9,1048.0,0.24,0.0,Spring,No,Yes,Corniche Kiosk,Business,Student,Saturday,3,18,0,Warm,1
2023-03-18,9,81.0,31.9,53.7,7.7,1340.0,0.86,0.0,Spring,No,Yes,University Branch,Arabic Literature,Student,Saturday,3,18,1,Warm,1
2023-03-18,12,25.0,36.4,52.8,2.4,1013.0,0.29,0.0,Spring,No,Yes,Al Hamra Branch,Non-Fiction,Walk-In,Saturday,3,18,0,Hot,1
2023-03-18,16,57.0,36.1,39.9,2.1,1117.0,1.7,0.0,Spring,No,Yes,Al Rawdah Branch,Non-Fiction,Premium,Saturday,3,18,1,Hot,1
2023-03-18,19,80.0,31.4,46.1,6.2,1134.0,0.0,0.0,Spring,No,Yes,University Branch,Technology,Premium,Saturday,3,18,1,Warm,1
2023-03-18,21,58.0,29.8,42.5,6.7,1125.0,0.0,0.0,Spring,No,Yes,Downtown Central,History,Premium,Saturday,3,18,0,Warm,1
2023-03-19,8,41.0,23.8,55.1,4.2,1909.0,0.24,0.0,Spring,No,Yes,Al Rawdah Branch,Non-Fiction,Regular,Sunday,3,19,0,Cool,0
2023-03-19,10,54.0,26.6,41.9,5.1,919.0,2.22,0.0,Spring,No,Yes,Al Hamra Branch,Business,Regular,Sunday,3,19,1,Warm,0
2023-03-19,11,78.0,25.9,47.1,0.9,1031.0,1.34,0.0,Spring,No,Yes,University Branch,History,Regular,Sunday,3,19,1,Warm,0
2023-03-19,14,57.0,30.5,55.5,4.0,1526.0,0.11,0.0,Spring,No,Yes,Al Rawdah Branch,Science,Premium,Sunday,3,19,0,Warm,0
2023-03-19,16,77.0,28.1,47.2,2.4,1844.0,1.085,0.0,Spring,No,Yes,University Branch,Non-Fiction,Walk-In,Sunday,3,19,1,Warm,0
2023-03-19,17,72.0,25.1,57.8,3.1,1058.0,2.06,0.0,Spring,No,Yes,Al Rawdah Branch,Fiction,Premium,Sunday,3,19,1,Warm,0
2023-03-19,18,102.0,27.5,49.2,6.7,1231.0,1.89,0.0,Spring,No,Yes,Downtown Central,Science,Regular,Sunday,3,19,1,Warm,0
2023-03-19,21,55.0,25.0,71.9,3.7,1057.0,0.0,0.0,Spring,No,Yes,Downtown Central,Fiction,Premium,Sunday,3,19,0,Warm,0
2023-03-20,10,39.0,33.5,54.8,4.2,1405.0,0.41,0.0,Spring,No,Yes,Corniche Kiosk,Arabic Literature,Premium,Monday,3,20,1,Warm,0
2023-03-20,11,30.0,34.4,56.1,6.1,1993.0,1.59,0.0,Spring,No,Yes,Corniche Kiosk,Fiction,Regular,Monday,3,20,1,Warm,0
2023-03-20,12,26.0,37.5,61.4,6.0,1688.0,2.16,0.0,Spring,No,Yes,Corniche Kiosk,Children,Premium,Monday,3,20,0,Hot,0
2023-03-20,13,55.0,38.4,62.7,3.8,1915.0,1.83,0.0,Spring,No,Yes,Downtown Central,Children,Premium,Monday,3,20,0,Hot,0
2023-03-20,15,29.0,36.6,68.9,3.5,1330.0,2.51,0.0,Spring,No,Yes,Corniche Kiosk,Science,Premium,Monday,3,20,0,Hot,0
2023-03-20,17,43.0,34.3,53.2,2.5,1190.0,0.48,0.0,Spring,No,Yes,Al Hamra Branch,History,Walk-In,Monday,3,20,1,Warm,0
2023-03-20,18,68.0,33.8,42.3,7.2,937.0,0.11,0.0,Spring,No,Yes,Al Rawdah Branch,History,Regular,Monday,3,20,1,Warm,0
2023-03-20,19,89.0,33.0,45.1,7.6,1658.0,0.0,3.7,Spring,No,Yes,University Branch,Children,Student,Monday,3,20,1,Warm,0
2023-03-20,20,45.0,31.4,55.0,6.5,1980.0,0.0,0.0,Spring,No,Yes,Al Hamra Branch,Business,Student,Monday,3,20,0,Warm,0
2023-03-21,9,93.0,28.2,72.5,2.7,1360.0,0.28,0.0,Spring,No,Yes,Downtown Central,History,Premium,Tuesday,3,21,1,Warm,0
2023-03-21,10,59.0,29.1,53.1,6.8,1526.0,2.63,0.0,Spring,No,Yes,Al Hamra Branch,Science,Regular,Tuesday,3,21,1,Warm,0
2023-03-21,11,59.0,30.7,67.6,7.0,1768.0,2.53,0.0,Spring,No,Yes,Al Hamra Branch,Arabic Literature,Regular,Tuesday,3,21,1,Warm,0
2023-03-21,12,29.0,32.6,66.3,0.5,1935.0,1.74,0.0,Spring,No,Yes,Corniche Kiosk,Arabic Literature,Regular,Tuesday,3,21,0,Warm,0
2023-03-21,14,70.0,32.0,45.6,6.1,1508.0,1.63,0.0,Spring,No,Yes,University Branch,Fiction,Regular,Tuesday,3,21,0,Warm,0
2023-03-21,15,48.0,32.2,47.3,3.1,1205.0,0.58,0.0,Spring,No,Yes,University Branch,Science,Walk-In,Tuesday,3,21,0,Warm,0
2023-03-21,16,68.0,33.7,71.6,7.9,1102.0,1.72,0.0,Spring,No,Yes,Al Rawdah Branch,Business,Premium,Tuesday,3,21,1,Warm,0
2023-03-21,18,35.0,29.3,64.0,3.5,1023.0,3.4,0.0,Spring,No,Yes,Corniche Kiosk,Fiction,Walk-In,Tuesday,3,21,1,Warm,0
2023-03-21,20,36.0,28.9,67.1,2.9,1683.0,0.0,0.0,Spring,No,Yes,Al Hamra Branch,Science,Walk-In,Tuesday,3,21,0,Warm,0
2023-03-21,21,65.0,27.6,37.5,2.8,929.0,0.0,0.0,Spring,No,Yes,Downtown Central,Fiction,Premium,Tuesday,3,21,0,Warm,0
2023-03-21,22,59.0,27.6,38.2,0.6,942.0,0.0,0.0,Spring,No,Yes,University Branch,Arabic Literature,Premium,Tuesday,3,21,0,Warm,0
2023-03-22,8,38.0,27.0,38.6,2.7,1710.0,2.95,0.0,Spring,No,Yes,Al Hamra Branch,Arabic Literature,Walk-In,Wednesday,3,22,0,Warm,0
2023-03-22,9,98.0,25.1,55.9,4.5,1732.0,3.11,0.0,Spring,No,Yes,Downtown Central,Technology,Premium,Wednesday,3,22,1,Warm,0
2023-03-22,10,50.0,29.5,60.3,7.6,1832.0,2.47,0.0,Spring,No,Yes,Al Rawdah Branch,Arabic Literature,Walk-In,Wednesday,3,22,1,Warm,0
2023-03-22,12,22.0,30.4,67.1,6.3,1112.0,1.21,2.6,Spring,No,Yes,Corniche Kiosk,Science,Walk-In,Wednesday,3,22,0,Warm,0
2023-03-22,13,66.0,30.3,70.6,7.0,1089.0,2.73,0.0,Spring,No,Yes,Al Rawdah Branch,Business,Student,Wednesday,3,22,0,Warm,0
2023-03-22,14,58.0,31.3,50.4,2.7,1540.0,1.9,0.0,Spring,No,Yes,Al Hamra Branch,Arabic Literature,Student,Wednesday,3,22,0,Warm,0
2023-03-22,15,71.0,30.6,64.6,4.6,1842.0,1.085,0.0,Spring,No,Yes,Downtown Central,History,Regular,Wednesday,3,22,0,Warm,0
2023-03-22,17,35.0,28.2,62.5,3.7,1090.0,1.94,0.0,Spring,No,Yes,Corniche Kiosk,Fiction,Walk-In,Wednesday,3,22,1,Warm,0
2023-03-22,21,58.0,25.2,52.0,0.9,1970.0,0.0,0.0,Spring,No,Yes,University Branch,Fiction,Student,Wednesday,3,22,0,Warm,0
2023-03-22,22,61.0,27.4,58.4,3.6,1394.0,0.0,0.0,Spring,No,Yes,University Branch,Fiction,Student,Wednesday,3,22,0,Warm,0
2023-03-23,8,47.0,25.0,44.1,5.4,1198.0,2.99,3.1,Spring,No,Yes,Al Rawdah Branch,Children,Premium,Thursday,3,23,0,Warm,0
2023-03-23,10,81.0,27.2,50.0,4.5,1216.0,2.61,0.0,Spring,No,Yes,Al Rawdah Branch,Non-Fiction,Student,Thursday,3,23,1,Warm,0
2023-03-23,11,72.0,27.7,49.6,7.3,1261.0,2.08,0.0,Spring,No,Yes,Downtown Central,History,Walk-In,Thursday,3,23,1,Warm,0
2023-03-23,13,74.0,32.5,44.8,7.3,1641.0,3.12,0.0,Spring,No,Yes,University Branch,History,Regular,Thursday,3,23,0,Warm,0
2023-03-23,20,32.0,26.7,52.1,0.9,1822.0,0.0,0.0,Spring,No,Yes,Corniche Kiosk,Business,Student,Thursday,3,23,0,Warm,0
2023-03-23,21,67.0,27.5,43.0,4.1,850.0,0.0,0.0,Spring,No,Yes,University Branch,History,Student,Thursday,3,23,0,Warm,0
2023-03-23,22,40.0,26.3,49.1,1.8,1730.0,0.0,0.0,Spring,No,Yes,University Branch,Science,Walk-In,Thursday,3,23,0,Warm,0
2023-03-24,9,47.0,24.9,70.4,5.3,909.0,3.31,0.0,Spring,Yes,Yes,Al Rawdah Branch,Technology,Regular,Friday,3,24,1,Cool,1
2023-03-24,10,76.0,26.5,70.7,0.6,1078.0,0.26,0.0,Spring,Yes,Yes,Downtown Central,History,Student,Friday,3,24,1,Warm,1
2023-03-24,11,50.0,32.2,58.2,6.1,1797.0,0.19,0.0,Spring,Yes,Yes,Al Rawdah Branch,Arabic Literature,Premium,Friday,3,24,1,Warm,1
2023-03-24,12,54.0,32.1,59.4,1.2,1322.0,0.48,0.0,Spring,Yes,Yes,Downtown Central,Arabic Literature,Premium,Friday,3,24,0,Warm,1
2023-03-24,13,55.0,29.9,77.3,7.1,1771.0,1.66,0.0,Spring,Yes,Yes,Downtown Central,Business,Regular,Friday,3,24,0,Warm,1
2023-03-24,14,25.0,30.8,51.2,4.8,1997.0,0.58,0.0,Spring,Yes,Yes,Corniche Kiosk,Children,Student,Friday,3,24,0,Warm,1
2023-03-24,15,19.0,30.3,63.6,1.2,1671.0,0.82,0.0,Spring,Yes,Yes,Corniche Kiosk,Fiction,Regular,Friday,3,24,0,Warm,1
2023-03-24,16,54.0,30.7,66.4,7.1,1108.0,1.45,0.0,Spring,Yes,Yes,University Branch,History,Walk-In,Friday,3,24,1,Warm,1
2023-03-24,17,49.0,26.4,56.4,5.7,1580.0,2.93,0.0,Spring,Yes,Yes,Al Hamra Branch,History,Premium,Friday,3,24,1,Warm,1
2023-03-24,18,71.0,29.1,43.2,3.6,1829.0,3.19,0.0,Spring,Yes,Yes,Downtown Central,Fiction,Walk-In,Friday,3,24,1,Warm,1
2023-03-24,20,48.0,26.6,69.8,6.8,1759.0,0.0,0.0,Spring,Yes,Yes,Downtown Central,Technology,Student,Friday,3,24,0,Warm,1
2023-03-24,22,17.0,26.4,70.5,7.6,1496.0,0.0,0.0,Spring,Yes,Yes,Corniche Kiosk,Non-Fiction,Student,Friday,3,24,0,Warm,1
2023-03-25,11,60.0,27.7,54.5,7.5,1264.0,1.32,0.0,Spring,No,Yes,Al Rawdah Branch,Non-Fiction,Premium,Saturday,3,25,1,Warm,1
2023-03-25,12,34.0,31.4,39.5,5.0,987.0,2.21,4.4,Spring,No,Yes,Al Rawdah Branch,Fiction,Regular,Saturday,3,25,0,Warm,1
2023-03-25,13,64.0,30.6,58.7,4.7,1570.0,1.63,0.0,Spring,No,Yes,Downtown Central,Arabic Literature,Regular,Saturday,3,25,0,Warm,1
2023-03-25,14,29.0,31.5,74.0,4.2,1859.0,0.98,0.0,Spring,No,Yes,Corniche Kiosk,Arabic Literature,Student,Saturday,3,25,0,Warm,1
2023-03-25,16,71.0,31.9,53.5,1.9,1891.0,1.99,0.0,Spring,No,Yes,Downtown Central,History,Walk-In,Saturday,3,25,1,Warm,1
2023-03-25,18,34.0,28.4,65.0,0.6,1092.0,1.4,0.0,Spring,No,Yes,Corniche Kiosk,Science,Regular,Saturday,3,25,1,Warm,1
2023-03-25,20,41.0,24.5,61.0,4.1,1894.0,0.0,0.0,Spring,No,Yes,Al Rawdah Branch,Science,Regular,Saturday,3,25,0,Cool,1
2023-03-25,21,21.0,25.8,72.1,6.7,1506.0,0.0,0.0,Spring,No,Yes,Corniche Kiosk,History,Student,Saturday,3,25,0,Warm,1
2023-03-25,22,32.0,32.2,52.5,6.1,1971.0,0.0,0.0,Spring,No,Yes,Al Rawdah Branch,Science,Walk-In,Saturday,3,25,0,Warm,1
2023-03-26,8,72.0,28.0,60.2,0.7,1535.0,1.52,0.0,Spring,No,Yes,University Branch,Technology,Student,Sunday,3,26,0,Warm,0
2023-03-26,9,73.0,27.0,58.0,7.5,1928.0,2.9,0.0,Spring,No,Yes,Downtown Central,Children,Walk-In,Sunday,3,26,1,Warm,0
2023-03-26,10,78.0,29.7,64.8,2.4,1927.0,1.72,0.0,Spring,No,Yes,Al Rawdah Branch,Children,Student,Sunday,3,26,1,Warm,0
2023-03-26,11,44.0,29.4,71.6,4.9,1667.0,2.07,0.0,Spring,No,Yes,Al Rawdah Branch,History,Walk-In,Sunday,3,26,1,Warm,0
2023-03-26,13,18.0,33.3,76.2,5.7,1365.0,1.12,0.0,Spring,No,Yes,Corniche Kiosk,Non-Fiction,Walk-In,Sunday,3,26,0,Warm,0
2023-03-26,15,33.0,30.3,54.5,6.0,1769.0,1.12,0.0,Spring,No,Yes,Al Hamra Branch,Technology,Walk-In,Sunday,3,26,0,Warm,0
2023-03-26,16,74.0,30.4,67.7,6.4,1455.0,0.62,0.0,Spring,No,Yes,Downtown Central,History,Walk-In,Sunday,3,26,1,Warm,0
2023-03-26,17,76.0,27.6,69.4,3.8,1520.0,3.03,0.0,Spring,No,Yes,Al Hamra Branch,Arabic Literature,Student,Sunday,3,26,1,Warm,0
2023-03-27,8,32.0,26.2,75.0,3.3,915.0,1.88,0.0,Spring,No,Yes,Corniche Kiosk,Fiction,Premium,Monday,3,27,0,Warm,0
2023-03-27,9,55.0,25.6,67.3,7.0,1615.0,2.38,0.0,Spring,No,Yes,Al Rawdah Branch,Non-Fiction,Walk-In,Monday,3,27,1,Warm,0
2023-03-27,11,57.0,29.0,57.5,1.5,1261.0,2.59,0.0,Spring,No,Yes,Al Rawdah Branch,Children,Walk-In,Monday,3,27,1,Warm,0
2023-03-27,12,50.0,31.7,62.7,0.6,1060.0,0.15,0.0,Spring,No,Yes,Al Rawdah Branch,Fiction,Student,Monday,3,27,0,Warm,0
2023-03-27,15,72.0,29.3,64.4,1.5,1960.0,1.22,0.0,Spring,No,Yes,University Branch,Technology,Premium,Monday,3,27,0,Warm,0
2023-03-27,16,87.0,30.8,53.3,2.6,1196.0,3.43,0.0,Nan,No,Yes,Al Rawdah Branch,Children,Student,Monday,3,27,1,Warm,0
2023-03-27,17,57.0,28.9,37.5,6.5,875.0,1.76,1.9,Spring,No,Yes,Al Rawdah Branch,Fiction,Regular,Monday,3,27,1,Warm,0
2023-03-27,18,99.0,29.1,64.3,1.2,1774.0,2.43,0.0,Spring,No,Yes,University Branch,Fiction,Premium,Monday,3,27,1,Warm,0
2023-03-27,19,44.0,26.8,52.4,2.5,1605.0,0.0,0.0,Spring,No,Yes,Corniche Kiosk,Fiction,Premium,Monday,3,27,1,Warm,0
2023-03-27,20,28.0,26.6,65.2,4.1,1743.0,0.0,0.0,Spring,No,Yes,Corniche Kiosk,Arabic Literature,Premium,Monday,3,27,0,Warm,0
2023-03-28,8,55.0,30.3,70.4,5.1,1074.0,2.79,0.0,Spring,No,Yes,Al Hamra Branch,Science,Student,Tuesday,3,28,0,Warm,0
2023-03-28,9,68.0,31.4,42.9,2.2,835.0,2.51,0.0,Spring,No,Yes,Al Hamra Branch,History,Student,Tuesday,3,28,1,Warm,0
2023-03-28,10,92.0,32.5,61.0,3.8,1049.0,1.27,0.0,Spring,No,Yes,Downtown Central,Children,Premium,Tuesday,3,28,1,Warm,0
2023-03-28,11,71.0,32.9,57.3,6.8,1316.0,0.56,0.0,Spring,No,Yes,Al Rawdah Branch,Arabic Literature,Student,Tuesday,3,28,1,Warm,0
2023-03-28,18,40.0,32.2,63.2,5.6,1698.0,2.94,0.0,Spring,No,Yes,Corniche Kiosk,Non-Fiction,Premium,Tuesday,3,28,1,Warm,0
2023-03-28,19,33.0,34.3,39.6,5.9,1503.0,0.0,0.0,Spring,No,Yes,Corniche Kiosk,Non-Fiction,Regular,Tuesday,3,28,1,Warm,0
2023-03-28,20,57.0,32.4,53.8,7.5,994.0,0.0,0.0,Nan,No,Yes,University Branch,Business,Regular,Tuesday,3,28,0,Warm,0
2023-03-28,21,30.0,31.3,51.0,6.1,1490.0,0.0,0.0,Spring,No,Yes,Al Hamra Branch,Arabic Literature,Regular,Tuesday,3,28,0,Warm,0
2023-03-29,8,27.0,28.9,73.9,5.6,1288.0,0.97,0.0,Spring,No,Yes,Corniche Kiosk,Arabic Literature,Premium,Wednesday,3,29,0,Warm,0
2023-03-29,10,86.0,32.7,42.5,5.3,873.0,0.16,0.0,Spring,No,Yes,Downtown Central,History,Regular,Wednesday,3,29,1,Warm,0
2023-03-29,14,66.0,34.6,42.5,5.1,1432.0,1.05,0.0,Spring,No,Yes,University Branch,History,Premium,Wednesday,3,29,0,Warm,0
2023-03-29,21,53.0,29.9,51.8,5.1,1124.0,0.0,0.0,Spring,No,Yes,Downtown Central,History,Regular,Wednesday,3,29,0,Warm,0
2023-03-30,9,91.0,30.5,57.5,3.4,1018.0,2.07,0.0,Spring,No,Yes,Downtown Central,Children,Regular,Thursday,3,30,1,Warm,0
2023-03-30,11,52.0,32.2,47.4,3.9,1403.0,2.03,0.0,Spring,No,Yes,Al Rawdah Branch,History,Walk-In,Thursday,3,30,1,Warm,0
2023-03-30,12,23.0,35.1,45.4,3.7,1177.0,0.71,0.0,Spring,No,Yes,Corniche Kiosk,Fiction,Walk-In,Thursday,3,30,0,Hot,0
2023-03-30,14,65.0,33.1,40.6,4.1,895.0,0.83,0.0,Spring,No,Yes,Downtown Central,Science,Regular,Thursday,3,30,0,Warm,0
2023-03-30,15,32.0,33.4,69.8,4.2,1898.0,1.36,0.0,Spring,No,Yes,Corniche Kiosk,Fiction,Regular,Thursday,3,30,0,Warm,0
2023-03-30,16,72.0,32.2,51.6,3.6,1422.0,2.55,0.0,Nan,No,Yes,Al Rawdah Branch,Children,Premium,Thursday,3,30,1,Warm,0
2023-03-30,22,43.0,28.4,43.1,5.0,1853.0,0.0,0.0,Spring,No,Yes,Al Hamra Branch,Technology,Premium,Thursday,3,30,0,Warm,0
2023-03-31,8,35.0,25.0,45.7,2.2,1968.0,2.82,0.0,Spring,Yes,Yes,Al Hamra Branch,Arabic Literature,Premium,Friday,3,31,0,Warm,1
2023-03-31,9,38.0,25.1,66.9,3.2,1934.0,1.28,0.0,Spring,Yes,Yes,Al Rawdah Branch,Science,Walk-In,Friday,3,31,1,Warm,1
2023-03-31,12,39.0,28.8,54.5,4.5,1500.0,2.79,2.3,Spring,Yes,Yes,Al Rawdah Branch,Technology,Premium,Friday,3,31,0,Warm,1
2023-03-31,15,52.0,28.6,37.1,1.7,1416.0,0.33,0.0,Spring,Yes,Yes,Downtown Central,Technology,Regular,Friday,3,31,0,Warm,1
2023-03-31,16,45.0,30.5,45.5,7.5,1774.0,1.49,0.0,Spring,Yes,Yes,Al Hamra Branch,Fiction,Walk-In,Friday,3,31,1,Warm,1
2023-03-31,17,35.0,28.5,44.1,6.8,960.0,2.45,0.0,Spring,Yes,Yes,Corniche Kiosk,Fiction,Regular,Friday,3,31,1,Warm,1
2023-03-31,20,19.0,24.4,65.7,2.8,1275.0,0.0,0.0,Spring,Yes,Yes,Al Hamra Branch,Science,Walk-In,Friday,3,31,0,Cool,1
2023-03-31,21,14.0,25.7,57.0,6.6,1158.0,0.0,1.1,Spring,Yes,Yes,Corniche Kiosk,Children,Regular,Friday,3,31,0,Warm,1
2023-03-31,22,27.0,24.4,45.7,3.2,1254.0,0.0,0.0,Spring,Yes,Yes,Downtown Central,Children,Walk-In,Friday,3,31,0,Cool,1
2023-04-01,8,62.0,29.2,65.7,7.7,903.0,0.72,0.0,Spring,No,Yes,Downtown Central,Non-Fiction,Premium,Saturday,4,1,0,Warm,1
2023-04-01,13,62.0,36.0,43.7,6.7,1588.0,0.86,0.0,Spring,No,Yes,Downtown Central,Children,Premium,Saturday,4,1,0,Hot,1
2023-04-01,16,63.0,36.2,46.2,0.7,1291.0,0.13,0.0,Spring,No,Yes,Al Hamra Branch,Children,Student,Saturday,4,1,1,Hot,1
2023-04-01,19,63.0,31.3,64.4,0.8,891.0,0.0,0.0,Spring,No,Yes,Al Hamra Branch,Technology,Student,Saturday,4,1,1,Warm,1
2023-04-01,20,16.0,30.5,53.5,5.1,1314.0,0.0,1.3,Spring,No,Yes,Corniche Kiosk,Arabic Literature,Walk-In,Saturday,4,1,0,Warm,1
2023-04-01,21,35.0,31.5,45.1,8.0,1978.0,0.0,0.0,Spring,No,Yes,Al Hamra Branch,Non-Fiction,Premium,Saturday,4,1,0,Warm,1
2023-04-02,11,68.0,29.1,66.5,3.6,1714.0,3.08,0.0,Spring,No,Yes,Al Hamra Branch,History,Student,Sunday,4,2,1,Warm,0
2023-04-02,13,92.0,32.4,52.7,6.1,1096.0,2.02,0.0,Spring,No,Yes,Downtown Central,Arabic Literature,Student,Sunday,4,2,0,Warm,0
2023-04-02,14,51.0,31.8,36.3,6.5,1369.0,1.33,0.0,Spring,No,Yes,Al Rawdah Branch,Fiction,Regular,Sunday,4,2,0,Warm,0
2023-04-02,17,55.0,28.4,46.2,4.8,1798.0,0.58,0.0,Spring,No,Yes,Al Hamra Branch,Children,Walk-In,Sunday,4,2,1,Warm,0
2023-04-02,18,110.0,28.6,74.1,4.8,906.0,1.43,0.0,Nan,No,Yes,Downtown Central,Arabic Literature,Student,Sunday,4,2,1,Warm,0
2023-04-02,20,44.0,26.0,71.3,4.1,1760.0,0.0,0.0,Spring,No,Yes,Al Hamra Branch,Non-Fiction,Premium,Sunday,4,2,0,Warm,0
2023-04-02,21,53.0,27.4,38.2,6.9,1587.0,0.0,0.0,Spring,No,Yes,Downtown Central,Science,Walk-In,Sunday,4,2,0,Warm,0
2023-04-02,22,50.0,25.6,46.9,1.0,1374.0,0.0,0.0,Spring,No,Yes,Downtown Central,Business,Regular,Sunday,4,2,0,Warm,0
2023-04-03,9,72.0,25.9,69.0,5.2,1181.0,3.18,0.0,Spring,No,Yes,Downtown Central,History,Walk-In,Monday,4,3,1,Warm,0
2023-04-03,12,65.0,31.0,56.0,1.1,1085.0,3.22,0.0,Spring,No,Yes,Downtown Central,Arabic Literature,Walk-In,Monday,4,3,0,Warm,0
2023-04-03,16,105.0,32.7,61.4,5.1,1425.0,3.2,0.0,Spring,No,Yes,University Branch,Technology,Student,Monday,4,3,1,Warm,0
2023-04-03,18,107.0,28.7,65.2,3.3,1399.0,3.06,0.0,Spring,No,Yes,Downtown Central,Non-Fiction,Premium,Monday,4,3,1,Warm,0
2023-04-03,19,105.0,29.4,67.5,5.0,1607.0,0.0,0.0,Spring,No,Yes,Downtown Central,Business,Student,Monday,4,3,1,Warm,0
2023-04-03,21,20.0,28.5,58.7,0.5,911.0,0.0,0.0,Spring,No,Yes,Corniche Kiosk,Technology,Walk-In,Monday,4,3,0,Warm,0
2023-04-03,22,32.0,27.3,67.4,7.5,1147.0,0.0,0.0,Spring,No,Yes,Al Hamra Branch,Business,Regular,Monday,4,3,0,Warm,0
2023-04-04,8,32.0,25.4,67.9,2.2,1263.0,2.65,0.0,Spring,No,Yes,Corniche Kiosk,Fiction,Student,Tuesday,4,4,0,Warm,0
2023-04-04,9,58.0,26.3,74.9,4.9,1167.0,2.69,0.0,Spring,No,Yes,Al Hamra Branch,Science,Regular,Tuesday,4,4,1,Warm,0
2023-04-04,10,42.0,25.7,50.6,1.2,1067.0,2.32,0.0,Spring,No,Yes,Corniche Kiosk,Fiction,Student,Tuesday,4,4,1,Warm,0
2023-04-04,12,68.0,30.1,61.0,1.6,1101.0,0.74,0.0,Spring,No,Yes,Downtown Central,Technology,Regular,Tuesday,4,4,0,Warm,0
2023-04-04,14,36.0,29.6,47.1,2.1,1589.0,2.17,0.0,Spring,No,Yes,Corniche Kiosk,Technology,Premium,Tuesday,4,4,0,Warm,0
2023-04-04,15,30.0,28.8,46.9,1.5,957.0,1.085,0.0,Spring,No,Yes,Corniche Kiosk,Science,Regular,Tuesday,4,4,0,Warm,0
2023-04-04,16,74.0,30.9,36.8,3.6,1399.0,0.17,0.0,Spring,No,Yes,Al Rawdah Branch,History,Premium,Tuesday,4,4,1,Warm,0
2023-04-04,18,67.0,27.0,57.6,2.8,1673.0,2.03,0.0,Spring,No,Yes,Al Rawdah Branch,History,Regular,Tuesday,4,4,1,Warm,0
2023-04-04,20,55.0,23.8,52.9,2.0,1537.0,0.0,0.0,Spring,No,Yes,Downtown Central,Business,Walk-In,Tuesday,4,4,0,Cool,0
2023-04-04,21,43.0,23.7,60.8,1.5,883.0,0.0,0.0,Spring,No,Yes,University Branch,Business,Regular,Tuesday,4,4,0,Cool,0
2023-04-05,8,88.0,25.6,51.1,4.7,1636.0,3.06,0.0,Spring,No,Yes,Downtown Central,History,Student,Wednesday,4,5,0,Warm,0
2023-04-05,11,95.0,28.0,49.0,4.4,849.0,0.34,0.0,Spring,No,Yes,Downtown Central,Arabic Literature,Premium,Wednesday,4,5,1,Warm,0
2023-04-05,13,82.0,29.3,67.4,7.8,1112.0,1.54,0.0,Spring,No,Yes,University Branch,Science,Student,Wednesday,4,5,0,Warm,0
2023-04-05,15,49.0,30.3,73.0,6.1,1851.0,2.49,0.0,Spring,No,Yes,Al Rawdah Branch,Children,Regular,Wednesday,4,5,0,Warm,0
2023-04-05,19,43.0,27.9,65.4,2.7,1214.0,0.0,0.0,Spring,No,Yes,Corniche Kiosk,Business,Student,Wednesday,4,5,1,Warm,0
2023-04-05,21,45.0,25.5,41.0,4.8,1644.0,0.0,0.0,Spring,No,Yes,University Branch,Business,Nan,Wednesday,4,5,0,Warm,0
2023-04-05,22,24.0,25.4,54.4,1.4,1781.0,0.0,0.0,Spring,No,Yes,Corniche Kiosk,History,Student,Wednesday,4,5,0,Warm,0
2023-04-06,8,37.0,32.2,45.5,1.6,1546.0,2.67,0.0,Spring,No,Yes,Corniche Kiosk,History,Premium,Thursday,4,6,0,Warm,0
2023-04-06,10,85.0,33.5,38.8,1.0,1138.0,0.95,0.0,Nan,No,Yes,University Branch,Arabic Literature,Premium,Thursday,4,6,1,Warm,0
2023-04-06,12,34.0,35.4,55.5,6.6,1459.0,0.13,0.0,Spring,No,Yes,Corniche Kiosk,Fiction,Student,Thursday,4,6,0,Hot,0
2023-04-06,13,57.0,36.8,52.1,6.0,1426.0,2.32,0.0,Spring,No,Yes,Downtown Central,Business,Regular,Thursday,4,6,0,Hot,0
2023-04-06,14,58.0,36.2,67.1,2.6,1265.0,1.085,0.0,Spring,No,Yes,University Branch,Children,Regular,Thursday,4,6,0,Hot,0
2023-04-06,15,50.0,36.7,60.2,5.3,1773.0,2.49,0.0,Spring,No,Yes,Al Rawdah Branch,Children,Premium,Thursday,4,6,0,Hot,0
2023-04-06,16,43.0,34.8,56.7,4.2,1696.0,1.085,0.0,Spring,No,Yes,Corniche Kiosk,Technology,Student,Thursday,4,6,1,Warm,0
2023-04-06,17,45.0,31.4,65.7,6.7,1595.0,3.45,0.0,Spring,No,Yes,Corniche Kiosk,Arabic Literature,Regular,Thursday,4,6,1,Warm,0
2023-04-06,22,44.0,29.3,60.2,1.7,1789.0,0.0,0.0,Spring,No,Yes,Al Rawdah Branch,Arabic Literature,Premium,Thursday,4,6,0,Warm,0
2023-04-07,8,43.0,29.6,36.4,3.5,1473.0,2.51,0.0,Spring,Yes,Yes,University Branch,Children,Walk-In,Friday,4,7,0,Warm,1
2023-04-07,9,37.0,29.9,55.8,6.9,1615.0,0.84,0.0,Spring,Yes,Yes,Al Rawdah Branch,Non-Fiction,Walk-In,Friday,4,7,1,Warm,1
2023-04-07,10,52.0,30.8,60.8,1.1,1600.0,1.32,0.4,Spring,Yes,Yes,Downtown Central,Children,Premium,Friday,4,7,1,Warm,1
2023-04-07,14,15.0,34.0,44.5,0.9,845.0,0.18,0.0,Spring,Yes,Yes,Corniche Kiosk,History,Regular,Friday,4,7,0,Warm,1
2023-04-07,19,40.0,32.6,39.4,2.2,1332.0,0.0,0.0,Spring,Yes,Yes,Al Rawdah Branch,Arabic Literature,Walk-In,Friday,4,7,1,Warm,1
2023-04-07,20,37.0,30.9,60.2,2.2,1992.0,0.0,0.0,Spring,Yes,Yes,Downtown Central,Fiction,Premium,Friday,4,7,0,Warm,1
2023-04-07,21,23.0,29.6,71.7,6.2,925.0,0.0,0.0,Spring,Yes,Yes,University Branch,Business,Regular,Friday,4,7,0,Warm,1
2023-04-07,22,14.0,28.9,69.1,1.7,1310.0,0.0,0.0,Spring,Yes,Yes,Corniche Kiosk,Fiction,Student,Friday,4,7,0,Warm,1
2023-04-08,8,48.0,27.3,36.8,5.8,1922.0,0.44,0.0,Spring,No,Yes,University Branch,Children,Walk-In,Saturday,4,8,0,Warm,1
2023-04-08,11,27.0,31.2,62.1,5.0,1114.0,2.08,0.0,Spring,No,Yes,Corniche Kiosk,Business,Walk-In,Saturday,4,8,1,Warm,1
2023-04-08,12,48.0,33.5,61.0,8.0,994.0,2.98,0.0,Spring,No,Yes,Al Rawdah Branch,Non-Fiction,Regular,Saturday,4,8,0,Warm,1
2023-04-08,13,40.0,34.6,67.2,5.7,1192.0,3.09,0.0,Spring,No,Yes,Al Hamra Branch,Technology,Walk-In,Saturday,4,8,0,Warm,1
2023-04-08,14,37.0,33.9,62.0,3.2,1849.0,0.7,0.0,Spring,No,Yes,Al Hamra Branch,History,Premium,Saturday,4,8,0,Warm,1
2023-04-08,15,58.0,33.6,52.5,7.4,1881.0,1.02,0.0,Spring,No,Yes,University Branch,History,Premium,Saturday,4,8,0,Warm,1
2023-04-08,16,67.0,32.4,43.6,7.9,1524.0,0.69,2.3,Spring,No,Yes,Al Rawdah Branch,Business,Student,Saturday,4,8,1,Warm,1
2023-04-08,19,72.0,31.2,48.9,5.4,1951.0,0.0,0.0,Spring,No,Yes,Al Rawdah Branch,Children,Student,Saturday,4,8,1,Warm,1
2023-04-08,21,16.0,28.1,69.4,1.9,1353.0,0.0,0.0,Spring,No,Yes,Corniche Kiosk,Arabic Literature,Nan,Saturday,4,8,0,Warm,1
2023-04-08,22,33.0,30.0,40.2,1.2,1372.0,0.0,0.0,Spring,No,Yes,Al Hamra Branch,Children,Premium,Saturday,4,8,0,Warm,1
2023-04-09,8,80.0,28.3,58.5,6.4,1330.0,0.56,0.0,Nan,No,Yes,Downtown Central,Arabic Literature,Student,Sunday,4,9,0,Warm,0
2023-04-09,9,77.0,29.2,74.0,3.6,1073.0,2.81,0.0,Spring,No,Yes,Al Rawdah Branch,Technology,Student,Sunday,4,9,1,Warm,0
2023-04-09,10,94.0,29.1,48.7,6.3,1330.0,1.63,0.0,Spring,No,Yes,Downtown Central,Non-Fiction,Premium,Sunday,4,9,1,Warm,0
2023-04-09,12,73.0,34.7,53.1,5.3,1185.0,1.43,0.0,Spring,No,Yes,Downtown Central,Business,Student,Sunday,4,9,0,Warm,0
2023-04-09,14,38.0,34.4,67.0,5.6,1322.0,1.69,0.0,Spring,No,Yes,Al Hamra Branch,Science,Walk-In,Sunday,4,9,0,Warm,0
2023-04-09,20,45.0,28.3,60.2,0.8,1056.0,0.0,0.0,Spring,No,Yes,Al Hamra Branch,Fiction,Student,Sunday,4,9,0,Warm,0
2023-04-09,21,39.0,32.2,39.1,2.3,1459.0,0.0,0.0,Spring,No,Yes,Al Rawdah Branch,Non-Fiction,Regular,Sunday,4,9,0,Warm,0
2023-04-10,11,63.0,27.8,49.0,5.5,903.0,3.28,0.0,Spring,No,Yes,Al Rawdah Branch,Arabic Literature,Regular,Monday,4,10,1,Warm,0
2023-04-10,14,66.0,28.4,63.2,5.0,925.0,0.76,1.9,Spring,No,Yes,Downtown Central,Non-Fiction,Premium,Monday,4,10,0,Warm,0
2023-04-10,18,61.0,27.5,56.7,1.6,1311.0,2.05,0.0,Spring,No,Yes,Al Rawdah Branch,Arabic Literature,Walk-In,Monday,4,10,1,Warm,0
2023-04-10,19,64.0,26.4,40.4,3.4,1258.0,0.0,0.0,Spring,No,Yes,Al Rawdah Branch,History,Regular,Monday,4,10,1,Warm,0
2023-04-10,20,27.0,24.1,38.5,2.8,1446.0,0.0,0.0,Spring,No,Yes,Corniche Kiosk,Business,Regular,Monday,4,10,0,Cool,0
2023-04-10,22,44.0,26.1,45.4,4.1,869.0,0.0,0.0,Spring,No,Yes,Al Rawdah Branch,Technology,Regular,Monday,4,10,0,Warm,0
2023-04-11,10,63.0,35.7,56.7,2.9,1916.0,0.47,0.0,Spring,No,Yes,Downtown Central,Technology,Walk-In,Tuesday,4,11,1,Hot,0
2023-04-11,12,35.0,37.6,44.3,7.9,1240.0,1.23,0.0,Spring,No,Yes,University Branch,Non-Fiction,Walk-In,Tuesday,4,11,0,Hot,0
2023-04-11,13,36.0,37.3,50.5,4.2,1311.0,1.73,0.0,Spring,No,Yes,Al Rawdah Branch,Non-Fiction,Walk-In,Tuesday,4,11,0,Hot,0
2023-04-11,15,37.0,38.1,67.2,3.1,1305.0,3.39,0.0,Spring,No,Yes,Corniche Kiosk,Non-Fiction,Student,Tuesday,4,11,0,Hot,0
2023-04-11,16,77.0,39.2,78.8,2.4,1392.0,1.47,0.0,Spring,No,Yes,Downtown Central,Science,Student,Tuesday,4,11,1,Hot,0
2023-04-11,17,42.0,36.2,68.3,5.4,1314.0,2.32,0.0,Spring,No,Yes,Corniche Kiosk,Business,Student,Tuesday,4,11,1,Hot,0
2023-04-11,18,90.0,34.6,73.4,7.5,1343.0,1.67,0.0,Spring,No,Yes,University Branch,History,Premium,Tuesday,4,11,1,Warm,0
2023-04-11,19,64.0,34.9,44.4,1.2,1749.0,0.0,0.0,Spring,No,Yes,Al Rawdah Branch,Technology,Premium,Tuesday,4,11,1,Warm,0
2023-04-11,20,38.0,33.0,69.7,6.5,1142.0,0.0,0.0,Spring,No,Yes,Al Hamra Branch,History,Regular,Tuesday,4,11,0,Warm,0
2023-04-12,8,26.0,30.0,68.2,5.0,1730.0,1.99,0.0,Spring,No,Yes,Corniche Kiosk,Arabic Literature,Regular,Wednesday,4,12,0,Warm,0
2023-04-12,10,69.0,31.2,63.8,1.9,1767.0,2.36,0.0,Spring,No,Yes,Al Rawdah Branch,History,Premium,Wednesday,4,12,1,Warm,0
2023-04-12,11,43.0,30.7,47.8,6.7,1493.0,1.22,0.0,Spring,No,Yes,Corniche Kiosk,Children,Nan,Wednesday,4,12,1,Warm,0
2023-04-12,14,38.0,36.1,53.4,6.2,1758.0,1.19,0.0,Spring,No,Yes,Corniche Kiosk,Business,Student,Wednesday,4,12,0,Hot,0
2023-04-12,15,34.0,35.0,45.3,5.2,1890.0,1.085,0.0,Spring,No,Yes,Al Rawdah Branch,Technology,Walk-In,Wednesday,4,12,0,Warm,0
2023-04-12,17,65.0,31.3,69.0,3.3,1865.0,3.44,0.0,Spring,No,Yes,Al Hamra Branch,Fiction,Premium,Wednesday,4,12,1,Warm,0
2023-04-12,18,54.0,31.2,51.0,2.8,840.0,0.46,4.3,Spring,No,Yes,Al Rawdah Branch,Children,Walk-In,Wednesday,4,12,1,Warm,0
2023-04-14,8,19.0,23.5,45.9,3.8,906.0,2.49,0.0,Spring,Yes,Yes,Corniche Kiosk,Arabic Literature,Premium,Friday,4,14,0,Cool,1
2023-04-14,9,56.0,25.1,47.5,2.8,898.0,2.16,0.0,Spring,Yes,Yes,Downtown Central,Fiction,Walk-In,Friday,4,14,1,Warm,1
2023-04-14,11,56.0,26.9,54.6,1.4,1624.0,2.21,0.0,Spring,Yes,Yes,University Branch,Science,Walk-In,Friday,4,14,1,Warm,1
2023-04-14,13,44.0,30.6,58.9,5.8,989.0,0.11,0.0,Spring,Yes,Yes,University Branch,Technology,Premium,Friday,4,14,0,Warm,1
2023-04-14,17,58.0,28.1,76.5,3.5,1767.0,0.15,0.0,Spring,Yes,Yes,Al Rawdah Branch,Science,Premium,Friday,4,14,1,Warm,1
2023-04-14,20,24.0,24.1,45.2,3.0,1809.0,0.0,0.0,Spring,Yes,Yes,Al Rawdah Branch,History,Walk-In,Friday,4,14,0,Cool,1
2023-04-14,21,21.0,23.4,39.1,6.0,1032.0,0.0,0.0,Spring,Yes,Yes,Al Hamra Branch,Business,Premium,Friday,4,14,0,Cool,1
2023-04-14,22,19.0,24.3,63.2,2.4,1771.0,0.0,0.0,Spring,Yes,Yes,Al Hamra Branch,History,Premium,Friday,4,14,0,Cool,1
2023-04-15,9,71.0,30.3,49.6,5.9,1881.0,2.66,0.0,Spring,No,Yes,Al Rawdah Branch,Science,Student,Saturday,4,15,1,Warm,1
2023-04-15,10,80.0,31.4,68.8,1.6,1077.0,2.23,0.0,Spring,No,Yes,University Branch,Children,Premium,Saturday,4,15,1,Warm,1
2023-04-15,12,66.0,33.1,58.1,6.8,1582.0,2.76,0.0,Spring,No,Yes,University Branch,Technology,Premium,Saturday,4,15,0,Warm,1
2023-04-15,13,73.0,33.2,68.2,1.9,845.0,2.66,0.0,Spring,No,Yes,University Branch,Science,Student,Saturday,4,15,0,Warm,1
2023-04-15,14,58.0,35.1,75.3,2.6,1752.0,0.69,0.0,Spring,No,Yes,Downtown Central,Non-Fiction,Premium,Saturday,4,15,0,Hot,1
2023-04-15,15,36.0,35.5,67.9,5.8,1395.0,0.17,0.0,Spring,No,Yes,Al Rawdah Branch,Arabic Literature,Premium,Saturday,4,15,0,Hot,1
2023-04-15,17,56.0,30.6,73.9,6.8,1061.0,0.86,2.5,Spring,No,Yes,Al Hamra Branch,Children,Student,Saturday,4,15,1,Warm,1
2023-04-15,18,54.0,31.4,43.6,3.9,1250.0,0.24,0.0,Spring,No,Yes,Al Hamra Branch,Technology,Regular,Saturday,4,15,1,Warm,1
2023-04-15,19,40.0,30.8,55.2,4.1,1234.0,0.0,0.0,Spring,No,Yes,Corniche Kiosk,Technology,Student,Saturday,4,15,1,Warm,1
2023-04-15,20,55.0,28.6,41.0,5.0,1360.0,0.0,0.0,Spring,No,Yes,Downtown Central,Non-Fiction,Regular,Saturday,4,15,0,Warm,1
2023-04-15,21,57.0,28.9,42.1,5.4,1677.0,0.0,0.0,Spring,No,Yes,Downtown Central,Arabic Literature,Premium,Saturday,4,15,0,Warm,1
2023-04-15,22,34.0,29.2,61.9,1.7,1878.0,0.0,0.0,Spring,No,Yes,Al Hamra Branch,Non-Fiction,Student,Saturday,4,15,0,Warm,1
2023-04-16,8,60.0,29.9,52.1,3.5,947.0,0.09,0.0,Spring,No,Yes,University Branch,Non-Fiction,Regular,Sunday,4,16,0,Warm,0
2023-04-16,9,32.0,31.1,48.0,3.2,1773.0,0.83,0.0,Spring,No,Yes,Corniche Kiosk,Arabic Literature,Walk-In,Sunday,4,16,1,Warm,0
2023-04-16,11,89.0,33.3,46.5,1.3,1033.0,0.03,0.0,Spring,No,Yes,Downtown Central,Business,Premium,Sunday,4,16,1,Warm,0
2023-04-16,12,77.0,36.1,35.9,3.9,1665.0,2.82,0.0,Spring,No,Yes,University Branch,Children,Student,Sunday,4,16,0,Hot,0
2023-04-16,13,73.0,34.7,56.3,1.4,954.0,0.69,0.0,Spring,No,Yes,Downtown Central,Technology,Student,Sunday,4,16,0,Warm,0
2023-04-16,16,93.0,34.5,46.3,6.6,1136.0,3.24,0.0,Spring,No,Yes,Downtown Central,Children,Regular,Sunday,4,16,1,Warm,0
2023-04-16,17,39.0,32.7,49.7,1.1,1258.0,0.47,0.4,Spring,No,Yes,Corniche Kiosk,History,Student,Sunday,4,16,1,Warm,0
2023-04-16,18,78.0,31.8,44.2,6.3,1253.0,2.59,0.0,Spring,No,Yes,University Branch,Arabic Literature,Walk-In,Sunday,4,16,1,Warm,0
2023-04-16,19,53.0,30.9,71.1,6.5,1108.0,0.0,0.0,Spring,No,Yes,Al Hamra Branch,Non-Fiction,Regular,Sunday,4,16,1,Warm,0
2023-04-16,20,33.0,31.3,51.3,4.6,1685.0,0.0,0.0,Spring,No,Yes,Corniche Kiosk,Non-Fiction,Student,Sunday,4,16,0,Warm,0
2023-04-16,21,28.0,28.4,45.3,6.0,1708.0,0.0,0.0,Spring,No,Yes,Corniche Kiosk,Business,Premium,Sunday,4,16,0,Warm,0
2023-04-17,8,36.0,28.2,74.4,1.6,1452.0,0.66,0.0,Spring,No,Yes,Al Hamra Branch,Business,Regular,Monday,4,17,0,Warm,0
2023-04-17,9,47.0,30.1,51.7,7.7,1104.0,2.83,0.0,Spring,No,Yes,Corniche Kiosk,Children,Student,Monday,4,17,1,Warm,0
2023-04-17,10,52.0,31.2,72.9,5.3,1367.0,0.83,0.0,Spring,No,Yes,Al Rawdah Branch,Technology,Walk-In,Monday,4,17,1,Warm,0
2023-04-17,11,49.0,31.5,43.8,1.2,1213.0,0.07,0.0,Spring,No,Yes,Al Hamra Branch,Science,Walk-In,Monday,4,17,1,Warm,0
2023-04-17,13,48.0,33.6,56.3,6.4,982.0,1.36,0.0,Spring,No,Yes,Al Hamra Branch,Children,Premium,Monday,4,17,0,Warm,0
2023-04-17,16,57.0,34.5,51.5,1.5,1292.0,1.92,3.8,Spring,No,Yes,University Branch,Business,Walk-In,Monday,4,17,1,Warm,0
2023-04-17,18,79.0,30.4,45.5,1.8,1593.0,0.11,0.0,Spring,No,Yes,Al Rawdah Branch,Technology,Student,Monday,4,17,1,Warm,0
2023-04-17,19,49.0,32.2,66.6,0.5,1534.0,0.0,0.0,Spring,No,Yes,Al Rawdah Branch,Children,Walk-In,Monday,4,17,1,Warm,0
2023-04-17,20,37.0,32.2,75.0,6.2,1424.0,0.0,0.8,Spring,No,Yes,Al Hamra Branch,Technology,Student,Monday,4,17,0,Warm,0
2023-04-17,21,49.0,27.8,48.9,1.5,947.0,0.0,0.0,Spring,No,Yes,University Branch,Fiction,Regular,Monday,4,17,0,Warm,0
2023-04-18,9,58.0,32.2,37.2,1.9,1468.0,0.02,1.6,Spring,No,Yes,Downtown Central,Science,Walk-In,Tuesday,4,18,1,Warm,0
2023-04-18,10,104.0,28.7,46.1,2.5,1298.0,3.06,0.0,Spring,No,Yes,Downtown Central,Non-Fiction,Premium,Tuesday,4,18,1,Warm,0
2023-04-18,12,36.0,29.5,48.9,3.5,1649.0,0.04,0.4,Nan,No,Yes,Al Hamra Branch,Children,Walk-In,Tuesday,4,18,0,Warm,0
2023-04-18,14,60.0,30.5,60.2,3.1,1486.0,0.16,0.0,Spring,No,Yes,Al Rawdah Branch,Children,Student,Tuesday,4,18,0,Warm,0
2023-04-18,15,47.0,30.4,48.4,3.8,1139.0,0.58,3.9,Spring,No,Yes,Al Hamra Branch,Business,Premium,Tuesday,4,18,0,Warm,0
2023-04-18,17,107.0,27.8,77.1,4.0,1339.0,2.66,0.0,Spring,No,Yes,University Branch,Business,Student,Tuesday,4,18,1,Warm,0
2023-04-18,18,44.0,28.7,66.0,5.1,1486.0,2.67,0.0,Spring,No,Yes,Corniche Kiosk,Fiction,Premium,Tuesday,4,18,1,Warm,0
2023-04-18,21,17.0,27.0,65.4,2.5,985.0,0.0,2.1,Spring,No,Yes,Corniche Kiosk,History,Regular,Tuesday,4,18,0,Warm,0
2023-04-18,22,26.0,25.3,69.1,0.6,879.0,0.0,0.0,Spring,No,Yes,Corniche Kiosk,History,Student,Tuesday,4,18,0,Warm,0
2023-04-19,8,70.0,31.4,38.5,5.0,819.0,0.13,0.0,Spring,No,Yes,Downtown Central,Arabic Literature,Premium,Wednesday,4,19,0,Warm,0
2023-04-19,9,37.0,32.6,41.5,7.6,1774.0,0.94,0.0,Spring,No,Yes,Corniche Kiosk,History,Premium,Wednesday,4,19,1,Warm,0
2023-04-19,10,67.0,34.9,61.8,2.3,1921.0,0.81,0.0,Spring,No,Yes,Al Rawdah Branch,Fiction,Nan,Wednesday,4,19,1,Warm,0
2023-04-19,11,86.0,32.9,38.6,5.8,1239.0,1.25,0.0,Spring,No,Yes,University Branch,Fiction,Premium,Wednesday,4,19,1,Warm,0
2023-04-19,12,34.0,37.9,75.7,1.1,909.0,0.87,0.0,Spring,No,Yes,Al Hamra Branch,Fiction,Premium,Wednesday,4,19,0,Hot,0
2023-04-19,13,44.0,37.0,67.5,3.6,821.0,2.74,0.0,Nan,No,Yes,University Branch,Science,Regular,Wednesday,4,19,0,Hot,0
2023-04-19,14,47.0,37.9,62.6,3.8,1853.0,1.07,0.0,Spring,No,Yes,University Branch,Fiction,Regular,Wednesday,4,19,0,Hot,0
2023-04-19,17,58.0,34.4,50.9,4.4,1289.0,1.78,0.0,Spring,No,Yes,Al Hamra Branch,Non-Fiction,Premium,Wednesday,4,19,1,Warm,0
2023-04-19,18,73.0,34.9,70.2,1.3,1603.0,3.03,0.0,Spring,No,Yes,Al Rawdah Branch,Business,Student,Wednesday,4,19,1,Warm,0
2023-04-19,19,73.0,34.3,46.8,1.1,1265.0,0.0,0.0,Spring,No,Yes,Downtown Central,Arabic Literature,Walk-In,Wednesday,4,19,1,Warm,0
2023-04-19,20,65.0,32.7,61.8,5.4,1051.0,0.0,0.0,Spring,No,Yes,Downtown Central,Fiction,Student,Wednesday,4,19,0,Warm,0
2023-04-19,22,33.0,32.1,58.7,1.3,1115.0,0.0,4.8,Spring,No,Yes,Al Hamra Branch,Children,Premium,Wednesday,4,19,0,Warm,0
2023-04-20,11,51.0,29.9,37.4,1.1,1068.0,0.55,0.0,Spring,No,Yes,Al Rawdah Branch,Fiction,Walk-In,Thursday,4,20,1,Warm,0
2023-04-20,12,55.0,31.6,49.2,1.5,845.0,0.79,0.0,Spring,No,Yes,Downtown Central,Children,Walk-In,Thursday,4,20,0,Warm,0
2023-04-20,16,89.0,30.8,49.5,4.6,938.0,0.63,0.0,Spring,No,Yes,University Branch,Technology,Premium,Thursday,4,20,1,Warm,0
2023-04-20,18,61.0,28.4,58.0,5.9,1093.0,1.62,0.0,Spring,No,Yes,Al Hamra Branch,Children,Regular,Thursday,4,20,1,Warm,0
2023-04-20,20,72.0,25.7,58.7,1.2,1402.0,0.0,0.0,Spring,No,Yes,Downtown Central,Non-Fiction,Student,Thursday,4,20,0,Warm,0
2023-04-20,21,58.0,28.2,71.3,2.8,1939.0,0.0,0.0,Spring,No,Yes,Downtown Central,History,Student,Thursday,4,20,0,Warm,0
2023-04-20,22,51.0,27.2,39.4,2.5,1769.0,0.0,0.0,Spring,No,Yes,University Branch,Technology,Premium,Thursday,4,20,0,Warm,0
2023-04-21,11,59.0,34.2,67.6,2.8,805.0,1.35,0.0,Spring,Yes,Yes,University Branch,Business,Premium,Friday,4,21,1,Warm,1
2023-04-21,12,14.0,38.1,51.5,1.0,1329.0,3.33,0.0,Spring,Yes,Yes,Corniche Kiosk,Technology,Walk-In,Friday,4,21,0,Hot,1
2023-04-21,14,26.0,37.6,57.6,2.8,1037.0,0.71,0.0,Spring,Yes,Yes,Downtown Central,Business,Regular,Friday,4,21,0,Hot,1
2023-04-21,17,51.0,35.3,45.3,5.5,1164.0,1.98,0.0,Spring,Yes,Yes,Al Hamra Branch,Children,Student,Friday,4,21,1,Hot,1
2023-04-21,19,45.0,34.3,65.7,6.7,1082.0,0.0,0.0,Spring,Yes,Yes,Al Rawdah Branch,Technology,Walk-In,Friday,4,21,1,Warm,1
2023-04-21,22,23.0,34.4,61.0,2.5,1399.0,0.0,0.0,Spring,Yes,Yes,Al Rawdah Branch,Technology,Student,Friday,4,21,0,Warm,1
2023-04-22,11,52.0,32.7,74.5,5.2,1193.0,1.7,0.0,Spring,No,Yes,Al Rawdah Branch,History,Premium,Saturday,4,22,1,Warm,1
2023-04-22,12,51.0,35.8,37.5,7.7,1783.0,2.34,0.0,Spring,No,Yes,Downtown Central,Children,Walk-In,Saturday,4,22,0,Hot,1
2023-04-22,14,20.0,37.6,53.9,0.9,1616.0,3.33,0.0,Spring,No,Yes,Corniche Kiosk,Arabic Literature,Walk-In,Saturday,4,22,0,Hot,1
2023-04-22,15,39.0,35.8,49.7,6.3,1436.0,0.48,0.0,Spring,No,Yes,University Branch,History,Regular,Saturday,4,22,0,Hot,1
2023-04-22,16,78.0,37.4,54.1,2.6,1804.0,0.52,0.0,Spring,No,Yes,Downtown Central,History,Student,Saturday,4,22,1,Hot,1
2023-04-22,20,27.0,33.4,55.0,3.6,1109.0,0.0,0.0,Spring,No,Yes,Corniche Kiosk,Technology,Student,Saturday,4,22,0,Warm,1
2023-04-22,21,30.0,31.6,65.5,5.4,1633.0,0.0,0.0,Spring,No,Yes,University Branch,Science,Walk-In,Saturday,4,22,0,Warm,1
2023-04-22,22,24.0,31.3,46.7,1.0,1756.0,0.0,0.0,Spring,No,Yes,Al Hamra Branch,Children,Walk-In,Saturday,4,22,0,Warm,1
2023-04-23,10,78.0,32.2,66.5,1.3,992.0,3.32,0.0,Spring,No,Yes,Al Rawdah Branch,History,Student,Sunday,4,23,1,Warm,0
2023-04-23,11,68.0,29.1,41.1,4.2,1430.0,0.29,0.0,Spring,No,Yes,Al Rawdah Branch,Arabic Literature,Premium,Sunday,4,23,1,Warm,0
2023-04-23,13,75.0,31.6,48.0,6.0,1193.0,1.16,0.0,Spring,No,Yes,Downtown Central,Fiction,Premium,Sunday,4,23,0,Warm,0
2023-04-23,14,39.0,31.9,53.5,7.3,1604.0,2.39,0.0,Spring,No,Yes,Al Hamra Branch,History,Walk-In,Sunday,4,23,0,Warm,0
2023-04-23,19,87.0,29.1,67.5,3.6,1488.0,0.0,0.0,Spring,No,Yes,Downtown Central,History,Regular,Sunday,4,23,1,Warm,0
2023-04-24,8,43.0,29.8,42.3,1.7,1190.0,1.77,0.0,Spring,No,Yes,Al Rawdah Branch,Business,Walk-In,Monday,4,24,0,Warm,0
2023-04-24,10,65.0,32.9,68.6,6.5,1819.0,1.08,0.0,Spring,No,Yes,Al Rawdah Branch,History,Premium,Monday,4,24,1,Warm,0
2023-04-24,11,55.0,33.9,49.9,6.2,1361.0,3.4,0.0,Spring,No,Yes,Al Hamra Branch,Children,Regular,Monday,4,24,1,Warm,0
2023-04-24,13,76.0,36.6,59.6,0.6,1417.0,0.95,0.0,Spring,No,Yes,Downtown Central,Science,Student,Monday,4,24,0,Hot,0
2023-04-24,14,39.0,37.2,67.2,4.4,1383.0,1.89,0.0,Spring,No,Yes,Al Hamra Branch,Science,Premium,Monday,4,24,0,Hot,0
2023-04-24,17,59.0,32.9,55.2,4.9,1534.0,2.74,0.0,Spring,No,Yes,Al Hamra Branch,Technology,Premium,Monday,4,24,1,Warm,0
2023-04-24,18,42.0,34.5,42.7,7.5,1680.0,0.87,0.0,Spring,No,Yes,Corniche Kiosk,History,Premium,Monday,4,24,1,Warm,0
2023-04-24,19,105.0,33.2,53.5,8.0,1062.0,0.0,0.0,Spring,No,Yes,Downtown Central,Business,Student,Monday,4,24,1,Warm,0
2023-04-24,21,28.0,31.6,55.4,2.3,1027.0,0.0,0.0,Spring,No,Yes,Corniche Kiosk,Children,Student,Monday,4,24,0,Warm,0
2023-04-25,10,46.0,32.2,53.1,3.0,840.0,0.85,0.0,Spring,No,Yes,Al Hamra Branch,Children,Walk-In,Tuesday,4,25,1,Warm,0
2023-04-25,11,48.0,32.7,44.6,4.1,1679.0,2.75,0.0,Spring,No,Yes,Al Hamra Branch,Fiction,Walk-In,Tuesday,4,25,1,Warm,0
2023-04-25,12,47.0,34.7,73.7,0.9,1963.0,0.74,0.0,Nan,No,Yes,Downtown Central,Business,Walk-In,Tuesday,4,25,0,Warm,0
2023-04-25,15,57.0,34.9,66.3,1.6,1952.0,3.11,0.0,Spring,No,Yes,Al Rawdah Branch,Science,Nan,Tuesday,4,25,0,Warm,0
2023-04-25,21,64.0,31.3,50.0,3.9,1519.0,0.0,0.0,Spring,Yes,Yes,Downtown Central,Arabic Literature,Student,Tuesday,4,25,0,Warm,0
2023-04-25,22,53.0,31.5,37.0,4.7,1861.0,0.0,0.0,Spring,No,Yes,University Branch,Business,Premium,Tuesday,4,25,0,Warm,0
2023-04-26,8,54.0,32.0,53.6,1.5,1857.0,1.72,2.8,Spring,No,Yes,Downtown Central,Arabic Literature,Premium,Wednesday,4,26,0,Warm,0
2023-04-26,12,51.0,36.3,75.3,1.1,1886.0,1.8,0.0,Spring,No,Yes,Al Rawdah Branch,Technology,Student,Wednesday,4,26,0,Hot,0
2023-04-26,14,72.0,36.2,54.0,3.5,1418.0,2.78,0.0,Spring,No,Yes,University Branch,Arabic Literature,Premium,Wednesday,4,26,0,Hot,0
2023-04-26,17,88.0,33.3,49.4,3.6,1604.0,1.15,0.0,Spring,No,Yes,Downtown Central,Fiction,Regular,Wednesday,4,26,1,Warm,0
2023-04-26,18,48.0,32.4,71.2,7.3,1749.0,1.66,0.0,Spring,No,Yes,Al Hamra Branch,History,Walk-In,Wednesday,4,26,1,Warm,0
2023-04-26,22,58.0,32.3,45.3,7.6,1744.0,0.0,0.0,Spring,No,Yes,Downtown Central,History,Student,Wednesday,4,26,0,Warm,0
2023-04-27,12,44.0,37.1,40.5,5.1,1419.0,0.74,0.0,Spring,No,Yes,Al Hamra Branch,Arabic Literature,Student,Thursday,4,27,0,Hot,0
2023-04-27,13,49.0,37.7,44.0,3.3,1632.0,0.25,0.0,Spring,No,Yes,University Branch,Arabic Literature,Premium,Thursday,4,27,0,Hot,0
2023-04-27,14,40.0,36.8,46.6,7.6,1595.0,0.47,0.0,Spring,No,Yes,Al Hamra Branch,Technology,Student,Thursday,4,27,0,Hot,0
2023-04-27,16,81.0,35.6,43.6,3.9,924.0,2.52,0.0,Spring,No,Yes,University Branch,Science,Regular,Thursday,4,27,1,Hot,0
2023-04-27,17,63.0,35.4,49.4,4.3,1860.0,2.65,0.0,Spring,No,Yes,Al Rawdah Branch,Technology,Regular,Thursday,4,27,1,Hot,0
2023-04-27,20,39.0,32.3,52.7,4.4,833.0,0.0,0.0,Spring,No,Yes,Al Hamra Branch,Technology,Premium,Thursday,4,27,0,Warm,0
2023-04-28,8,36.0,28.8,73.9,1.8,1862.0,2.28,0.0,Spring,Yes,Yes,University Branch,Non-Fiction,Walk-In,Friday,4,28,0,Warm,1
2023-04-28,9,34.0,31.0,70.9,2.9,1858.0,1.21,0.0,Spring,Yes,Yes,Al Hamra Branch,Arabic Literature,Walk-In,Friday,4,28,1,Warm,1
2023-04-28,10,39.0,33.5,50.4,5.9,1431.0,1.09,0.0,Spring,Yes,Yes,Al Rawdah Branch,Technology,Walk-In,Friday,4,28,1,Warm,1
2023-04-28,11,32.0,31.9,52.7,2.7,1745.0,3.25,0.0,Spring,Yes,Yes,Corniche Kiosk,Arabic Literature,Student,Friday,4,28,1,Warm,1
2023-04-28,12,38.0,34.2,62.0,2.5,1560.0,2.85,0.0,Spring,Yes,Yes,Al Hamra Branch,Business,Student,Friday,4,28,0,Warm,1
2023-04-28,13,39.0,36.0,49.1,6.7,1004.0,1.21,0.0,Spring,Yes,Yes,University Branch,Fiction,Premium,Friday,4,28,0,Hot,1
2023-04-28,14,17.0,35.1,63.1,1.0,1746.0,1.085,0.0,Spring,Yes,Yes,Al Hamra Branch,Arabic Literature,Walk-In,Friday,4,28,0,Hot,1
2023-04-28,15,40.0,33.8,62.0,5.0,1223.0,1.63,0.0,Spring,Yes,Yes,Downtown Central,Fiction,Nan,Friday,4,28,0,Warm,1
2023-04-28,16,71.0,34.4,59.8,2.3,1934.0,1.75,0.0,Spring,Yes,Yes,University Branch,Science,Student,Friday,4,28,1,Warm,1
2023-04-28,17,47.0,31.0,62.9,4.3,1353.0,3.49,0.0,Spring,Yes,Yes,Al Hamra Branch,Arabic Literature,Premium,Friday,4,28,1,Warm,1
2023-04-28,20,28.0,30.2,75.2,2.6,889.0,0.0,0.0,Spring,Yes,Yes,Al Hamra Branch,Science,Premium,Friday,4,28,0,Warm,1
2023-04-28,22,35.0,29.2,54.6,4.2,1653.0,0.0,0.0,Spring,Yes,Yes,Downtown Central,History,Regular,Friday,4,28,0,Warm,1
2023-04-29,8,48.0,32.9,68.3,7.3,1234.0,2.91,0.0,Spring,No,Yes,University Branch,Children,Regular,Saturday,4,29,0,Warm,1
2023-04-29,10,58.0,35.3,78.5,2.5,1403.0,1.28,0.0,Spring,No,Yes,Al Rawdah Branch,Arabic Literature,Student,Saturday,4,29,1,Hot,1
2023-04-29,11,71.0,34.5,66.1,0.9,1454.0,1.85,0.0,Spring,No,Yes,University Branch,Arabic Literature,Premium,Saturday,4,29,1,Warm,1
2023-04-29,12,45.0,39.7,72.1,4.2,1990.0,3.41,0.0,Spring,No,Yes,Downtown Central,Business,Regular,Saturday,4,29,0,Hot,1
2023-04-29,14,26.0,38.2,48.2,4.2,1107.0,1.82,0.0,Spring,No,Yes,Al Hamra Branch,Fiction,Walk-In,Saturday,4,29,0,Hot,1
2023-04-29,15,31.0,40.3,68.3,0.9,1725.0,2.42,0.0,Spring,No,Yes,Downtown Central,History,Walk-In,Saturday,4,29,0,Hot,1
2023-04-29,16,61.0,38.9,64.2,6.6,1738.0,2.03,0.0,Spring,No,Yes,Downtown Central,Technology,Regular,Saturday,4,29,1,Hot,1
2023-04-29,17,33.0,35.8,56.0,4.8,1024.0,1.84,0.0,Spring,No,Yes,Corniche Kiosk,Science,Premium,Saturday,4,29,1,Hot,1
2023-04-29,19,49.0,36.1,56.1,4.7,1562.0,0.0,0.0,Spring,No,Yes,Al Rawdah Branch,Fiction,Nan,Saturday,4,29,1,Hot,1
2023-04-29,21,26.0,33.8,48.8,3.8,1280.0,0.0,0.0,Spring,No,Yes,Al Hamra Branch,Technology,Regular,Saturday,4,29,0,Warm,1
2023-04-29,22,24.0,32.6,54.7,6.1,827.0,0.0,0.0,Spring,No,Yes,Al Hamra Branch,Technology,Walk-In,Saturday,4,29,0,Warm,1
2023-04-30,8,74.0,30.5,78.2,1.2,1946.0,2.25,0.0,Spring,No,Yes,University Branch,Science,Student,Sunday,4,30,0,Warm,0
2023-04-30,13,62.0,37.5,60.6,4.9,1110.0,2.73,0.0,Spring,No,Yes,Downtown Central,Arabic Literature,Premium,Sunday,4,30,0,Hot,0
2023-04-30,14,74.0,35.5,57.8,7.5,1197.0,2.31,0.0,Spring,No,Yes,Downtown Central,Technology,Student,Sunday,4,30,0,Hot,0
2023-04-30,17,62.0,33.7,76.4,7.2,1662.0,0.23,0.0,Spring,No,Yes,Al Rawdah Branch,Technology,Premium,Sunday,4,30,1,Warm,0
2023-04-30,18,34.0,35.4,65.4,3.8,1358.0,3.38,0.0,Spring,No,Yes,Corniche Kiosk,Technology,Premium,Sunday,4,30,1,Hot,0
2023-04-30,20,46.0,32.8,71.4,7.2,1042.0,0.0,0.0,Spring,No,Yes,Al Rawdah Branch,Business,Premium,Sunday,4,30,0,Warm,0
2023-04-30,21,24.0,32.7,42.5,7.9,1362.0,0.0,4.5,Spring,No,Yes,Corniche Kiosk,Technology,Regular,Sunday,4,30,0,Warm,0
2023-04-30,22,23.0,31.0,70.6,4.2,1952.0,0.0,0.0,Spring,No,Yes,Corniche Kiosk,Children,Student,Sunday,4,30,0,Warm,0
2023-05-01,10,60.0,33.7,61.6,5.5,1294.0,0.07,0.0,Spring,No,Yes,Al Hamra Branch,History,Student,Monday,5,1,1,Warm,0
2023-05-01,14,71.0,35.1,48.8,1.0,1558.0,2.63,0.0,Spring,No,Yes,University Branch,History,Student,Monday,5,1,0,Hot,0
2023-05-01,15,55.0,35.5,49.9,4.1,1144.0,3.02,0.0,Nan,No,Yes,University Branch,Children,Walk-In,Monday,5,1,0,Hot,0
2023-05-01,16,63.0,36.3,47.4,7.8,870.0,0.44,0.0,Nan,No,Yes,Al Hamra Branch,Children,Student,Monday,5,1,1,Hot,0
2023-05-01,20,22.0,32.0,48.5,4.1,947.0,0.0,0.0,Spring,No,Yes,Corniche Kiosk,History,Walk-In,Monday,5,1,0,Warm,0
2023-05-01,21,40.0,31.2,69.8,2.2,968.0,0.0,0.0,Spring,No,Yes,Al Rawdah Branch,Business,Student,Monday,5,1,0,Warm,0
2023-05-02,9,31.0,30.6,48.8,6.2,899.0,1.26,0.0,Spring,Yes,Yes,Corniche Kiosk,Fiction,Premium,Tuesday,5,2,1,Warm,0
2023-05-02,11,55.0,34.1,60.1,4.2,1636.0,2.77,0.0,Spring,Yes,Yes,Al Rawdah Branch,Arabic Literature,Premium,Tuesday,5,2,1,Warm,0
2023-05-02,16,57.0,35.6,60.1,4.0,1900.0,2.35,0.0,Spring,Yes,Yes,Al Rawdah Branch,Non-Fiction,Premium,Tuesday,5,2,1,Hot,0
2023-05-02,17,38.0,34.2,53.7,7.9,1393.0,1.65,0.0,Spring,Yes,Yes,Corniche Kiosk,Arabic Literature,Student,Tuesday,5,2,1,Warm,0
2023-05-02,18,79.0,32.5,62.8,5.0,1109.0,1.18,0.0,Spring,Yes,Yes,Downtown Central,History,Premium,Tuesday,5,2,1,Warm,0
2023-05-02,20,44.0,30.6,62.7,6.0,1588.0,0.0,0.0,Spring,Yes,Yes,Al Rawdah Branch,Science,Student,Tuesday,5,2,0,Warm,0
2023-05-02,22,10.0,30.6,66.6,2.8,1909.0,0.0,0.0,Spring,Yes,Yes,Corniche Kiosk,History,Walk-In,Tuesday,5,2,0,Warm,0
2023-05-03,12,47.0,30.4,69.6,7.8,1447.0,2.69,0.0,Spring,No,Yes,Al Hamra Branch,Science,Regular,Wednesday,5,3,0,Warm,0
2023-05-03,14,53.0,28.7,60.3,2.9,1057.0,0.14,0.0,Spring,No,Yes,Al Hamra Branch,Fiction,Student,Wednesday,5,3,0,Warm,0
2023-05-03,17,63.0,32.2,56.8,4.3,876.0,1.82,1.7,Spring,No,Yes,Al Hamra Branch,Arabic Literature,Premium,Wednesday,5,3,1,Warm,0
2023-05-03,18,44.0,27.6,49.1,5.6,1639.0,3.43,0.0,Spring,Yes,Yes,University Branch,Non-Fiction,Regular,Wednesday,5,3,1,Warm,0
2023-05-03,19,50.0,25.2,54.2,7.1,837.0,0.0,0.0,Spring,No,Yes,Al Hamra Branch,Children,Nan,Wednesday,5,3,1,Warm,0
2023-05-03,20,49.0,23.0,46.5,6.6,1067.0,0.0,0.0,Spring,No,Yes,University Branch,Business,Regular,Wednesday,5,3,0,Cool,0
2023-05-03,21,45.0,25.4,65.6,1.1,1955.0,0.0,0.0,Spring,No,Yes,Al Rawdah Branch,Non-Fiction,Student,Wednesday,5,3,0,Warm,0
2023-05-04,8,79.0,27.9,77.0,4.9,1796.0,3.3,0.0,Spring,No,Yes,University Branch,Non-Fiction,Student,Thursday,5,4,0,Warm,0
2023-05-04,9,48.0,27.5,59.5,1.5,1315.0,0.53,0.0,Spring,No,Yes,Al Hamra Branch,Children,Walk-In,Thursday,5,4,1,Warm,0
2023-05-04,10,98.0,28.4,38.9,3.7,1423.0,1.42,0.0,Spring,No,Yes,Downtown Central,Fiction,Premium,Thursday,5,4,1,Warm,0
2023-05-04,13,69.0,32.8,70.8,6.7,1894.0,0.12,0.0,Spring,No,Yes,University Branch,Technology,Premium,Thursday,5,4,0,Warm,0
2023-05-04,14,20.0,33.8,74.3,3.7,1179.0,0.67,0.0,Spring,No,Yes,Corniche Kiosk,Technology,Walk-In,Thursday,5,4,0,Warm,0
2023-05-04,17,110.0,28.4,69.2,1.5,1768.0,3.35,0.0,Spring,No,Yes,University Branch,Arabic Literature,Student,Thursday,5,4,1,Warm,0
2023-05-04,19,71.0,28.5,57.3,5.6,854.0,0.0,0.0,Spring,No,Yes,Al Hamra Branch,Business,Student,Thursday,5,4,1,Warm,0
2023-05-04,20,59.0,28.9,44.7,0.6,1232.0,0.0,0.0,Spring,No,Yes,Al Rawdah Branch,Children,Student,Thursday,5,4,0,Warm,0
2023-05-04,21,42.0,28.8,64.4,7.2,1071.0,0.0,0.0,Spring,No,Yes,Al Hamra Branch,Non-Fiction,Premium,Thursday,5,4,0,Warm,0
2023-05-04,22,19.0,27.3,55.9,2.1,1547.0,0.0,0.0,Spring,No,Yes,Corniche Kiosk,Non-Fiction,Regular,Thursday,5,4,0,Warm,0
2023-05-05,10,50.0,27.9,66.4,5.2,1177.0,1.03,0.0,Spring,Yes,Yes,Al Hamra Branch,History,Premium,Friday,5,5,1,Warm,1
2023-05-05,11,33.0,28.5,37.8,4.6,1394.0,1.12,0.0,Spring,Yes,Yes,Corniche Kiosk,Business,Regular,Friday,5,5,1,Warm,1
2023-05-05,12,36.0,31.8,54.3,1.1,1748.0,0.92,4.1,Spring,Yes,Yes,Downtown Central,Arabic Literature,Regular,Friday,5,5,0,Warm,1
2023-05-05,14,42.0,33.0,71.8,1.7,1319.0,2.15,0.1,Spring,Yes,Yes,Downtown Central,History,Premium,Friday,5,5,0,Warm,1
2023-05-05,16,73.0,33.1,67.0,4.8,984.0,2.12,0.0,Spring,Yes,Yes,University Branch,History,Student,Friday,5,5,1,Warm,1
2023-05-05,17,40.0,30.0,61.4,4.7,1172.0,1.65,0.0,Spring,Yes,Yes,Al Hamra Branch,Fiction,Walk-In,Friday,5,5,1,Warm,1
2023-05-05,21,11.0,27.3,45.3,7.5,1830.0,0.0,0.0,Spring,Yes,Yes,Corniche Kiosk,Science,Walk-In,Friday,5,5,0,Warm,1
2023-05-05,22,21.0,26.5,71.5,7.9,913.0,0.0,0.0,Spring,Yes,Yes,Al Hamra Branch,History,Premium,Friday,5,5,0,Warm,1
2023-05-06,9,68.0,29.6,52.8,3.1,1234.0,3.45,0.0,Spring,No,Yes,Al Hamra Branch,Technology,Student,Saturday,5,6,1,Warm,1
2023-05-06,11,35.0,31.5,67.3,4.1,1998.0,0.26,0.0,Spring,No,Yes,Corniche Kiosk,Fiction,Premium,Saturday,5,6,1,Warm,1
2023-05-06,12,28.0,35.2,43.4,7.8,1399.0,0.55,0.0,Spring,No,Yes,Corniche Kiosk,Fiction,Regular,Saturday,5,6,0,Hot,1
2023-05-06,14,34.0,36.3,40.5,7.5,1257.0,2.33,0.0,Spring,No,Yes,Al Rawdah Branch,Fiction,Walk-In,Saturday,5,6,0,Hot,1
2023-05-06,16,44.0,36.9,61.2,5.6,1542.0,0.55,0.0,Spring,No,Yes,University Branch,Fiction,Regular,Saturday,5,6,1,Hot,1
2023-05-06,19,46.0,32.6,46.5,4.4,1608.0,0.0,0.0,Spring,No,Yes,Al Hamra Branch,Arabic Literature,Walk-In,Saturday,5,6,1,Warm,1
2023-05-06,21,14.0,31.7,71.6,6.6,1758.0,0.0,0.0,Nan,No,Yes,Corniche Kiosk,Business,Walk-In,Saturday,5,6,0,Warm,1
2023-05-06,22,23.0,30.8,56.1,5.9,1615.0,0.0,0.0,Spring,No,Yes,Corniche Kiosk,Arabic Literature,Premium,Saturday,5,6,0,Warm,1
2023-05-07,11,64.0,28.7,75.3,0.7,1066.0,0.73,0.0,Spring,No,Yes,Al Hamra Branch,Non-Fiction,Premium,Sunday,5,7,1,Warm,0
2023-05-07,12,83.0,32.4,56.9,8.0,1945.0,1.38,0.0,Spring,No,Yes,Downtown Central,History,Student,Sunday,5,7,0,Warm,0
2023-05-07,14,33.0,33.4,55.1,4.5,1618.0,2.09,0.0,Spring,No,Yes,Al Hamra Branch,Technology,Walk-In,Sunday,5,7,0,Warm,0
2023-05-07,16,39.0,32.6,67.9,1.9,838.0,2.66,2.0,Spring,No,Yes,Corniche Kiosk,Business,Premium,Sunday,5,7,1,Warm,0
2023-05-07,17,52.0,29.3,61.8,7.7,1952.0,0.36,0.0,Spring,No,Yes,Al Rawdah Branch,History,Nan,Sunday,5,7,1,Warm,0
2023-05-07,21,49.0,27.1,60.3,3.8,1677.0,0.0,0.0,Spring,No,Yes,Al Rawdah Branch,Fiction,Student,Sunday,5,7,0,Warm,0
2023-05-08,9,52.0,30.3,55.3,2.5,1399.0,0.15,0.0,Spring,No,Yes,Corniche Kiosk,Children,Student,Monday,5,8,1,Warm,0
2023-05-08,10,55.0,31.8,60.6,2.1,1951.0,2.88,0.0,Spring,No,Yes,Al Rawdah Branch,Children,Walk-In,Monday,5,8,1,Warm,0
2023-05-08,11,36.0,31.9,48.1,7.4,805.0,1.02,0.0,Spring,No,Yes,Corniche Kiosk,Science,Regular,Monday,5,8,1,Warm,0
2023-05-08,12,47.0,35.3,56.5,2.0,1774.0,3.29,0.0,Spring,No,Yes,Al Hamra Branch,Children,Student,Monday,5,8,0,Hot,0
2023-05-08,13,56.0,34.1,55.5,4.5,1431.0,2.53,0.0,Spring,No,Yes,Al Hamra Branch,Fiction,Student,Monday,5,8,0,Warm,0
2023-05-08,14,44.0,35.6,65.9,1.5,1106.0,1.43,0.0,Spring,No,Yes,Al Rawdah Branch,Children,Regular,Monday,5,8,0,Hot,0
2023-05-08,15,51.0,35.4,53.2,3.9,1396.0,1.73,0.0,Spring,No,Yes,Al Rawdah Branch,Children,Premium,Monday,5,8,0,Hot,0
2023-05-08,19,95.0,32.1,58.5,7.4,1815.0,0.0,0.0,Spring,No,Yes,University Branch,Science,Student,Monday,5,8,1,Warm,0
2023-05-08,20,72.0,28.5,63.7,1.6,1379.0,0.0,0.0,Spring,No,Yes,Downtown Central,Technology,Premium,Monday,5,8,0,Warm,0
2023-05-08,21,39.0,28.4,79.3,5.5,1399.0,0.0,0.0,Spring,No,Yes,University Branch,Arabic Literature,Walk-In,Monday,5,8,0,Warm,0
2023-05-08,22,25.0,29.0,46.8,4.8,1500.0,0.0,0.0,Spring,No,Yes,Corniche Kiosk,Arabic Literature,Regular,Monday,5,8,0,Warm,0
2023-05-09,8,60.0,25.6,66.3,5.8,1929.0,1.52,0.0,Spring,No,Yes,Downtown Central,Science,Regular,Tuesday,5,9,0,Warm,0
2023-05-09,10,69.0,26.7,52.5,7.1,1765.0,2.59,0.0,Spring,No,Yes,Al Hamra Branch,Non-Fiction,Student,Tuesday,5,9,1,Warm,0
2023-05-09,12,40.0,30.4,60.0,4.6,1332.0,2.99,0.0,Spring,No,Yes,Corniche Kiosk,Science,Premium,Tuesday,5,9,0,Warm,0
2023-05-09,14,32.0,29.3,74.2,6.4,1500.0,0.04,0.0,Spring,No,Yes,Corniche Kiosk,Arabic Literature,Premium,Tuesday,5,9,0,Warm,0
2023-05-09,17,95.0,26.9,42.0,4.0,1076.0,2.47,0.0,Spring,No,Yes,Downtown Central,Arabic Literature,Regular,Tuesday,5,9,1,Warm,0
2023-05-09,19,83.0,26.6,72.8,7.9,1791.0,0.0,0.0,Spring,No,Yes,University Branch,Fiction,Regular,Tuesday,5,9,1,Warm,0
2023-05-10,9,81.0,32.7,52.0,3.3,861.0,1.14,0.0,Spring,No,Yes,Downtown Central,Children,Regular,Wednesday,5,10,1,Warm,0
2023-05-10,10,68.0,34.6,71.7,4.2,1509.0,2.51,0.0,Spring,No,Yes,Al Rawdah Branch,History,Student,Wednesday,5,10,1,Warm,0
2023-05-10,12,20.0,38.6,53.7,3.0,959.0,0.07,0.0,Spring,No,Yes,Corniche Kiosk,Arabic Literature,Regular,Wednesday,5,10,0,Hot,0
2023-05-10,14,38.0,36.8,67.5,3.5,1505.0,1.01,0.0,Spring,No,Yes,Al Rawdah Branch,Business,Regular,Wednesday,5,10,0,Hot,0
2023-05-10,16,65.0,37.9,51.1,3.9,1198.0,0.52,0.0,Spring,No,Yes,Al Rawdah Branch,Fiction,Student,Wednesday,5,10,1,Hot,0
2023-05-10,18,45.0,36.2,71.8,1.1,1427.0,2.97,0.0,Spring,No,Yes,Corniche Kiosk,History,Student,Wednesday,5,10,1,Hot,0
2023-05-11,8,56.0,27.8,63.8,6.0,1488.0,0.5,0.3,Spring,No,Yes,Downtown Central,Children,Premium,Thursday,5,11,0,Warm,0
2023-05-11,10,58.0,29.6,42.6,4.6,1138.0,1.42,0.0,Spring,No,Yes,Al Rawdah Branch,Business,Walk-In,Thursday,5,11,1,Warm,0
2023-05-11,11,43.0,29.7,44.7,6.9,1249.0,1.85,0.0,Spring,No,Yes,Corniche Kiosk,Business,Premium,Thursday,5,11,1,Warm,0
2023-05-11,12,80.0,31.0,60.8,4.9,1994.0,1.32,0.0,Spring,No,Yes,Downtown Central,Technology,Premium,Thursday,5,11,0,Warm,0
2023-05-11,13,85.0,31.0,40.8,5.4,1310.0,2.28,0.0,Spring,No,Yes,University Branch,Non-Fiction,Student,Thursday,5,11,0,Warm,0
2023-05-11,14,74.0,33.0,56.2,2.6,1486.0,2.85,0.0,Nan,No,Yes,University Branch,Fiction,Regular,Thursday,5,11,0,Warm,0
2023-05-11,16,67.0,30.9,69.6,3.0,1577.0,2.71,0.0,Spring,No,Yes,University Branch,Technology,Walk-In,Thursday,5,11,1,Warm,0
2023-05-11,17,48.0,28.2,75.8,7.5,1595.0,2.79,0.0,Spring,No,Yes,Corniche Kiosk,Science,Premium,Thursday,5,11,1,Warm,0
2023-05-11,19,46.0,28.2,71.4,5.2,1614.0,0.0,0.0,Spring,No,Yes,Corniche Kiosk,Technology,Student,Thursday,5,11,1,Warm,0
2023-05-11,20,63.0,25.8,42.3,4.9,1027.0,0.0,0.0,Spring,No,Yes,Downtown Central,History,Regular,Thursday,5,11,0,Warm,0
2023-05-12,9,61.0,30.0,58.5,3.3,1342.0,2.0,0.0,Spring,Yes,Yes,Al Rawdah Branch,Science,Student,Friday,5,12,1,Warm,1
2023-05-12,10,42.0,30.9,60.3,1.1,1161.0,0.26,0.0,Nan,Yes,Yes,Al Hamra Branch,History,Premium,Friday,5,12,1,Warm,1
2023-05-12,14,39.0,34.3,71.6,5.1,1036.0,2.02,0.0,Spring,Yes,Yes,University Branch,Business,Regular,Friday,5,12,0,Warm,1
2023-05-12,16,60.0,33.8,60.3,6.8,980.0,3.22,4.3,Spring,Yes,Yes,Downtown Central,Arabic Literature,Regular,Friday,5,12,1,Warm,1
2023-05-12,17,50.0,29.7,73.3,6.8,1855.0,0.56,0.0,Spring,Yes,Yes,Al Hamra Branch,Children,Premium,Friday,5,12,1,Warm,1
2023-05-12,21,22.0,28.2,49.0,7.6,1549.0,0.0,0.0,Spring,Yes,Yes,Al Hamra Branch,Business,Regular,Friday,5,12,0,Warm,1
2023-05-13,8,51.0,26.6,63.1,3.0,946.0,0.76,0.0,Spring,No,Yes,University Branch,Children,Regular,Saturday,5,13,0,Warm,1
2023-05-13,9,91.0,24.7,69.0,4.2,1777.0,3.02,0.0,Spring,No,Yes,Downtown Central,Technology,Student,Saturday,5,13,1,Cool,1
2023-05-13,12,25.0,31.6,64.0,3.9,1868.0,0.53,0.0,Spring,No,Yes,Corniche Kiosk,Technology,Premium,Saturday,5,13,0,Warm,1
2023-05-13,13,44.0,32.0,70.1,2.5,1567.0,0.43,0.0,Spring,No,Yes,Al Hamra Branch,History,Student,Saturday,5,13,0,Warm,1
2023-05-13,14,42.0,29.6,67.8,2.4,1009.0,1.38,0.0,Spring,No,Yes,Al Rawdah Branch,Science,Regular,Saturday,5,13,0,Warm,1
2023-05-13,16,86.0,32.0,65.6,4.2,1647.0,3.15,0.0,Nan,No,Yes,University Branch,Technology,Regular,Saturday,5,13,1,Warm,1
2023-05-13,17,70.0,28.6,64.6,7.7,974.0,2.79,0.0,Spring,No,Yes,Al Rawdah Branch,Children,Premium,Saturday,5,13,1,Warm,1
2023-05-13,18,99.0,26.7,55.5,4.6,1754.0,1.79,0.0,Spring,No,Yes,University Branch,History,Student,Saturday,5,13,1,Warm,1
2023-05-13,21,27.0,26.3,64.8,5.6,1399.0,0.0,0.0,Spring,No,Yes,Al Hamra Branch,Business,Regular,Saturday,5,13,0,Warm,1
2023-05-14,8,34.0,28.9,69.3,6.0,1133.0,0.6,0.0,Spring,No,Yes,Corniche Kiosk,Children,Premium,Sunday,5,14,0,Warm,0
2023-05-14,9,80.0,27.8,74.4,2.2,1708.0,2.57,4.3,Spring,No,Yes,Downtown Central,Technology,Regular,Sunday,5,14,1,Warm,0
2023-05-14,10,45.0,29.7,65.0,4.4,1330.0,3.1,0.0,Spring,No,Yes,Corniche Kiosk,History,Premium,Sunday,5,14,1,Warm,0
2023-05-14,11,51.0,31.9,53.2,7.2,1996.0,1.76,0.0,Spring,No,Yes,Al Rawdah Branch,Fiction,Walk-In,Sunday,5,14,1,Warm,0
2023-05-14,13,48.0,32.2,38.9,1.1,1103.0,1.9,0.0,Spring,No,Yes,Al Rawdah Branch,Technology,Walk-In,Sunday,5,14,0,Warm,0
2023-05-14,16,61.0,34.2,47.0,0.8,1233.0,3.05,0.0,Spring,No,Yes,Al Hamra Branch,Arabic Literature,Regular,Sunday,5,14,1,Warm,0
2023-05-14,17,30.0,30.3,72.0,1.5,902.0,1.32,0.0,Spring,No,Yes,Corniche Kiosk,Business,Walk-In,Sunday,5,14,1,Warm,0
2023-05-14,18,113.0,29.2,53.5,2.9,1687.0,1.43,0.0,Spring,No,Yes,Downtown Central,Business,Student,Sunday,5,14,1,Warm,0
2023-05-14,20,54.0,29.8,48.6,5.3,1086.0,0.0,0.0,Spring,No,Yes,Al Rawdah Branch,Fiction,Premium,Sunday,5,14,0,Warm,0
2023-05-15,8,21.0,28.3,61.3,7.5,1819.0,1.58,0.0,Spring,No,Yes,Corniche Kiosk,Arabic Literature,Walk-In,Monday,5,15,0,Warm,0
2023-05-15,13,49.0,31.1,52.4,5.1,1393.0,3.39,0.0,Spring,No,Yes,Al Rawdah Branch,Technology,Walk-In,Monday,5,15,0,Warm,0
2023-05-15,17,80.0,32.2,73.1,5.7,1476.0,1.45,0.0,Spring,No,Yes,Downtown Central,Non-Fiction,Walk-In,Monday,5,15,1,Warm,0
2023-05-15,18,59.0,29.5,72.2,6.6,872.0,0.75,0.0,Spring,No,Yes,Al Hamra Branch,History,Regular,Monday,5,15,1,Warm,0
2023-05-15,19,106.0,28.8,51.8,7.4,1627.0,0.0,0.0,Spring,No,Yes,Downtown Central,Non-Fiction,Student,Monday,5,15,1,Warm,0
2023-05-15,20,46.0,28.4,50.4,2.9,1850.0,0.0,0.0,Spring,No,Yes,Al Rawdah Branch,Non-Fiction,Regular,Monday,5,15,0,Warm,0
2023-05-15,21,36.0,26.8,61.9,7.5,1585.0,0.0,0.0,Spring,No,Yes,Al Hamra Branch,History,Premium,Monday,5,15,0,Warm,0
2023-05-16,8,60.0,27.2,50.6,6.6,1588.0,3.39,0.0,Spring,No,Yes,Al Rawdah Branch,Science,Student,Tuesday,5,16,0,Warm,0
2023-05-16,10,61.0,29.4,72.2,3.9,1054.0,0.91,0.0,Spring,No,Yes,Al Hamra Branch,Science,Premium,Tuesday,5,16,1,Warm,0
2023-05-16,13,38.0,32.2,42.7,3.8,1952.0,2.35,0.0,Spring,No,Yes,Al Hamra Branch,History,Walk-In,Tuesday,5,16,0,Warm,0
2023-05-16,14,58.0,32.5,44.1,1.0,1801.0,2.15,0.0,Spring,No,Yes,Al Rawdah Branch,Science,Premium,Tuesday,5,16,0,Warm,0
2023-05-16,16,47.0,33.6,65.2,5.6,1517.0,3.27,0.0,Spring,No,Yes,Al Hamra Branch,Science,Walk-In,Tuesday,5,16,1,Warm,0
2023-05-16,17,66.0,28.0,52.6,1.3,1652.0,1.01,0.0,Spring,No,Yes,Al Rawdah Branch,Business,Regular,Tuesday,5,16,1,Warm,0
2023-05-16,21,41.0,26.5,43.7,3.4,1597.0,0.0,0.0,Spring,No,Yes,Al Rawdah Branch,Arabic Literature,Student,Tuesday,5,16,0,Warm,0
2023-05-16,22,24.0,26.1,71.3,4.2,1754.0,0.0,0.0,Spring,No,Yes,Corniche Kiosk,History,Premium,Tuesday,5,16,0,Warm,0
2023-05-17,9,86.0,23.3,56.0,3.2,1098.0,3.39,0.0,Spring,No,Yes,Downtown Central,History,Regular,Wednesday,5,17,1,Cool,0
2023-05-17,10,74.0,25.6,74.0,5.6,1345.0,3.19,0.0,Spring,No,Yes,Downtown Central,Science,Walk-In,Wednesday,5,17,1,Warm,0
2023-05-17,11,44.0,26.7,62.7,1.5,1052.0,2.85,0.0,Spring,Yes,Yes,Corniche Kiosk,Business,Premium,Wednesday,5,17,1,Warm,0
2023-05-17,12,34.0,29.0,61.1,5.4,1419.0,2.73,0.0,Spring,No,Yes,Corniche Kiosk,Children,Regular,Wednesday,5,17,0,Warm,0
2023-05-17,13,51.0,28.0,63.2,2.8,1961.0,0.79,0.0,Spring,No,Yes,Al Hamra Branch,Fiction,Nan,Wednesday,5,17,0,Warm,0
2023-05-17,14,40.0,29.7,65.5,4.7,1683.0,3.03,0.0,Spring,No,Yes,Al Hamra Branch,Children,Walk-In,Wednesday,5,17,0,Warm,0
2023-05-17,16,79.0,29.0,46.5,2.6,1399.0,2.95,0.0,Spring,No,Yes,Al Hamra Branch,Children,Student,Wednesday,5,17,1,Warm,0
2023-05-17,17,76.0,26.4,69.8,6.3,1929.0,0.77,0.0,Spring,No,Yes,Al Rawdah Branch,Business,Student,Wednesday,5,17,1,Warm,0
2023-05-17,18,76.0,25.3,61.5,6.3,1257.0,0.02,0.0,Spring,No,Yes,Downtown Central,Children,Walk-In,Wednesday,5,17,1,Warm,0
2023-05-17,19,87.0,27.3,64.7,7.0,1763.0,0.0,0.0,Spring,No,Yes,Downtown Central,Business,Regular,Wednesday,5,17,1,Warm,0
2023-05-17,20,35.0,23.2,55.4,6.0,1399.0,0.0,0.0,Spring,No,Yes,Al Rawdah Branch,Business,Walk-In,Wednesday,5,17,0,Cool,0
2023-05-17,22,43.0,23.7,43.8,1.3,1681.0,0.0,0.0,Spring,No,Yes,University Branch,Science,Walk-In,Wednesday,5,17,0,Cool,0
2023-05-18,8,68.0,30.9,70.7,1.3,1941.0,2.27,0.0,Spring,No,Yes,Downtown Central,Technology,Premium,Thursday,5,18,0,Warm,0
2023-05-18,11,44.0,35.3,55.8,4.7,951.0,1.75,0.0,Spring,No,Yes,Al Hamra Branch,Science,Walk-In,Thursday,5,18,1,Hot,0
2023-05-18,12,27.0,37.0,64.6,5.7,1297.0,2.13,0.0,Spring,No,Yes,Corniche Kiosk,Business,Student,Thursday,5,18,0,Hot,0
2023-05-18,13,59.0,38.4,43.7,1.1,1906.0,2.8,0.0,Spring,No,Yes,Downtown Central,Arabic Literature,Premium,Thursday,5,18,0,Hot,0
2023-05-18,14,59.0,36.7,77.4,7.1,1040.0,1.76,0.0,Spring,No,Yes,Downtown Central,History,Premium,Thursday,5,18,0,Hot,0
2023-05-18,15,60.0,37.8,73.6,5.0,1700.0,3.48,0.0,Spring,No,Yes,University Branch,Science,Premium,Thursday,5,18,0,Hot,0
2023-05-18,16,60.0,37.0,63.1,7.1,858.0,2.84,3.3,Spring,No,Yes,University Branch,Non-Fiction,Regular,Thursday,5,18,1,Hot,0
2023-05-18,18,88.0,35.1,44.1,7.9,1125.0,2.41,0.0,Spring,No,Yes,Downtown Central,Arabic Literature,Premium,Thursday,5,18,1,Hot,0
2023-05-18,19,72.0,33.7,74.0,4.5,1141.0,0.0,0.0,Spring,No,Yes,Al Rawdah Branch,Fiction,Student,Thursday,5,18,1,Warm,0
2023-05-18,20,54.0,31.5,44.4,2.0,829.0,0.0,0.0,Spring,No,Yes,University Branch,Business,Regular,Thursday,5,18,0,Warm,0
2023-05-18,22,28.0,33.6,49.9,7.5,1146.0,0.0,0.0,Spring,No,Yes,Al Rawdah Branch,Arabic Literature,Walk-In,Thursday,5,18,0,Warm,0
2023-05-19,13,49.0,30.5,49.5,1.9,1646.0,2.91,0.0,Spring,Yes,Yes,Al Rawdah Branch,Fiction,Student,Friday,5,19,0,Warm,1
2023-05-19,15,54.0,30.6,49.5,5.8,1828.0,2.53,0.0,Spring,Yes,Yes,Downtown Central,Fiction,Regular,Friday,5,19,0,Warm,1
2023-05-19,16,20.0,31.9,49.7,3.8,1661.0,0.84,0.0,Spring,Yes,Yes,Corniche Kiosk,Fiction,Walk-In,Friday,5,19,1,Warm,1
2023-05-19,17,75.0,28.3,77.8,7.1,1140.0,1.29,0.0,Spring,Yes,Yes,University Branch,Science,Premium,Friday,5,19,1,Warm,1
2023-05-19,19,69.0,29.2,51.3,4.2,1176.0,0.0,0.0,Spring,Yes,Yes,Downtown Central,Children,Regular,Friday,5,19,1,Warm,1
2023-05-19,20,28.0,26.3,47.8,6.8,1684.0,0.0,0.0,Spring,Yes,Yes,Al Rawdah Branch,Non-Fiction,Regular,Friday,5,19,0,Warm,1
2023-05-19,21,22.0,25.2,61.4,4.6,1065.0,0.0,0.0,Spring,Yes,Yes,Al Rawdah Branch,Science,Regular,Friday,5,19,0,Warm,1
2023-05-20,8,27.0,30.3,56.0,0.7,1399.0,1.53,0.0,Spring,Yes,Yes,Al Hamra Branch,Arabic Literature,Walk-In,Saturday,5,20,0,Warm,1
2023-05-20,9,52.0,30.4,55.7,6.4,1252.0,1.98,0.0,Spring,Yes,Yes,Al Rawdah Branch,Science,Premium,Saturday,5,20,1,Warm,1
2023-05-20,10,31.0,30.8,66.1,7.8,1299.0,0.37,0.0,Spring,Yes,Yes,Al Hamra Branch,Arabic Literature,Regular,Saturday,5,20,1,Warm,1
2023-05-20,11,37.0,32.1,69.4,7.3,1232.0,1.82,0.0,Spring,Yes,Yes,Al Hamra Branch,Arabic Literature,Regular,Saturday,5,20,1,Warm,1
2023-05-20,12,17.0,35.6,72.1,4.2,1963.0,0.87,0.0,Spring,Yes,Yes,Corniche Kiosk,Fiction,Regular,Saturday,5,20,0,Hot,1
2023-05-20,13,6.0,33.7,45.0,5.0,1013.0,0.59,1.2,Spring,Yes,Yes,Corniche Kiosk,Arabic Literature,Walk-In,Saturday,5,20,0,Warm,1
2023-05-20,15,33.0,35.0,62.1,4.0,1843.0,2.95,0.0,Spring,Yes,Yes,Al Rawdah Branch,Technology,Premium,Saturday,5,20,0,Warm,1
2023-05-20,17,36.0,30.5,77.9,6.8,864.0,2.18,0.0,Spring,Yes,Yes,Corniche Kiosk,Fiction,Student,Saturday,5,20,1,Warm,1
2023-05-20,18,44.0,31.1,63.7,3.2,1587.0,0.15,0.0,Spring,Yes,Yes,Al Rawdah Branch,Non-Fiction,Regular,Saturday,5,20,1,Warm,1
2023-05-20,20,49.0,29.3,45.7,1.8,915.0,0.0,0.0,Spring,Yes,Yes,University Branch,Technology,Student,Saturday,5,20,0,Warm,1
2023-05-20,22,18.0,28.9,44.2,0.7,1187.0,0.0,0.0,Spring,Yes,Yes,Corniche Kiosk,Technology,Premium,Saturday,5,20,0,Warm,1
2023-05-21,9,46.0,29.5,71.8,5.9,1458.0,1.98,0.0,Nan,No,Yes,Corniche Kiosk,History,Student,Sunday,5,21,1,Warm,0
2023-05-21,10,81.0,31.6,65.7,6.9,1370.0,0.27,0.0,Spring,No,Yes,Downtown Central,Arabic Literature,Premium,Sunday,5,21,1,Warm,0
2023-05-21,15,30.0,35.4,60.6,1.4,875.0,0.44,0.0,Spring,No,Yes,Al Hamra Branch,Children,Walk-In,Sunday,5,21,0,Hot,0
2023-05-21,19,39.0,31.0,75.8,0.8,1861.0,0.0,0.0,Spring,No,Yes,Corniche Kiosk,Fiction,Premium,Sunday,5,21,1,Warm,0
2023-05-21,20,46.0,28.7,54.3,3.9,1006.0,0.0,0.0,Spring,No,Yes,Al Rawdah Branch,History,Premium,Sunday,5,21,0,Warm,0
2023-05-21,21,39.0,28.0,56.8,2.2,1667.0,0.0,0.0,Spring,No,Yes,Al Hamra Branch,Science,Student,Sunday,5,21,0,Warm,0
2023-05-22,9,56.0,26.2,68.3,3.6,1864.0,0.68,0.0,Spring,No,Yes,Al Hamra Branch,Technology,Premium,Monday,5,22,1,Warm,0
2023-05-22,10,58.0,27.8,62.6,4.7,1662.0,0.63,0.0,Spring,No,Yes,Al Hamra Branch,Arabic Literature,Student,Monday,5,22,1,Warm,0
2023-05-22,11,56.0,27.6,72.9,7.1,1250.0,2.26,0.0,Spring,No,Yes,Al Hamra Branch,History,Regular,Monday,5,22,1,Warm,0
2023-05-22,12,32.0,30.7,70.9,0.7,1404.0,0.49,0.0,Spring,No,Yes,Al Hamra Branch,History,Walk-In,Monday,5,22,0,Warm,0
2023-05-22,13,31.0,32.2,53.7,1.3,1774.0,2.8,0.0,Spring,No,Yes,Corniche Kiosk,Business,Regular,Monday,5,22,0,Warm,0
2023-05-22,14,54.0,32.9,50.1,5.2,1299.0,3.48,0.0,Spring,No,Yes,Al Rawdah Branch,Science,Regular,Monday,5,22,0,Warm,0
2023-05-22,17,101.0,28.9,47.8,2.5,1109.0,0.05,0.0,Spring,No,Yes,University Branch,Science,Student,Monday,5,22,1,Warm,0
2023-05-22,18,44.0,29.2,59.8,4.3,1512.0,0.1,0.0,Spring,No,Yes,University Branch,Business,Student,Monday,5,22,1,Warm,0
2023-05-22,19,72.0,29.6,61.3,5.2,1543.0,0.0,0.0,Spring,No,Yes,University Branch,Fiction,Walk-In,Monday,5,22,1,Warm,0
2023-05-22,20,31.0,25.3,43.7,6.9,1214.0,0.0,0.0,Spring,No,Yes,Corniche Kiosk,Children,Student,Monday,5,22,0,Warm,0
2023-05-22,22,44.0,27.5,62.1,6.0,1673.0,0.0,0.0,Spring,No,Yes,Al Hamra Branch,Non-Fiction,Student,Monday,5,22,0,Warm,0
2023-05-23,8,66.0,28.9,48.0,2.5,1325.0,0.21,0.0,Spring,No,Yes,Downtown Central,Children,Regular,Tuesday,5,23,0,Warm,0
2023-05-23,9,48.0,30.9,61.4,0.9,1225.0,0.08,0.0,Spring,No,Yes,Al Rawdah Branch,Technology,Walk-In,Tuesday,5,23,1,Warm,0
2023-05-23,10,68.0,32.2,71.2,0.9,1094.0,3.45,0.0,Spring,No,Yes,Al Rawdah Branch,Fiction,Premium,Tuesday,5,23,1,Warm,0
2023-05-23,11,64.0,33.5,61.8,7.5,1398.0,1.6,0.0,Spring,No,Yes,Al Rawdah Branch,Arabic Literature,Premium,Tuesday,5,23,1,Warm,0
2023-05-23,12,63.0,33.9,50.4,2.9,1047.0,2.88,0.0,Spring,No,Yes,Al Rawdah Branch,History,Student,Tuesday,5,23,0,Warm,0
2023-05-23,13,79.0,34.0,58.4,6.7,1167.0,1.77,0.0,Spring,No,Yes,Downtown Central,Arabic Literature,Premium,Tuesday,5,23,0,Warm,0
2023-05-23,14,51.0,34.2,68.7,3.2,1544.0,1.59,0.0,Spring,No,Yes,Al Rawdah Branch,Children,Student,Tuesday,5,23,0,Warm,0
2023-05-23,15,26.0,36.2,58.8,8.0,1319.0,2.69,0.0,Spring,No,Yes,Corniche Kiosk,Fiction,Regular,Tuesday,5,23,0,Hot,0
2023-05-23,17,57.0,31.8,45.5,2.8,1342.0,0.15,0.0,Spring,No,Yes,Al Rawdah Branch,Arabic Literature,Nan,Tuesday,5,23,1,Warm,0
2023-05-24,9,59.0,29.2,55.0,1.8,1403.0,3.23,0.0,Spring,No,Yes,Al Rawdah Branch,Arabic Literature,Walk-In,Wednesday,5,24,1,Warm,0
2023-05-24,10,66.0,29.9,60.4,2.8,852.0,0.84,0.0,Spring,No,Yes,Al Rawdah Branch,Arabic Literature,Premium,Wednesday,5,24,1,Warm,0
2023-05-24,11,49.0,30.4,39.3,5.8,1884.0,1.58,0.0,Spring,No,Yes,Al Hamra Branch,Arabic Literature,Walk-In,Wednesday,5,24,1,Warm,0
2023-05-24,12,54.0,32.2,44.8,4.7,894.0,0.88,0.0,Spring,No,Yes,Downtown Central,Science,Walk-In,Wednesday,5,24,0,Warm,0
2023-05-24,14,43.0,32.9,42.2,3.6,1218.0,1.65,0.0,Spring,No,Yes,Al Hamra Branch,Business,Walk-In,Wednesday,5,24,0,Warm,0
2023-05-24,15,52.0,33.9,45.5,7.0,1984.0,0.72,0.0,Spring,No,Yes,Al Rawdah Branch,History,Premium,Wednesday,5,24,0,Warm,0
2023-05-24,16,77.0,32.2,64.4,1.0,924.0,2.3,0.0,Spring,No,Yes,Downtown Central,Business,Walk-In,Wednesday,5,24,1,Warm,0
2023-05-24,17,69.0,29.6,51.5,4.2,859.0,0.61,0.0,Spring,No,Yes,Al Hamra Branch,Fiction,Student,Wednesday,5,24,1,Warm,0
2023-05-24,18,110.0,30.8,40.9,3.9,874.0,2.76,0.0,Spring,No,Yes,University Branch,Children,Student,Wednesday,5,24,1,Warm,0
2023-05-24,19,50.0,30.0,55.2,2.3,1671.0,0.0,0.0,Spring,No,Yes,Al Hamra Branch,Business,Walk-In,Wednesday,5,24,1,Warm,0
2023-05-24,21,43.0,28.4,52.1,6.1,1107.0,0.0,0.0,Spring,No,Yes,University Branch,Business,Walk-In,Wednesday,5,24,0,Warm,0
2023-05-25,11,35.0,33.1,36.7,6.4,904.0,2.23,1.9,Spring,No,Yes,Corniche Kiosk,Children,Student,Thursday,5,25,1,Warm,0
2023-05-25,13,43.0,32.2,59.9,2.0,1333.0,1.03,0.0,Spring,No,Yes,Al Rawdah Branch,Arabic Literature,Premium,Thursday,5,25,0,Warm,0
2023-05-25,17,53.0,32.6,47.5,5.9,807.0,3.31,0.0,Spring,No,Yes,Al Hamra Branch,Arabic Literature,Walk-In,Thursday,5,25,1,Warm,0
2023-05-25,18,53.0,33.5,37.0,3.0,862.0,0.05,0.0,Spring,No,Yes,Al Hamra Branch,Arabic Literature,Regular,Thursday,5,25,1,Warm,0
2023-05-25,19,40.0,33.8,63.3,6.8,1704.0,0.0,0.0,Spring,No,Yes,Corniche Kiosk,Fiction,Premium,Thursday,5,25,1,Warm,0
2023-05-25,21,27.0,32.7,59.9,3.2,1160.0,0.0,0.0,Spring,No,Yes,Corniche Kiosk,Technology,Student,Thursday,5,25,0,Warm,0
2023-05-25,22,40.0,31.2,73.7,1.7,1673.0,0.0,0.0,Spring,No,Yes,Al Hamra Branch,Non-Fiction,Student,Thursday,5,25,0,Warm,0
2023-05-26,8,31.0,30.2,50.3,1.1,1191.0,0.78,0.0,Spring,Yes,Yes,Downtown Central,Non-Fiction,Walk-In,Friday,5,26,0,Warm,1
2023-05-26,10,42.0,33.6,72.9,3.8,840.0,1.76,0.0,Spring,Yes,Yes,Al Rawdah Branch,History,Regular,Friday,5,26,1,Warm,1
2023-05-26,11,65.0,31.5,54.7,2.8,1075.0,1.25,0.0,Spring,Yes,Yes,University Branch,Technology,Premium,Friday,5,26,1,Warm,1
2023-05-26,14,32.0,34.7,59.1,6.4,1452.0,1.21,0.0,Spring,Yes,Yes,University Branch,Technology,Walk-In,Friday,5,26,0,Warm,1
2023-05-26,16,50.0,36.6,46.0,2.7,1695.0,1.2,0.0,Spring,Yes,Yes,Al Rawdah Branch,History,Student,Friday,5,26,1,Hot,1
2023-05-26,19,43.0,33.2,43.8,2.5,1613.0,0.0,0.0,Spring,Yes,Yes,Al Rawdah Branch,Business,Regular,Friday,5,26,1,Warm,1
2023-05-26,20,31.0,30.4,60.6,4.7,1333.0,0.0,0.0,Spring,Yes,Yes,Al Rawdah Branch,Arabic Literature,Regular,Friday,5,26,0,Warm,1
2023-05-26,21,14.0,31.7,52.2,5.6,1101.0,0.0,0.0,Spring,Yes,Yes,Corniche Kiosk,Children,Premium,Friday,5,26,0,Warm,1
2023-05-26,22,18.0,29.7,51.7,2.8,1336.0,0.0,0.0,Spring,Yes,Yes,Corniche Kiosk,Arabic Literature,Premium,Friday,5,26,0,Warm,1
2023-05-27,8,71.0,26.2,69.1,3.5,1919.0,2.33,0.0,Nan,No,Yes,Downtown Central,Arabic Literature,Student,Saturday,5,27,0,Warm,1
2023-05-27,9,87.0,26.3,61.4,8.0,1105.0,2.28,0.0,Spring,No,Yes,Downtown Central,History,Regular,Saturday,5,27,1,Warm,1
2023-05-27,10,72.0,29.4,69.8,7.2,1222.0,2.67,0.0,Spring,No,Yes,Downtown Central,Technology,Walk-In,Saturday,5,27,1,Warm,1
2023-05-27,11,89.0,29.1,56.5,7.3,1133.0,3.38,0.0,Spring,No,Yes,University Branch,Technology,Premium,Saturday,5,27,1,Warm,1
2023-05-27,12,72.0,31.0,69.4,0.6,1357.0,0.6,0.0,Spring,No,Yes,Downtown Central,Science,Student,Saturday,5,27,0,Warm,1
2023-05-27,13,58.0,29.8,62.7,4.6,999.0,2.64,0.0,Spring,No,Yes,Al Rawdah Branch,Fiction,Student,Saturday,5,27,0,Warm,1
2023-05-27,16,46.0,29.7,47.0,6.0,1984.0,0.48,0.0,Spring,No,Yes,Corniche Kiosk,Non-Fiction,Student,Saturday,5,27,1,Warm,1
2023-05-27,18,58.0,29.5,61.1,5.3,1226.0,0.74,0.0,Nan,No,Yes,Al Hamra Branch,Science,Premium,Saturday,5,27,1,Warm,1
2023-05-27,19,34.0,27.4,67.0,5.5,1201.0,0.0,1.6,Spring,No,Yes,Corniche Kiosk,Science,Student,Saturday,5,27,1,Warm,1
2023-05-27,21,38.0,26.1,54.2,3.5,1609.0,0.0,0.0,Spring,Yes,Yes,Al Rawdah Branch,Business,Premium,Saturday,5,27,0,Warm,1
2023-05-27,22,18.0,25.2,60.9,6.9,1749.0,0.0,0.0,Spring,No,Yes,Corniche Kiosk,Technology,Regular,Saturday,5,27,0,Warm,1
2023-05-28,9,80.0,27.2,51.2,5.1,1855.0,1.8,0.0,Spring,No,Yes,Al Rawdah Branch,Fiction,Student,Sunday,5,28,1,Warm,0
2023-05-28,11,66.0,28.6,44.1,5.0,1803.0,1.07,0.0,Spring,No,Yes,Al Hamra Branch,Business,Student,Sunday,5,28,1,Warm,0
2023-05-28,12,60.0,33.8,38.1,5.7,825.0,1.65,0.0,Spring,No,Yes,University Branch,Non-Fiction,Regular,Sunday,5,28,0,Warm,0
2023-05-28,13,58.0,33.0,66.2,5.6,1309.0,3.23,0.0,Spring,No,Yes,University Branch,Children,Walk-In,Sunday,5,28,0,Warm,0
2023-05-28,16,49.0,31.9,70.4,1.7,1389.0,1.97,0.0,Spring,No,Yes,Corniche Kiosk,Children,Student,Sunday,5,28,1,Warm,0
2023-05-28,18,73.0,29.1,68.5,4.5,1242.0,1.085,0.0,Spring,No,Yes,University Branch,Non-Fiction,Walk-In,Sunday,5,28,1,Warm,0
2023-05-28,21,37.0,28.8,60.5,4.1,1501.0,0.0,0.0,Spring,No,Yes,Al Rawdah Branch,Science,Premium,Sunday,5,28,0,Warm,0
2023-05-29,11,30.0,31.3,75.3,4.2,1969.0,2.61,0.0,Spring,No,Yes,Corniche Kiosk,Fiction,Walk-In,Monday,5,29,1,Warm,0
2023-05-29,13,42.0,32.8,53.8,3.1,1376.0,3.5,0.0,Spring,No,Yes,Al Rawdah Branch,Business,Walk-In,Monday,5,29,0,Warm,0
2023-05-29,15,55.0,33.8,52.5,7.0,1818.0,1.53,0.0,Spring,No,Yes,Al Hamra Branch,Technology,Nan,Monday,5,29,0,Warm,0
2023-05-29,16,61.0,33.5,57.8,2.9,1755.0,1.23,0.0,Spring,No,Yes,Al Rawdah Branch,Arabic Literature,Regular,Monday,5,29,1,Warm,0
2023-05-29,18,70.0,30.8,42.8,7.8,937.0,3.02,0.0,Spring,No,Yes,Al Hamra Branch,History,Premium,Monday,5,29,1,Warm,0
2023-05-29,19,90.0,30.9,72.5,2.7,1199.0,0.0,0.0,Spring,No,Yes,University Branch,Non-Fiction,Premium,Monday,5,29,1,Warm,0
2023-05-29,21,28.0,27.6,64.4,6.9,1638.0,0.0,0.0,Spring,No,Yes,Al Rawdah Branch,Children,Walk-In,Monday,5,29,0,Warm,0
2023-05-29,22,33.0,27.4,47.4,7.8,1345.0,0.0,0.0,Spring,No,Yes,Al Hamra Branch,Children,Regular,Monday,5,29,0,Warm,0
2023-05-30,8,39.0,25.7,56.6,4.5,852.0,2.94,0.0,Spring,No,Yes,Al Hamra Branch,History,Walk-In,Tuesday,5,30,0,Warm,0
2023-05-30,9,90.0,25.7,68.8,5.4,1987.0,0.15,0.0,Spring,No,Yes,Downtown Central,History,Student,Tuesday,5,30,1,Warm,0
2023-05-30,10,32.0,27.7,66.8,6.3,2000.0,0.34,0.0,Spring,No,Yes,Corniche Kiosk,Technology,Walk-In,Tuesday,5,30,1,Warm,0
2023-05-30,12,53.0,30.3,69.5,6.7,1740.0,0.92,0.0,Spring,No,Yes,Al Hamra Branch,Non-Fiction,Student,Tuesday,5,30,0,Warm,0
2023-05-30,15,35.0,30.4,38.6,7.8,1548.0,2.97,0.0,Spring,No,Yes,Corniche Kiosk,Arabic Literature,Premium,Tuesday,5,30,0,Warm,0
2023-05-30,16,65.0,30.4,53.1,3.6,1871.0,2.34,0.0,Spring,No,Yes,Al Hamra Branch,Business,Premium,Tuesday,5,30,1,Warm,0
2023-05-30,17,99.0,27.5,64.0,1.4,1006.0,1.52,0.0,Spring,No,Yes,University Branch,History,Student,Tuesday,5,30,1,Warm,0
2023-05-30,18,67.0,26.9,78.0,6.7,1735.0,0.11,0.0,Spring,No,Yes,Al Rawdah Branch,Fiction,Regular,Tuesday,5,30,1,Warm,0
2023-05-30,19,57.0,28.6,64.5,5.2,837.0,0.0,0.0,Spring,No,Yes,Al Rawdah Branch,Non-Fiction,Walk-In,Tuesday,5,30,1,Warm,0
2023-05-30,20,18.0,25.4,48.3,4.7,1273.0,0.0,0.0,Spring,No,Yes,Corniche Kiosk,Business,Walk-In,Tuesday,5,30,0,Warm,0
2023-05-30,21,72.0,26.2,53.5,3.8,1207.0,0.0,0.0,Spring,No,Yes,Downtown Central,Children,Student,Tuesday,5,30,0,Warm,0
2023-05-30,22,33.0,24.8,53.5,5.7,1505.0,0.0,0.0,Spring,No,Yes,Al Hamra Branch,Technology,Walk-In,Tuesday,5,30,0,Cool,0
2023-05-31,9,58.0,29.8,58.7,7.0,1844.0,1.14,0.0,Spring,No,Yes,Al Hamra Branch,Science,Regular,Wednesday,5,31,1,Warm,0
2023-05-31,14,41.0,36.4,60.9,4.2,1358.0,0.3,0.0,Spring,No,Yes,Al Rawdah Branch,Science,Regular,Wednesday,5,31,0,Hot,0
2023-05-31,15,58.0,36.5,67.3,3.5,918.0,2.44,0.0,Spring,No,Yes,Downtown Central,Fiction,Regular,Wednesday,5,31,0,Hot,0
2023-05-31,16,100.0,34.7,46.5,1.4,949.0,1.63,0.0,Spring,No,Yes,Downtown Central,Science,Student,Wednesday,5,31,1,Warm,0
2023-05-31,18,87.0,33.7,48.4,1.0,1159.0,2.26,0.0,Spring,No,Yes,Downtown Central,Technology,Regular,Wednesday,5,31,1,Warm,0
2023-05-31,19,73.0,33.2,59.5,7.2,1700.0,0.0,0.0,Spring,No,Yes,Al Rawdah Branch,Technology,Student,Wednesday,5,31,1,Warm,0
2023-05-31,20,69.0,31.8,55.3,0.6,1964.0,0.0,0.0,Spring,No,Yes,Downtown Central,Business,Student,Wednesday,5,31,0,Warm,0
2023-05-31,22,33.0,31.5,57.4,7.4,1200.0,0.0,0.0,Spring,No,Yes,Al Hamra Branch,History,Regular,Wednesday,5,31,0,Warm,0
2023-06-01,8,37.0,38.0,63.8,5.2,1605.0,0.86,0.0,Summer,No,Yes,Al Rawdah Branch,Business,Student,Thursday,6,1,0,Hot,0
2023-06-01,9,45.0,36.4,61.5,6.7,1374.0,0.17,0.0,Summer,No,Yes,Al Rawdah Branch,History,Regular,Thursday,6,1,1,Hot,0
2023-06-01,10,50.0,39.0,47.3,3.3,1667.0,1.24,0.0,Summer,No,Yes,Downtown Central,Business,Walk-In,Thursday,6,1,1,Hot,0
2023-06-01,12,11.0,42.5,58.5,2.3,1941.0,1.9,0.0,Summer,No,Yes,Corniche Kiosk,Business,Regular,Thursday,6,1,0,Hot,0
2023-06-01,13,37.0,42.0,38.7,7.7,1998.0,3.32,0.0,Summer,No,Yes,Downtown Central,Fiction,Walk-In,Thursday,6,1,0,Hot,0
2023-06-01,14,37.0,41.2,56.1,3.8,1774.0,2.55,0.0,Summer,No,Yes,University Branch,History,Walk-In,Thursday,6,1,0,Hot,0
2023-06-01,15,18.0,41.7,71.3,5.1,889.0,0.0,0.0,Summer,No,Yes,Al Hamra Branch,History,Walk-In,Thursday,6,1,0,Hot,0
2023-06-01,16,36.0,41.9,53.0,3.3,1487.0,2.63,0.0,Summer,No,Yes,Corniche Kiosk,Non-Fiction,Regular,Thursday,6,1,1,Hot,0
2023-06-01,17,34.0,37.7,45.3,4.5,1951.0,0.92,0.0,Summer,No,Yes,Corniche Kiosk,Arabic Literature,Regular,Thursday,6,1,1,Hot,0
2023-06-01,18,53.0,40.2,69.8,4.0,1248.0,2.07,0.0,Summer,No,Yes,Al Rawdah Branch,Science,Student,Thursday,6,1,1,Hot,0
2023-06-01,19,52.0,40.2,46.4,5.4,1844.0,0.0,0.0,Summer,No,Yes,Al Rawdah Branch,History,Student,Thursday,6,1,1,Hot,0
2023-06-01,21,37.0,36.0,65.6,7.4,1430.0,0.0,0.0,Summer,No,Yes,Al Hamra Branch,Business,Student,Thursday,6,1,0,Hot,0
2023-06-02,8,17.0,38.6,46.6,7.8,1988.0,2.71,0.4,Summer,Yes,Yes,University Branch,History,Student,Friday,6,2,0,Hot,1
2023-06-02,9,18.0,39.1,48.8,2.9,909.0,3.08,0.0,Summer,Yes,Yes,Corniche Kiosk,Business,Regular,Friday,6,2,1,Hot,1
2023-06-02,11,26.0,38.9,57.9,0.7,898.0,0.66,3.0,Summer,Yes,Yes,University Branch,Science,Regular,Friday,6,2,1,Hot,1
2023-06-02,12,19.0,42.7,43.8,2.3,1845.0,1.49,0.0,Summer,Yes,Yes,Downtown Central,Children,Student,Friday,6,2,0,Hot,1
2023-06-02,13,11.0,42.9,73.3,3.9,1092.0,1.085,0.0,Summer,Yes,Yes,Al Hamra Branch,Non-Fiction,Regular,Friday,6,2,0,Hot,1
2023-06-02,15,17.0,42.7,52.8,4.1,1150.0,1.26,0.0,Summer,Yes,Yes,Al Rawdah Branch,Fiction,Regular,Friday,6,2,0,Hot,1
2023-06-02,17,46.0,39.8,51.7,3.8,1077.0,1.0,0.0,Summer,Yes,Yes,University Branch,Children,Regular,Friday,6,2,1,Hot,1
2023-06-02,18,39.0,40.7,69.4,5.4,1407.0,0.14,0.0,Summer,Yes,Yes,University Branch,History,Student,Friday,6,2,1,Hot,1
2023-06-02,19,14.0,40.7,71.6,6.7,1288.0,0.0,0.0,Summer,Yes,Yes,Corniche Kiosk,Fiction,Regular,Friday,6,2,1,Hot,1
2023-06-02,20,13.0,39.0,42.6,7.6,1053.0,0.0,0.0,Summer,Yes,Yes,Downtown Central,Non-Fiction,Walk-In,Friday,6,2,0,Hot,1
2023-06-02,21,1.0,39.7,50.3,1.7,1219.0,0.0,0.0,Summer,Yes,Yes,Al Rawdah Branch,Business,Walk-In,Friday,6,2,0,Hot,1
2023-06-02,22,12.0,38.2,45.3,6.2,1729.0,0.0,0.0,Summer,Yes,Yes,University Branch,Fiction,Premium,Friday,6,2,0,Hot,1
2023-06-03,12,29.0,44.7,48.1,3.1,904.0,0.69,0.0,Summer,No,Yes,University Branch,Science,Regular,Saturday,6,3,0,Hot,1
2023-06-03,13,17.0,45.1,46.2,5.4,1431.0,0.6,0.8,Summer,No,Yes,Downtown Central,Science,Walk-In,Saturday,6,3,0,Hot,1
2023-06-03,14,29.0,46.3,51.8,4.3,948.0,2.22,0.0,Summer,No,Yes,University Branch,Business,Walk-In,Saturday,6,3,0,Hot,1
2023-06-03,16,58.0,45.8,64.9,7.3,1196.0,1.42,0.0,Summer,No,Yes,University Branch,History,Student,Saturday,6,3,1,Hot,1
2023-06-03,17,35.0,42.8,54.0,3.5,1449.0,0.04,0.0,Summer,No,Yes,Al Rawdah Branch,Fiction,Regular,Saturday,6,3,1,Hot,1
2023-06-03,19,41.0,41.4,41.2,6.5,826.0,0.0,0.0,Summer,No,Yes,University Branch,Fiction,Walk-In,Saturday,6,3,1,Hot,1
2023-06-03,20,13.0,41.6,49.7,3.7,1569.0,0.0,0.0,Summer,No,Yes,Al Rawdah Branch,Children,Regular,Saturday,6,3,0,Hot,1
2023-06-03,22,1.0,40.6,51.0,4.5,1302.0,0.0,0.0,Summer,No,Yes,Corniche Kiosk,History,Walk-In,Saturday,6,3,0,Hot,1
2023-06-04,8,7.0,42.5,56.2,5.4,1548.0,2.51,0.0,Summer,Yes,Yes,Corniche Kiosk,Science,Regular,Sunday,6,4,0,Hot,0
2023-06-04,9,44.0,43.0,63.8,7.2,1387.0,3.09,0.0,Summer,Yes,Yes,Downtown Central,Arabic Literature,Premium,Sunday,6,4,1,Hot,0
2023-06-04,10,32.0,43.0,67.5,2.3,1391.0,0.14,0.0,Summer,Yes,Yes,University Branch,Business,Regular,Sunday,6,4,1,Hot,0
2023-06-04,13,20.0,47.7,45.4,1.1,1287.0,0.32,0.0,Summer,Yes,Yes,Al Rawdah Branch,History,Premium,Sunday,6,4,0,Hot,0
2023-06-04,14,44.0,46.5,39.3,1.1,1339.0,2.11,0.0,Summer,Yes,Yes,Al Hamra Branch,Business,Premium,Sunday,6,4,0,Hot,0
2023-06-04,15,25.0,47.2,48.9,1.2,1760.0,0.84,0.0,Summer,Yes,Yes,Downtown Central,History,Regular,Sunday,6,4,0,Hot,0
2023-06-04,16,23.0,46.1,56.5,1.9,954.0,1.74,0.0,Summer,Yes,Yes,Corniche Kiosk,Business,Premium,Sunday,6,4,1,Hot,0
2023-06-04,18,36.0,45.9,40.9,5.9,939.0,1.02,0.0,Summer,Yes,Yes,Al Hamra Branch,Children,Premium,Sunday,6,4,1,Hot,0
2023-06-04,19,34.0,44.1,61.0,2.4,1871.0,0.0,0.0,Summer,Yes,Yes,Downtown Central,Business,Walk-In,Sunday,6,4,1,Hot,0
2023-06-04,20,11.0,41.7,52.0,3.2,1806.0,0.0,0.0,Summer,Yes,Yes,Downtown Central,Non-Fiction,Regular,Sunday,6,4,0,Hot,0
2023-06-04,21,0.0,43.9,68.2,6.8,1104.0,0.0,0.0,Summer,Yes,Yes,Al Hamra Branch,Technology,Walk-In,Sunday,6,4,0,Hot,0
2023-06-04,22,1.0,43.4,76.0,1.2,1642.0,0.0,0.0,Nan,Yes,Yes,Al Rawdah Branch,Technology,Walk-In,Sunday,6,4,0,Hot,0
2023-06-05,11,60.0,37.1,69.0,6.2,814.0,1.74,0.0,Summer,No,Yes,Downtown Central,Business,Walk-In,Monday,6,5,1,Hot,0
2023-06-05,12,54.0,38.6,46.6,7.9,1796.0,3.0,0.0,Summer,No,Yes,University Branch,Business,Regular,Monday,6,5,0,Hot,0
2023-06-05,14,52.0,39.7,61.5,2.5,821.0,2.17,0.0,Summer,No,Yes,Downtown Central,Children,Premium,Monday,6,5,0,Hot,0
2023-06-05,18,59.0,36.8,41.6,2.5,1775.0,2.52,0.0,Summer,No,Yes,University Branch,Science,Walk-In,Monday,6,5,1,Hot,0
2023-06-05,20,37.0,35.3,43.0,1.1,1195.0,0.0,0.0,Summer,No,Yes,Al Rawdah Branch,Children,Regular,Monday,6,5,0,Hot,0
2023-06-05,22,62.0,33.3,51.0,5.7,1836.0,0.0,0.0,Summer,No,Yes,Downtown Central,Technology,Student,Monday,6,5,0,Warm,0
2023-06-06,13,37.0,39.5,66.0,5.1,1274.0,2.35,0.0,Summer,No,Yes,Al Rawdah Branch,Business,Premium,Tuesday,6,6,0,Hot,0
2023-06-06,16,30.0,39.0,55.7,0.8,1842.0,1.42,0.0,Summer,No,Yes,Corniche Kiosk,Technology,Regular,Tuesday,6,6,1,Hot,0
2023-06-06,17,78.0,35.3,61.6,7.8,1474.0,1.54,0.0,Summer,No,Yes,University Branch,Science,Regular,Tuesday,6,6,1,Hot,0
2023-06-06,19,63.0,35.9,65.4,6.4,1765.0,0.0,0.0,Nan,No,Yes,Al Rawdah Branch,Business,Premium,Tuesday,6,6,1,Hot,0
2023-06-06,20,35.0,33.7,54.0,4.3,956.0,0.0,0.0,Summer,No,Yes,Al Hamra Branch,Non-Fiction,Regular,Tuesday,6,6,0,Warm,0
2023-06-06,21,36.0,34.4,52.0,7.9,1311.0,0.0,0.0,Summer,No,Yes,Al Hamra Branch,History,Student,Tuesday,6,6,0,Warm,0
2023-06-07,8,30.0,34.8,53.0,4.0,1729.0,0.75,0.0,Summer,No,Yes,Al Rawdah Branch,Fiction,Walk-In,Wednesday,6,7,0,Warm,0
2023-06-07,9,44.0,35.0,53.2,7.1,1905.0,0.21,0.0,Summer,No,Yes,Al Hamra Branch,Science,Regular,Wednesday,6,7,1,Warm,0
2023-06-07,11,72.0,39.1,55.4,4.5,1482.0,2.64,0.0,Summer,No,Yes,University Branch,Technology,Premium,Wednesday,6,7,1,Hot,0
2023-06-07,12,19.0,42.1,76.5,5.5,1304.0,2.79,0.0,Summer,No,Yes,Corniche Kiosk,Science,Regular,Wednesday,6,7,0,Hot,0
2023-06-07,15,38.0,39.4,51.8,7.7,1231.0,1.82,0.2,Summer,No,Yes,Downtown Central,Technology,Regular,Wednesday,6,7,0,Hot,0
2023-06-07,19,20.0,38.7,50.2,3.8,873.0,0.0,0.0,Summer,No,Yes,Corniche Kiosk,Fiction,Walk-In,Wednesday,6,7,1,Hot,0
2023-06-07,21,17.0,36.8,68.2,4.2,885.0,0.0,0.0,Summer,No,Yes,Al Hamra Branch,Business,Walk-In,Wednesday,6,7,0,Hot,0
2023-06-08,12,13.0,41.2,63.6,6.2,1102.0,1.08,0.0,Summer,No,Yes,Corniche Kiosk,History,Student,Thursday,6,8,0,Hot,0
2023-06-08,13,54.0,39.2,74.2,2.7,1436.0,3.22,0.0,Summer,No,Yes,Downtown Central,Fiction,Premium,Thursday,6,8,0,Hot,0
2023-06-08,14,44.0,40.1,65.4,3.6,1106.0,2.0,0.0,Summer,No,Yes,University Branch,Fiction,Premium,Thursday,6,8,0,Hot,0
2023-06-08,17,76.0,36.4,51.6,2.4,1211.0,2.3,0.0,Summer,No,Yes,Downtown Central,Business,Walk-In,Thursday,6,8,1,Hot,0
2023-06-08,19,75.0,38.4,50.0,2.8,1133.0,0.0,0.0,Nan,No,Yes,University Branch,Non-Fiction,Premium,Thursday,6,8,1,Hot,0
2023-06-08,20,38.0,35.3,50.0,8.0,1060.0,0.0,0.0,Summer,No,Yes,Al Hamra Branch,Technology,Premium,Thursday,6,8,0,Hot,0
2023-06-08,21,12.0,36.7,69.2,1.7,1914.0,0.0,0.0,Summer,No,Yes,Corniche Kiosk,Science,Walk-In,Thursday,6,8,0,Hot,0
2023-06-08,22,23.0,35.8,66.6,7.1,1117.0,0.0,0.0,Summer,No,Yes,Corniche Kiosk,Technology,Student,Thursday,6,8,0,Hot,0
2023-06-09,8,17.0,37.1,49.3,3.7,1372.0,0.22,0.0,Summer,Yes,Yes,Al Rawdah Branch,History,Regular,Friday,6,9,0,Hot,1
2023-06-09,9,61.0,37.2,42.1,5.5,1566.0,3.18,0.0,Summer,Yes,Yes,Downtown Central,Science,Premium,Friday,6,9,1,Hot,1
2023-06-09,10,34.0,40.6,76.5,7.9,1523.0,1.35,0.0,Summer,Yes,Yes,University Branch,Technology,Student,Friday,6,9,1,Hot,1
2023-06-09,12,27.0,42.9,60.8,7.9,1015.0,1.57,0.0,Summer,Yes,Yes,Downtown Central,Business,Student,Friday,6,9,0,Hot,1
2023-06-09,13,10.0,44.8,67.8,4.2,1862.0,2.57,0.0,Summer,Yes,Yes,Corniche Kiosk,Technology,Regular,Friday,6,9,0,Hot,1
2023-06-09,14,4.0,42.9,67.0,6.1,1383.0,0.26,0.0,Summer,Yes,Yes,Al Rawdah Branch,Fiction,Premium,Friday,6,9,0,Hot,1
2023-06-09,15,17.0,43.8,46.3,0.7,1499.0,1.3,0.0,Summer,Yes,Yes,Downtown Central,Fiction,Regular,Friday,6,9,0,Hot,1
2023-06-09,16,31.0,42.0,54.8,1.9,924.0,3.27,0.0,Summer,Yes,Yes,University Branch,History,Walk-In,Friday,6,9,1,Hot,1
2023-06-09,17,39.0,41.5,75.0,2.5,1979.0,1.46,0.0,Summer,Yes,Yes,University Branch,Children,Premium,Friday,6,9,1,Hot,1
2023-06-09,18,28.0,39.9,45.8,6.1,1907.0,2.48,0.0,Summer,Yes,Yes,Al Hamra Branch,Arabic Literature,Regular,Friday,6,9,1,Hot,1
2023-06-09,20,9.0,38.1,49.6,6.8,1003.0,0.0,0.0,Summer,Yes,Yes,Al Hamra Branch,Fiction,Walk-In,Friday,6,9,0,Hot,1
2023-06-10,8,34.0,36.8,57.9,7.2,1115.0,2.57,0.0,Summer,No,Yes,Al Hamra Branch,Technology,Student,Saturday,6,10,0,Hot,1
2023-06-10,10,66.0,37.1,61.6,7.6,1333.0,1.03,0.0,Summer,No,Yes,University Branch,Non-Fiction,Premium,Saturday,6,10,1,Hot,1
2023-06-10,11,43.0,38.8,62.0,1.4,1351.0,0.29,0.0,Summer,No,Yes,University Branch,Fiction,Regular,Saturday,6,10,1,Hot,1
2023-06-10,13,21.0,42.3,52.3,3.7,957.0,0.32,0.0,Summer,No,Yes,Al Rawdah Branch,History,Premium,Saturday,6,10,0,Hot,1
2023-06-10,14,33.0,41.6,45.4,0.8,1512.0,2.83,0.0,Summer,No,Yes,University Branch,Arabic Literature,Regular,Saturday,6,10,0,Hot,1
2023-06-10,15,16.0,41.5,67.5,3.5,1089.0,0.22,0.0,Summer,No,Yes,Al Hamra Branch,Children,Regular,Saturday,6,10,0,Hot,1
2023-06-10,18,44.0,37.7,61.3,6.6,1543.0,0.62,0.0,Summer,No,Yes,Al Hamra Branch,Fiction,Regular,Saturday,6,10,1,Hot,1
2023-06-10,19,50.0,36.7,36.8,3.4,1448.0,0.0,0.0,Summer,No,Yes,Al Rawdah Branch,History,Regular,Saturday,6,10,1,Hot,1
2023-06-10,20,16.0,32.2,57.5,0.9,1796.0,0.0,0.0,Nan,No,Yes,Corniche Kiosk,History,Regular,Saturday,6,10,0,Warm,1
2023-06-10,22,16.0,36.4,70.7,4.2,1159.0,0.0,0.0,Summer,No,Yes,Corniche Kiosk,Fiction,Premium,Saturday,6,10,0,Hot,1
2023-06-11,8,38.0,37.9,44.5,2.5,1415.0,1.26,0.0,Summer,No,Yes,Al Hamra Branch,Non-Fiction,Student,Sunday,6,11,0,Hot,0
2023-06-11,9,29.0,36.1,67.7,7.2,1501.0,1.57,0.0,Summer,No,Yes,Corniche Kiosk,History,Regular,Sunday,6,11,1,Hot,0
2023-06-11,11,45.0,39.6,61.9,4.8,1872.0,1.36,0.0,Summer,No,Yes,Al Rawdah Branch,Arabic Literature,Premium,Sunday,6,11,1,Hot,0
2023-06-11,12,16.0,43.6,70.9,2.2,1584.0,3.43,0.0,Summer,No,Yes,Corniche Kiosk,Business,Walk-In,Sunday,6,11,0,Hot,0
2023-06-11,13,44.0,41.1,35.6,6.3,1094.0,2.92,0.0,Summer,No,Yes,University Branch,Arabic Literature,Premium,Sunday,6,11,0,Hot,0
2023-06-11,14,36.0,42.3,63.0,2.0,1860.0,1.085,0.0,Summer,No,Yes,Downtown Central,Science,Premium,Sunday,6,11,0,Hot,0
2023-06-11,15,40.0,42.6,71.2,4.8,814.0,1.32,0.0,Summer,No,Yes,University Branch,Non-Fiction,Student,Sunday,6,11,0,Hot,0
2023-06-11,18,29.0,40.0,74.2,2.1,850.0,0.22,0.0,Summer,No,Yes,Corniche Kiosk,Fiction,Premium,Sunday,6,11,1,Hot,0
2023-06-11,19,72.0,37.8,39.2,8.0,1625.0,0.0,0.0,Summer,No,Yes,University Branch,Arabic Literature,Premium,Sunday,6,11,1,Hot,0
2023-06-11,20,37.0,38.2,51.6,6.0,1849.0,0.0,0.0,Summer,No,Yes,Downtown Central,Technology,Regular,Sunday,6,11,0,Hot,0
2023-06-12,8,77.0,33.4,46.0,7.3,1425.0,2.5,0.0,Summer,No,Yes,Downtown Central,Non-Fiction,Premium,Monday,6,12,0,Warm,0
2023-06-12,9,84.0,34.5,42.9,5.1,1993.0,0.57,0.0,Summer,No,Yes,University Branch,Business,Premium,Monday,6,12,1,Warm,0
2023-06-12,10,72.0,36.4,46.9,2.4,1579.0,2.59,0.0,Summer,No,Yes,University Branch,Arabic Literature,Regular,Monday,6,12,1,Hot,0
2023-06-12,11,72.0,36.5,60.2,6.7,1295.0,1.0,0.0,Summer,No,Yes,Downtown Central,Arabic Literature,Regular,Monday,6,12,1,Hot,0
2023-06-12,13,61.0,39.5,66.6,6.0,1835.0,2.28,0.0,Summer,No,Yes,Downtown Central,Children,Student,Monday,6,12,0,Hot,0
2023-06-12,15,41.0,41.0,40.3,1.9,1399.0,1.72,0.0,Summer,No,Yes,Downtown Central,Non-Fiction,Walk-In,Monday,6,12,0,Hot,0
2023-06-12,19,57.0,36.1,40.9,2.9,1955.0,0.0,0.0,Summer,No,Yes,Al Rawdah Branch,History,Regular,Monday,6,12,1,Hot,0
2023-06-12,20,37.0,34.3,55.3,7.4,1399.0,0.0,0.0,Summer,No,Yes,Al Hamra Branch,Fiction,Premium,Monday,6,12,0,Warm,0
2023-06-12,21,50.0,34.5,64.9,7.0,826.0,0.0,0.0,Summer,No,Yes,University Branch,Technology,Premium,Monday,6,12,0,Warm,0
2023-06-13,9,56.0,33.4,67.7,2.2,1045.0,0.93,4.3,Summer,No,Yes,Downtown Central,Fiction,Walk-In,Tuesday,6,13,1,Warm,0
2023-06-13,10,54.0,35.0,42.1,5.3,1753.0,0.64,0.0,Summer,No,Yes,Al Rawdah Branch,Non-Fiction,Regular,Tuesday,6,13,1,Warm,0
2023-06-13,11,70.0,33.1,58.5,5.9,1848.0,3.07,0.0,Summer,No,Yes,University Branch,Children,Walk-In,Tuesday,6,13,1,Warm,0
2023-06-13,12,26.0,37.5,62.9,6.8,1034.0,1.98,0.0,Summer,No,Yes,Corniche Kiosk,Technology,Premium,Tuesday,6,13,0,Hot,0
2023-06-13,13,58.0,37.7,50.8,2.6,1823.0,1.9,0.0,Summer,No,Yes,University Branch,Non-Fiction,Premium,Tuesday,6,13,0,Hot,0
2023-06-13,16,65.0,35.8,54.9,0.9,935.0,0.07,0.2,Summer,No,Yes,University Branch,Arabic Literature,Premium,Tuesday,6,13,1,Hot,0
2023-06-13,17,43.0,34.6,48.7,4.2,1877.0,3.45,0.0,Summer,No,Yes,Corniche Kiosk,Business,Student,Tuesday,6,13,1,Warm,0
2023-06-13,18,62.0,34.1,46.3,3.8,1335.0,0.67,0.0,Summer,No,Yes,Al Hamra Branch,Technology,Premium,Tuesday,6,13,1,Warm,0
2023-06-13,20,48.0,32.0,68.7,3.2,1824.0,0.0,0.0,Summer,No,Yes,University Branch,Children,Regular,Tuesday,6,13,0,Warm,0
2023-06-13,22,52.0,33.0,52.4,4.2,1543.0,0.0,0.0,Summer,No,Yes,University Branch,Arabic Literature,Regular,Tuesday,6,13,0,Warm,0
2023-06-14,8,51.0,35.6,68.6,2.3,865.0,2.74,0.0,Summer,No,Yes,University Branch,Science,Regular,Wednesday,6,14,0,Hot,0
2023-06-14,9,66.0,37.3,75.4,1.0,1869.0,1.46,0.0,Summer,No,Yes,Downtown Central,Arabic Literature,Regular,Wednesday,6,14,1,Hot,0
2023-06-14,10,48.0,38.8,48.0,7.8,1295.0,0.11,0.0,Summer,No,Yes,University Branch,Fiction,Walk-In,Wednesday,6,14,1,Hot,0
2023-06-14,12,33.0,32.2,57.2,7.9,1689.0,1.88,0.0,Summer,No,Yes,Al Rawdah Branch,Business,Premium,Wednesday,6,14,0,Warm,0
2023-06-14,13,40.0,43.1,61.3,6.8,1258.0,2.68,0.0,Summer,No,Yes,Downtown Central,Technology,Regular,Wednesday,6,14,0,Hot,0
2023-06-14,14,22.0,41.0,65.5,1.3,1888.0,1.43,0.0,Summer,No,Yes,Corniche Kiosk,Non-Fiction,Student,Wednesday,6,14,0,Hot,0
2023-06-14,15,46.0,42.2,52.5,2.2,1106.0,0.54,0.0,Summer,No,Yes,Downtown Central,Non-Fiction,Student,Wednesday,6,14,0,Hot,0
2023-06-14,18,66.0,40.2,49.6,6.2,1622.0,2.92,0.0,Summer,No,Yes,Downtown Central,Arabic Literature,Walk-In,Wednesday,6,14,1,Hot,0
2023-06-14,20,27.0,36.1,55.3,4.4,1296.0,0.0,0.0,Summer,No,Yes,Corniche Kiosk,Arabic Literature,Student,Wednesday,6,14,0,Hot,0
2023-06-14,21,28.0,35.6,73.2,2.2,1115.0,0.0,0.0,Summer,No,Yes,Al Rawdah Branch,Science,Walk-In,Wednesday,6,14,0,Hot,0
2023-06-14,22,43.0,35.6,45.7,3.0,1286.0,0.0,0.0,Summer,No,Yes,Downtown Central,Children,Regular,Wednesday,6,14,0,Hot,0
2023-06-15,9,34.0,40.4,57.7,3.7,1932.0,0.58,1.0,Summer,No,Yes,Al Rawdah Branch,Children,Regular,Thursday,6,15,1,Hot,0
2023-06-15,10,46.0,40.5,49.0,3.9,1719.0,3.07,0.0,Summer,No,Yes,Al Hamra Branch,Business,Student,Thursday,6,15,1,Hot,0
2023-06-15,11,35.0,41.9,51.0,6.3,1803.0,2.68,0.0,Summer,No,Yes,Al Hamra Branch,Business,Walk-In,Thursday,6,15,1,Hot,0
2023-06-15,12,16.0,45.8,64.2,6.5,1645.0,2.29,0.0,Summer,No,Yes,Corniche Kiosk,Arabic Literature,Premium,Thursday,6,15,0,Hot,0
2023-06-15,13,34.0,45.4,70.3,5.6,1760.0,0.46,0.0,Summer,No,Yes,University Branch,Non-Fiction,Student,Thursday,6,15,0,Hot,0
2023-06-15,17,38.0,41.1,74.3,6.0,818.0,2.43,0.0,Summer,No,Yes,Al Hamra Branch,Business,Regular,Thursday,6,15,1,Hot,0
2023-06-15,19,22.0,41.6,59.9,6.5,802.0,0.0,0.0,Summer,No,Yes,Corniche Kiosk,Arabic Literature,Regular,Thursday,6,15,1,Hot,0
2023-06-16,9,25.0,35.4,48.0,7.6,1731.0,0.25,0.0,Summer,Yes,Yes,Corniche Kiosk,Fiction,Premium,Friday,6,16,1,Hot,1
2023-06-16,10,70.0,36.4,60.2,1.7,910.0,3.34,0.0,Summer,Yes,Yes,Downtown Central,Non-Fiction,Student,Friday,6,16,1,Hot,1
2023-06-16,11,61.0,35.1,41.0,6.6,829.0,0.77,0.0,Summer,Yes,Yes,Downtown Central,Arabic Literature,Premium,Friday,6,16,1,Hot,1
2023-06-16,14,27.0,39.0,58.9,4.6,822.0,0.75,0.0,Nan,Yes,Yes,Downtown Central,Science,Regular,Friday,6,16,0,Hot,1
2023-06-16,15,15.0,40.0,54.7,4.8,1462.0,1.52,0.0,Summer,Yes,Yes,Al Rawdah Branch,Children,Student,Friday,6,16,0,Hot,1
2023-06-16,17,64.0,37.2,69.2,2.2,951.0,2.07,0.0,Summer,Yes,Yes,Downtown Central,Science,Premium,Friday,6,16,1,Hot,1
2023-06-16,20,20.0,33.8,59.7,0.7,1463.0,0.0,0.0,Summer,Yes,Yes,Al Rawdah Branch,Arabic Literature,Walk-In,Friday,6,16,0,Warm,1
2023-06-17,8,33.0,38.5,51.6,5.0,1457.0,2.11,0.0,Summer,No,Yes,Downtown Central,Non-Fiction,Walk-In,Saturday,6,17,0,Hot,1
2023-06-17,9,22.0,41.3,77.0,5.6,1215.0,1.88,0.0,Summer,No,Yes,Corniche Kiosk,Business,Student,Saturday,6,17,1,Hot,1
2023-06-17,10,32.0,43.4,69.8,5.6,1498.0,1.53,0.0,Summer,No,Yes,Al Rawdah Branch,Non-Fiction,Premium,Saturday,6,17,1,Hot,1
2023-06-17,12,23.0,44.1,57.4,6.4,830.0,1.82,0.0,Summer,No,Yes,Al Hamra Branch,Fiction,Regular,Saturday,6,17,0,Hot,1
2023-06-17,13,11.0,44.1,65.5,1.9,1024.0,0.1,0.0,Summer,No,Yes,Al Hamra Branch,Non-Fiction,Walk-In,Saturday,6,17,0,Hot,1
2023-06-17,14,38.0,46.2,71.2,1.7,1502.0,2.28,0.0,Summer,No,Yes,University Branch,Non-Fiction,Student,Saturday,6,17,0,Hot,1
2023-06-17,17,27.0,42.7,65.0,4.7,1444.0,3.38,0.0,Summer,No,Yes,Corniche Kiosk,Fiction,Premium,Saturday,6,17,1,Hot,1
2023-06-17,18,47.0,40.5,67.2,4.0,1282.0,0.5,0.0,Summer,No,Yes,Downtown Central,Non-Fiction,Regular,Saturday,6,17,1,Hot,1
2023-06-17,19,32.0,41.8,48.7,2.3,1726.0,0.0,0.0,Summer,No,Yes,Al Hamra Branch,Children,Walk-In,Saturday,6,17,1,Hot,1
2023-06-17,21,23.0,38.7,58.7,3.6,1718.0,0.0,0.0,Summer,No,Yes,Downtown Central,Technology,Regular,Saturday,6,17,0,Hot,1
2023-06-18,11,28.0,39.9,45.0,0.8,1061.0,0.26,0.0,Summer,Yes,Yes,Al Rawdah Branch,Technology,Regular,Sunday,6,18,1,Hot,0
2023-06-18,12,27.0,43.1,46.5,1.4,1790.0,1.13,0.0,Summer,Yes,Yes,University Branch,Technology,Nan,Sunday,6,18,0,Hot,0
2023-06-18,14,12.0,42.7,58.9,7.2,1286.0,3.16,2.6,Summer,Yes,Yes,Downtown Central,Technology,Regular,Sunday,6,18,0,Hot,0
2023-06-18,15,22.0,41.3,60.2,1.1,1477.0,1.085,0.0,Summer,Yes,Yes,Al Rawdah Branch,Business,Student,Sunday,6,18,0,Hot,0
2023-06-18,19,55.0,38.3,63.2,6.6,1044.0,0.0,0.0,Summer,Yes,Yes,University Branch,Science,Student,Sunday,6,18,1,Hot,0
2023-06-18,21,19.0,36.4,53.4,5.9,1711.0,1.085,0.0,Summer,Yes,Yes,Downtown Central,Science,Walk-In,Sunday,6,18,0,Hot,0
2023-06-18,22,22.0,37.3,72.4,7.6,1995.0,0.0,0.0,Summer,Yes,Yes,Al Rawdah Branch,Science,Walk-In,Sunday,6,18,0,Hot,0
2023-06-19,8,59.0,32.7,37.2,5.8,893.0,0.53,0.0,Summer,No,Yes,Downtown Central,Technology,Premium,Monday,6,19,0,Warm,0
2023-06-19,10,63.0,36.0,67.5,3.6,1644.0,3.41,0.0,Summer,No,Yes,Al Hamra Branch,Non-Fiction,Student,Monday,6,19,1,Hot,0
2023-06-19,11,83.0,34.7,71.4,4.3,1224.0,1.2,0.0,Summer,No,Yes,University Branch,Children,Nan,Monday,6,19,1,Warm,0
2023-06-19,12,53.0,37.4,38.7,6.9,1396.0,0.22,0.0,Summer,No,Yes,University Branch,Science,Premium,Monday,6,19,0,Hot,0
2023-06-19,13,69.0,36.7,45.0,5.2,1324.0,3.12,0.0,Summer,No,Yes,Downtown Central,Arabic Literature,Nan,Monday,6,19,0,Hot,0
2023-06-19,14,39.0,39.0,57.4,7.3,879.0,1.085,0.0,Summer,No,Yes,Al Hamra Branch,Children,Premium,Monday,6,19,0,Hot,0
2023-06-19,15,45.0,38.5,71.3,0.9,1286.0,2.73,0.0,Summer,No,Yes,University Branch,Non-Fiction,Walk-In,Monday,6,19,0,Hot,0
2023-06-19,17,63.0,36.2,54.7,3.9,1350.0,2.96,0.0,Summer,No,Yes,University Branch,Fiction,Walk-In,Monday,6,19,1,Hot,0
2023-06-19,18,60.0,36.4,64.6,4.0,1184.0,1.95,0.0,Summer,No,Yes,Al Hamra Branch,Fiction,Student,Monday,6,19,1,Hot,0
2023-06-19,19,46.0,34.5,51.9,5.6,902.0,0.0,0.0,Summer,No,Yes,Al Hamra Branch,Children,Walk-In,Monday,6,19,1,Warm,0
2023-06-19,20,28.0,32.9,44.4,1.3,1745.0,0.0,0.0,Summer,No,Yes,Al Rawdah Branch,Arabic Literature,Walk-In,Monday,6,19,0,Warm,0
2023-06-19,22,22.0,31.9,48.0,2.8,1117.0,0.0,0.8,Summer,No,Yes,Corniche Kiosk,Technology,Premium,Monday,6,19,0,Warm,0
2023-06-20,9,33.0,40.2,66.6,5.1,1624.0,2.76,0.0,Summer,No,Yes,Al Hamra Branch,Science,Walk-In,Tuesday,6,20,1,Hot,0
2023-06-20,11,20.0,42.8,65.3,4.6,1399.0,3.29,1.6,Summer,No,Yes,Corniche Kiosk,Non-Fiction,Regular,Tuesday,6,20,1,Hot,0
2023-06-20,12,24.0,47.6,77.6,4.1,1726.0,2.71,0.0,Summer,No,Yes,Al Rawdah Branch,Non-Fiction,Walk-In,Tuesday,6,20,0,Hot,0
2023-06-20,13,18.0,45.5,65.1,3.7,833.0,0.89,0.0,Summer,No,Yes,Al Hamra Branch,Business,Walk-In,Tuesday,6,20,0,Hot,0
2023-06-20,16,15.0,47.2,71.4,7.2,1901.0,0.57,0.1,Summer,No,Yes,Corniche Kiosk,Science,Regular,Tuesday,6,20,1,Hot,0
2023-06-20,17,32.0,42.5,50.5,4.4,1120.0,2.81,0.0,Summer,No,Yes,Corniche Kiosk,Arabic Literature,Regular,Tuesday,6,20,1,Hot,0
2023-06-20,19,39.0,44.5,60.3,1.1,1843.0,0.0,0.0,Summer,No,Yes,Al Rawdah Branch,Children,Regular,Tuesday,6,20,1,Hot,0
2023-06-20,20,13.0,41.4,45.4,6.5,1064.0,0.0,0.0,Summer,No,Yes,Al Hamra Branch,Arabic Literature,Walk-In,Tuesday,6,20,0,Hot,0
2023-06-20,22,0.0,42.5,46.0,5.2,1957.0,0.0,0.0,Summer,No,Yes,Corniche Kiosk,Arabic Literature,Regular,Tuesday,6,20,0,Hot,0
2023-06-21,8,48.0,35.9,48.6,3.5,828.0,2.2,0.0,Summer,No,Yes,Downtown Central,Children,Walk-In,Wednesday,6,21,0,Hot,0
2023-06-21,12,36.0,39.7,57.1,7.3,1705.0,0.38,0.0,Summer,No,Yes,Downtown Central,Business,Walk-In,Wednesday,6,21,0,Hot,0
2023-06-21,13,34.0,40.7,77.4,6.6,1866.0,1.06,0.0,Summer,No,Yes,University Branch,Children,Walk-In,Wednesday,6,21,0,Hot,0
2023-06-21,18,25.0,39.0,62.1,5.6,1479.0,1.69,0.0,Summer,No,Yes,Corniche Kiosk,History,Walk-In,Wednesday,6,21,1,Hot,0
2023-06-21,19,76.0,37.6,67.5,0.5,1051.0,0.0,0.0,Summer,No,Yes,Downtown Central,Business,Premium,Wednesday,6,21,1,Hot,0
2023-06-21,21,54.0,35.2,39.7,2.4,1440.0,0.0,0.0,Summer,No,Yes,University Branch,History,Student,Wednesday,6,21,0,Hot,0
2023-06-21,22,31.0,35.2,65.3,6.0,1542.0,0.0,0.0,Summer,No,Yes,Al Rawdah Branch,Arabic Literature,Regular,Wednesday,6,21,0,Hot,0
2023-06-22,8,20.0,39.9,55.2,3.0,1987.0,3.27,4.8,Summer,No,Yes,Al Hamra Branch,Non-Fiction,Walk-In,Thursday,6,22,0,Hot,0
2023-06-22,9,23.0,39.2,63.3,3.9,1573.0,1.72,0.0,Summer,No,Yes,Corniche Kiosk,Science,Regular,Thursday,6,22,1,Hot,0
2023-06-22,14,42.0,43.8,64.1,6.1,1447.0,1.3,0.0,Summer,No,Yes,University Branch,Fiction,Student,Thursday,6,22,0,Hot,0
2023-06-22,18,33.0,32.2,58.9,6.9,1177.0,0.76,0.0,Summer,No,Yes,Al Hamra Branch,History,Student,Thursday,6,22,1,Warm,0
2023-06-22,19,67.0,42.4,63.5,3.7,1435.0,0.0,0.0,Summer,No,Yes,Downtown Central,Business,Student,Thursday,6,22,1,Hot,0
2023-06-22,20,30.0,40.6,63.7,4.5,1630.0,0.0,0.0,Summer,No,Yes,Downtown Central,Non-Fiction,Student,Thursday,6,22,0,Hot,0
2023-06-23,8,0.0,41.9,68.5,1.0,1342.0,0.02,0.0,Summer,Yes,Yes,University Branch,Arabic Literature,Premium,Friday,6,23,0,Hot,1
2023-06-23,9,39.0,42.3,57.0,6.2,1617.0,2.0,0.0,Summer,Yes,Yes,University Branch,Fiction,Student,Friday,6,23,1,Hot,1
2023-06-23,10,18.0,44.7,66.2,6.0,1557.0,0.78,0.0,Summer,Yes,Yes,Al Hamra Branch,Business,Walk-In,Friday,6,23,1,Hot,1
2023-06-23,11,34.0,44.5,74.5,3.8,1457.0,2.67,0.0,Summer,Yes,Yes,University Branch,Arabic Literature,Regular,Friday,6,23,1,Hot,1
2023-06-23,13,9.0,48.2,58.6,7.4,1959.0,0.87,0.0,Summer,Yes,Yes,Al Hamra Branch,Technology,Regular,Friday,6,23,0,Hot,1
2023-06-23,14,5.0,47.2,51.0,1.8,1651.0,0.14,0.0,Summer,Yes,Yes,Al Hamra Branch,Science,Walk-In,Friday,6,23,0,Hot,1
2023-06-23,15,24.0,47.6,54.0,3.7,1658.0,2.97,0.0,Summer,Yes,Yes,University Branch,Arabic Literature,Premium,Friday,6,23,0,Hot,1
2023-06-23,17,29.0,43.2,51.9,0.8,1299.0,1.09,0.0,Summer,Yes,Yes,Al Hamra Branch,Non-Fiction,Student,Friday,6,23,1,Hot,1
2023-06-23,18,44.0,44.0,47.9,5.5,1856.0,2.82,0.0,Summer,Yes,Yes,University Branch,Arabic Literature,Premium,Friday,6,23,1,Hot,1
2023-06-23,19,22.0,44.8,56.0,7.9,1652.0,0.0,0.0,Summer,Yes,Yes,Al Rawdah Branch,Business,Walk-In,Friday,6,23,1,Hot,1
2023-06-23,20,3.0,40.4,60.0,0.7,1763.0,0.0,0.0,Summer,Yes,Yes,Corniche Kiosk,Science,Student,Friday,6,23,0,Hot,1
2023-06-23,21,0.0,43.2,52.1,2.9,1014.0,0.0,0.0,Summer,Yes,Yes,Downtown Central,Fiction,Premium,Friday,6,23,0,Hot,1
2023-06-24,8,13.0,39.3,65.7,6.2,1485.0,0.6,0.0,Summer,No,Yes,Corniche Kiosk,Business,Walk-In,Saturday,6,24,0,Hot,1
2023-06-24,9,16.0,41.7,74.2,3.6,1199.0,2.69,0.0,Summer,No,Yes,Corniche Kiosk,Science,Walk-In,Saturday,6,24,1,Hot,1
2023-06-24,11,20.0,42.5,77.7,5.4,1115.0,2.29,0.0,Summer,No,Yes,Corniche Kiosk,Non-Fiction,Walk-In,Saturday,6,24,1,Hot,1
2023-06-24,15,17.0,45.4,61.1,1.7,851.0,1.62,0.0,Summer,No,Yes,Corniche Kiosk,Non-Fiction,Nan,Saturday,6,24,0,Hot,1
2023-06-24,20,2.0,41.8,55.3,6.3,1964.0,0.0,0.0,Summer,No,Yes,Corniche Kiosk,Fiction,Walk-In,Saturday,6,24,0,Hot,1
2023-06-24,22,0.0,40.2,60.2,3.3,1564.0,0.0,0.0,Summer,No,Yes,Corniche Kiosk,Technology,Walk-In,Saturday,6,24,0,Hot,1
2023-06-25,10,29.0,45.5,46.2,6.6,1368.0,1.7,0.0,Nan,No,Yes,Al Hamra Branch,Business,Walk-In,Sunday,6,25,1,Hot,0
2023-06-25,12,27.0,48.1,63.7,6.6,1867.0,0.47,0.0,Summer,No,Yes,Al Rawdah Branch,History,Regular,Sunday,6,25,0,Hot,0
2023-06-25,14,42.0,46.6,58.4,7.6,1852.0,1.26,0.0,Summer,No,Yes,University Branch,Arabic Literature,Premium,Sunday,6,25,0,Hot,0
2023-06-25,15,26.0,47.0,62.0,2.7,807.0,2.86,0.0,Summer,No,Yes,Al Hamra Branch,Children,Regular,Sunday,6,25,0,Hot,0
2023-06-25,18,41.0,44.2,56.4,4.8,1399.0,2.33,0.0,Summer,No,Yes,Al Rawdah Branch,Technology,Regular,Sunday,6,25,1,Hot,0
2023-06-25,21,11.0,42.8,60.5,8.0,1068.0,0.0,0.0,Summer,No,Yes,Al Hamra Branch,Business,Premium,Sunday,6,25,0,Hot,0
2023-06-26,9,52.0,43.7,67.2,0.7,1186.0,2.32,0.0,Summer,No,Yes,University Branch,Fiction,Premium,Monday,6,26,1,Hot,0
2023-06-26,10,51.0,43.4,41.4,3.9,1052.0,2.73,0.0,Summer,No,Yes,Al Rawdah Branch,Children,Premium,Monday,6,26,1,Hot,0
2023-06-26,11,44.0,46.1,68.0,6.3,1200.0,3.19,0.0,Summer,No,Yes,Al Rawdah Branch,Arabic Literature,Student,Monday,6,26,1,Hot,0
2023-06-26,12,22.0,46.7,78.9,3.3,1952.0,0.86,0.0,Summer,No,Yes,Al Hamra Branch,Non-Fiction,Walk-In,Monday,6,26,0,Hot,0
2023-06-26,13,17.0,48.1,67.6,3.2,1116.0,2.61,0.0,Summer,No,Yes,Corniche Kiosk,Children,Student,Monday,6,26,0,Hot,0
2023-06-26,14,34.0,49.1,56.5,3.2,1437.0,2.12,0.0,Summer,No,Yes,Al Rawdah Branch,History,Premium,Monday,6,26,0,Hot,0
2023-06-26,17,40.0,32.2,59.1,4.5,1267.0,1.96,0.0,Summer,No,Yes,Al Hamra Branch,Business,Student,Monday,6,26,1,Warm,0
2023-06-26,19,56.0,45.7,50.4,5.0,1534.0,0.0,0.0,Summer,No,Yes,Downtown Central,Arabic Literature,Premium,Monday,6,26,1,Hot,0
2023-06-26,20,22.0,43.7,59.9,6.0,1095.0,0.0,0.0,Summer,No,Yes,Al Hamra Branch,Non-Fiction,Regular,Monday,6,26,0,Hot,0
2023-06-26,21,8.0,41.6,50.1,1.8,1088.0,0.0,0.0,Summer,No,Yes,Al Rawdah Branch,Fiction,Regular,Monday,6,26,0,Hot,0
2023-06-27,12,18.0,41.3,69.0,1.9,975.0,1.12,0.0,Summer,No,Yes,Corniche Kiosk,Business,Walk-In,Tuesday,6,27,0,Hot,0
2023-06-27,14,37.0,39.6,71.1,5.9,1061.0,2.1,0.7,Summer,No,Yes,Downtown Central,Technology,Regular,Tuesday,6,27,0,Hot,0
2023-06-27,15,37.0,41.0,40.4,1.7,1959.0,2.42,0.0,Summer,No,Yes,University Branch,Technology,Regular,Tuesday,6,27,0,Hot,0
2023-06-27,16,33.0,39.8,42.5,2.5,1474.0,1.26,0.0,Summer,No,Yes,Corniche Kiosk,Science,Premium,Tuesday,6,27,1,Hot,0
2023-06-27,17,94.0,36.6,59.4,2.4,1240.0,2.26,0.0,Summer,No,Yes,Downtown Central,Arabic Literature,Student,Tuesday,6,27,1,Hot,0
2023-06-27,18,61.0,38.7,69.1,3.6,1584.0,3.42,0.0,Summer,No,Yes,University Branch,Business,Walk-In,Tuesday,6,27,1,Hot,0
2023-06-27,19,49.0,37.3,51.7,2.2,1974.0,0.0,0.0,Nan,No,Yes,Al Hamra Branch,History,Premium,Tuesday,6,27,1,Hot,0
2023-06-27,22,54.0,36.0,45.2,6.0,1089.0,0.0,0.0,Summer,No,Yes,Downtown Central,Science,Student,Tuesday,6,27,0,Hot,0
2023-06-28,8,44.0,37.1,39.2,5.3,1931.0,0.37,0.0,Summer,No,Yes,University Branch,Technology,Regular,Wednesday,6,28,0,Hot,0
2023-06-28,9,39.0,37.7,50.1,2.5,956.0,0.21,4.2,Summer,No,Yes,Al Rawdah Branch,Non-Fiction,Regular,Wednesday,6,28,1,Hot,0
2023-06-28,10,33.0,37.6,49.9,1.5,1349.0,0.18,0.0,Summer,No,Yes,Al Hamra Branch,History,Walk-In,Wednesday,6,28,1,Hot,0
2023-06-28,12,47.0,40.6,50.9,4.2,1936.0,1.22,0.0,Summer,No,Yes,Downtown Central,Business,Student,Wednesday,6,28,0,Hot,0
2023-06-28,18,30.0,39.9,45.4,0.8,1607.0,3.23,0.0,Summer,No,Yes,Corniche Kiosk,History,Regular,Wednesday,6,28,1,Hot,0
2023-06-28,19,62.0,39.5,71.0,4.4,1337.0,0.0,0.0,Summer,No,Yes,Downtown Central,Children,Premium,Wednesday,6,28,1,Hot,0
2023-06-29,8,66.0,32.2,57.7,2.3,1262.0,1.61,0.0,Summer,No,Yes,University Branch,Fiction,Student,Thursday,6,29,0,Warm,0
2023-06-29,10,62.0,33.2,66.3,0.6,1335.0,3.41,0.0,Summer,No,Yes,Al Hamra Branch,Non-Fiction,Student,Thursday,6,29,1,Warm,0
2023-06-29,11,63.0,35.9,53.5,6.2,825.0,1.85,0.0,Summer,No,Yes,Al Rawdah Branch,History,Premium,Thursday,6,29,1,Hot,0
2023-06-29,12,35.0,37.8,54.5,4.9,1406.0,0.12,0.0,Summer,No,Yes,Al Hamra Branch,Arabic Literature,Premium,Thursday,6,29,0,Hot,0
2023-06-29,13,28.0,37.4,70.0,5.1,1444.0,1.45,0.0,Summer,No,Yes,Corniche Kiosk,Fiction,Student,Thursday,6,29,0,Hot,0
2023-06-29,15,47.0,37.8,50.7,3.0,1335.0,2.26,0.0,Summer,No,Yes,Al Rawdah Branch,Science,Premium,Thursday,6,29,0,Hot,0
2023-06-29,18,48.0,33.7,68.0,4.2,1042.0,3.27,0.0,Summer,No,Yes,Corniche Kiosk,Non-Fiction,Student,Thursday,6,29,1,Warm,0
2023-06-29,19,43.0,32.9,59.2,4.0,1387.0,0.0,0.0,Summer,No,Yes,Al Hamra Branch,Non-Fiction,Walk-In,Thursday,6,29,1,Warm,0
2023-06-29,20,50.0,33.4,54.9,0.6,1122.0,0.0,0.0,Summer,No,Yes,Downtown Central,Science,Walk-In,Thursday,6,29,0,Warm,0
2023-06-29,21,22.0,33.6,71.4,3.9,1129.0,0.0,0.0,Summer,No,Yes,Corniche Kiosk,Non-Fiction,Regular,Thursday,6,29,0,Warm,0
2023-06-30,9,44.0,35.0,60.0,1.7,1919.0,0.58,0.0,Summer,Yes,Yes,Al Hamra Branch,Science,Student,Friday,6,30,1,Warm,1
2023-06-30,11,31.0,37.5,55.0,3.8,1613.0,2.47,0.0,Summer,Yes,Yes,Al Hamra Branch,Arabic Literature,Premium,Friday,6,30,1,Hot,1
2023-06-30,12,12.0,42.1,56.2,4.4,1999.0,1.03,0.0,Summer,Yes,Yes,Downtown Central,Science,Walk-In,Friday,6,30,0,Hot,1
2023-06-30,13,21.0,40.7,50.1,3.2,1419.0,2.68,0.0,Summer,Yes,Yes,Al Rawdah Branch,Technology,Premium,Friday,6,30,0,Hot,1
2023-06-30,14,14.0,40.2,54.8,6.7,1514.0,2.89,3.6,Summer,Yes,Yes,Downtown Central,Business,Walk-In,Friday,6,30,0,Hot,1
2023-06-30,15,19.0,40.4,54.1,4.0,901.0,1.25,0.0,Summer,Yes,Yes,University Branch,History,Student,Friday,6,30,0,Hot,1
2023-06-30,16,50.0,39.4,51.1,7.3,835.0,1.72,0.0,Summer,Yes,Yes,Downtown Central,Arabic Literature,Premium,Friday,6,30,1,Hot,1
2023-06-30,17,58.0,37.9,55.5,2.5,961.0,1.04,0.0,Summer,Yes,Yes,Downtown Central,Technology,Premium,Friday,6,30,1,Hot,1
2023-06-30,18,20.0,38.5,55.2,0.6,1735.0,2.04,0.0,Summer,Yes,Yes,Corniche Kiosk,History,Walk-In,Friday,6,30,1,Hot,1
2023-07-01,9,35.0,39.5,82.2,3.8,1127.0,0.84,0.0,Summer,No,Yes,Al Rawdah Branch,Business,Regular,Saturday,7,1,1,Hot,1
2023-07-01,14,9.0,44.1,87.4,7.2,1718.0,1.06,0.0,Summer,No,Yes,Corniche Kiosk,Arabic Literature,Regular,Saturday,7,1,0,Hot,1
2023-07-01,15,24.0,43.4,83.4,1.0,1387.0,1.32,0.0,Summer,No,Yes,Downtown Central,History,Walk-In,Saturday,7,1,0,Hot,1
2023-07-01,16,26.0,43.5,84.7,7.5,891.0,0.49,0.0,Summer,No,Yes,Corniche Kiosk,Science,Student,Saturday,7,1,1,Hot,1
2023-07-01,18,36.0,41.3,59.9,1.6,1403.0,3.43,3.1,Summer,No,Yes,Al Hamra Branch,Non-Fiction,Student,Saturday,7,1,1,Hot,1
2023-07-01,19,18.0,41.0,58.3,3.8,1367.0,0.0,0.0,Summer,No,Yes,Corniche Kiosk,History,Regular,Saturday,7,1,1,Hot,1
2023-07-02,10,45.0,44.1,80.6,4.8,1602.0,1.25,0.0,Summer,No,Yes,University Branch,Business,Regular,Sunday,7,2,1,Hot,0
2023-07-02,12,28.0,47.7,83.9,2.2,1401.0,0.82,0.0,Summer,No,Yes,Al Hamra Branch,Technology,Premium,Sunday,7,2,0,Hot,0
2023-07-02,13,41.0,47.9,61.2,1.6,892.0,2.15,0.0,Summer,No,Yes,University Branch,Technology,Student,Sunday,7,2,0,Hot,0
2023-07-02,14,23.0,48.4,92.8,7.4,926.0,3.11,0.0,Nan,No,Yes,Al Hamra Branch,Children,Premium,Sunday,7,2,0,Hot,0
2023-07-02,15,33.0,47.4,58.6,6.3,942.0,3.04,0.0,Summer,No,Yes,Al Rawdah Branch,Arabic Literature,Regular,Sunday,7,2,0,Hot,0
2023-07-02,19,26.0,46.1,89.0,0.9,1837.0,0.0,0.0,Summer,No,Yes,Al Hamra Branch,Non-Fiction,Walk-In,Sunday,7,2,1,Hot,0
2023-07-03,8,48.0,32.5,91.0,7.2,1391.0,0.44,2.9,Summer,No,Yes,Downtown Central,Non-Fiction,Premium,Monday,7,3,0,Warm,0
2023-07-03,9,54.0,33.2,66.5,0.8,1294.0,1.93,0.0,Summer,No,Yes,Al Hamra Branch,Children,Regular,Monday,7,3,1,Warm,0
2023-07-03,10,87.0,34.5,64.6,4.8,1632.0,2.85,0.0,Summer,No,Yes,University Branch,Fiction,Premium,Monday,7,3,1,Warm,0
2023-07-03,11,43.0,35.0,85.9,2.9,1417.0,0.7,0.0,Summer,No,Yes,Corniche Kiosk,Fiction,Student,Monday,7,3,1,Warm,0
2023-07-03,12,29.0,38.1,59.2,4.9,1630.0,0.41,0.0,Summer,No,Yes,Al Hamra Branch,Fiction,Regular,Monday,7,3,0,Hot,0
2023-07-03,13,36.0,38.3,77.2,1.7,1192.0,0.87,0.0,Summer,No,Yes,Al Rawdah Branch,Children,Premium,Monday,7,3,0,Hot,0
2023-07-03,14,31.0,36.0,79.3,1.2,1821.0,1.8,0.0,Summer,No,Yes,Al Hamra Branch,Fiction,Walk-In,Monday,7,3,0,Hot,0
2023-07-03,15,61.0,35.7,70.5,3.4,1978.0,2.19,0.0,Summer,No,Yes,University Branch,History,Student,Monday,7,3,0,Hot,0
2023-07-03,17,100.0,33.2,82.2,4.8,1569.0,1.2,0.0,Summer,No,Yes,Downtown Central,Technology,Student,Monday,7,3,1,Warm,0
2023-07-03,18,39.0,34.0,85.5,6.8,1850.0,1.31,0.0,Summer,No,Yes,Corniche Kiosk,Technology,Premium,Monday,7,3,1,Warm,0
2023-07-03,19,62.0,33.1,87.4,5.3,1351.0,0.0,0.0,Summer,No,Yes,Al Hamra Branch,Non-Fiction,Student,Monday,7,3,1,Warm,0
2023-07-03,20,32.0,30.7,54.6,3.7,1799.0,0.0,0.0,Summer,No,Yes,Al Hamra Branch,History,Walk-In,Monday,7,3,0,Warm,0
2023-07-04,8,44.0,38.4,86.8,6.4,1542.0,1.33,0.0,Summer,No,Yes,University Branch,Arabic Literature,Student,Tuesday,7,4,0,Hot,0
2023-07-04,9,54.0,37.4,61.2,5.7,1918.0,2.54,0.0,Summer,No,Yes,Al Rawdah Branch,History,Regular,Tuesday,7,4,1,Hot,0
2023-07-04,10,45.0,42.3,84.0,7.2,1750.0,0.41,0.0,Summer,No,Yes,University Branch,Science,Student,Tuesday,7,4,1,Hot,0
2023-07-04,12,12.0,44.9,73.7,4.0,1462.0,1.21,3.4,Summer,No,Yes,Al Hamra Branch,Business,Regular,Tuesday,7,4,0,Hot,0
2023-07-04,13,35.0,43.5,86.4,4.5,1277.0,3.49,0.0,Summer,No,Yes,Downtown Central,Non-Fiction,Walk-In,Tuesday,7,4,0,Hot,0
2023-07-04,14,24.0,44.8,82.7,3.6,1193.0,1.0,0.0,Summer,No,Yes,Al Hamra Branch,Technology,Premium,Tuesday,7,4,0,Hot,0
2023-07-04,15,19.0,42.9,79.8,1.6,1007.0,1.23,0.0,Summer,No,Yes,Al Rawdah Branch,Children,Walk-In,Tuesday,7,4,0,Hot,0
2023-07-04,16,36.0,43.0,65.8,1.5,985.0,0.65,0.4,Summer,No,Yes,University Branch,Technology,Walk-In,Tuesday,7,4,1,Hot,0
2023-07-04,17,64.0,39.8,59.8,3.4,1807.0,2.18,0.0,Summer,No,Yes,Downtown Central,Children,Regular,Tuesday,7,4,1,Hot,0
2023-07-04,19,60.0,39.5,82.8,4.5,1250.0,0.0,0.0,Summer,No,Yes,Downtown Central,Technology,Regular,Tuesday,7,4,1,Hot,0
2023-07-04,22,15.0,37.6,67.4,2.5,1014.0,0.0,4.1,Summer,No,Yes,Al Hamra Branch,History,Regular,Tuesday,7,4,0,Hot,0
2023-07-05,8,19.0,41.8,84.2,2.1,1067.0,3.23,0.0,Nan,No,Yes,Al Rawdah Branch,Business,Walk-In,Wednesday,7,5,0,Hot,0
2023-07-05,9,25.0,42.5,79.3,2.8,1360.0,0.87,0.0,Summer,No,Yes,Corniche Kiosk,Business,Regular,Wednesday,7,5,1,Hot,0
2023-07-05,10,52.0,45.6,79.2,4.2,1840.0,0.58,0.0,Summer,No,Yes,University Branch,Fiction,Premium,Wednesday,7,5,1,Hot,0
2023-07-05,11,27.0,45.9,58.9,7.3,1184.0,1.38,0.0,Summer,No,Yes,Al Rawdah Branch,Arabic Literature,Walk-In,Wednesday,7,5,1,Hot,0
2023-07-05,14,40.0,47.1,64.5,3.0,1833.0,3.38,0.0,Summer,No,Yes,University Branch,Arabic Literature,Premium,Wednesday,7,5,0,Hot,0
2023-07-05,15,11.0,46.9,80.4,4.3,1271.0,2.22,0.0,Summer,No,Yes,Corniche Kiosk,Science,Walk-In,Wednesday,7,5,0,Hot,0
2023-07-05,16,49.0,46.3,55.8,7.2,1343.0,0.3,0.0,Summer,No,Yes,Downtown Central,History,Walk-In,Wednesday,7,5,1,Hot,0
2023-07-05,17,37.0,44.1,78.0,3.5,1489.0,3.38,0.0,Summer,No,Yes,Al Hamra Branch,Fiction,Walk-In,Wednesday,7,5,1,Hot,0
2023-07-05,18,51.0,44.0,65.6,1.6,1122.0,1.06,0.0,Summer,No,Yes,Al Rawdah Branch,Business,Premium,Wednesday,7,5,1,Hot,0
2023-07-05,19,44.0,43.9,86.2,7.3,1104.0,0.0,0.0,Summer,No,Yes,University Branch,Children,Regular,Wednesday,7,5,1,Hot,0
2023-07-05,21,12.0,42.2,84.2,5.6,1414.0,0.0,0.0,Summer,No,Yes,Al Rawdah Branch,Fiction,Walk-In,Wednesday,7,5,0,Hot,0
2023-07-05,22,10.0,44.2,73.4,3.7,1849.0,0.0,0.0,Summer,Yes,Yes,Corniche Kiosk,Non-Fiction,Walk-In,Wednesday,7,5,0,Hot,0
2023-07-06,9,73.0,34.2,86.8,1.5,1575.0,2.84,0.0,Summer,No,Yes,University Branch,History,Regular,Thursday,7,6,1,Warm,0
2023-07-06,10,72.0,36.3,56.5,2.1,1947.0,0.31,0.0,Summer,No,Yes,University Branch,History,Premium,Thursday,7,6,1,Hot,0
2023-07-06,11,45.0,37.7,84.7,2.8,1382.0,1.44,0.0,Summer,No,Yes,Al Rawdah Branch,Science,Regular,Thursday,7,6,1,Hot,0
2023-07-06,12,17.0,41.0,78.4,1.1,1692.0,1.29,0.0,Summer,Yes,Yes,Corniche Kiosk,History,Regular,Thursday,7,6,0,Hot,0
2023-07-06,15,37.0,32.2,86.1,3.4,894.0,1.74,0.0,Summer,No,Yes,Downtown Central,Arabic Literature,Premium,Thursday,7,6,0,Warm,0
2023-07-06,17,36.0,37.4,57.9,5.1,1973.0,2.26,0.0,Summer,No,Yes,Corniche Kiosk,Business,Premium,Thursday,7,6,1,Hot,0
2023-07-06,19,51.0,36.6,66.6,7.3,1126.0,0.0,0.0,Summer,No,Yes,University Branch,Science,Walk-In,Thursday,7,6,1,Hot,0
2023-07-06,20,12.0,34.7,73.0,1.9,1929.0,0.0,0.0,Summer,No,Yes,Corniche Kiosk,Arabic Literature,Walk-In,Thursday,7,6,0,Warm,0
2023-07-06,21,33.0,34.8,82.5,2.2,1631.0,0.0,0.0,Summer,No,Yes,University Branch,Science,Walk-In,Thursday,7,6,0,Warm,0
2023-07-07,8,27.0,37.0,73.2,4.9,1641.0,2.69,0.0,Summer,Yes,Yes,Al Rawdah Branch,Non-Fiction,Premium,Friday,7,7,0,Hot,1
2023-07-07,10,21.0,39.1,83.0,5.3,1358.0,3.25,1.8,Summer,Yes,Yes,University Branch,Arabic Literature,Walk-In,Friday,7,7,1,Hot,1
2023-07-07,11,39.0,38.3,80.0,1.8,1760.0,0.8,0.0,Summer,Yes,Yes,University Branch,Non-Fiction,Premium,Friday,7,7,1,Hot,1
2023-07-07,12,5.0,42.4,89.9,3.8,1540.0,0.19,0.0,Summer,Yes,Yes,Al Hamra Branch,Children,Student,Friday,7,7,0,Hot,1
2023-07-07,14,8.0,43.4,85.4,7.2,1861.0,3.03,0.0,Summer,Yes,Yes,Corniche Kiosk,Fiction,Student,Friday,7,7,0,Hot,1
2023-07-07,15,5.0,41.9,92.3,5.6,1687.0,2.19,0.0,Summer,Yes,Yes,Al Hamra Branch,History,Regular,Friday,7,7,0,Hot,1
2023-07-07,16,46.0,41.2,87.1,5.3,1425.0,1.085,0.0,Summer,Yes,Yes,Downtown Central,Fiction,Student,Friday,7,7,1,Hot,1
2023-07-07,17,43.0,38.2,74.8,2.7,1736.0,2.43,0.0,Summer,Yes,Yes,Al Rawdah Branch,Arabic Literature,Student,Friday,7,7,1,Hot,1
2023-07-07,21,3.0,37.1,72.0,3.3,1090.0,0.0,0.0,Summer,Yes,Yes,Corniche Kiosk,Non-Fiction,Regular,Friday,7,7,0,Hot,1
2023-07-07,22,12.0,38.9,66.1,3.0,1019.0,0.0,0.0,Summer,Yes,Yes,Downtown Central,Children,Premium,Friday,7,7,0,Hot,1
2023-07-08,12,24.0,41.2,62.2,2.1,807.0,0.96,0.0,Summer,No,Yes,Al Rawdah Branch,Business,Student,Saturday,7,8,0,Hot,1
2023-07-08,13,31.0,43.3,78.1,0.7,1017.0,1.22,0.0,Summer,No,Yes,University Branch,Arabic Literature,Student,Saturday,7,8,0,Hot,1
2023-07-08,16,29.0,41.0,86.0,5.0,1500.0,2.57,0.0,Summer,No,Yes,Al Hamra Branch,Non-Fiction,Premium,Saturday,7,8,1,Hot,1
2023-07-08,17,48.0,32.2,66.3,5.9,1186.0,1.96,0.0,Summer,No,Yes,Downtown Central,Arabic Literature,Walk-In,Saturday,7,8,1,Warm,1
2023-07-08,18,51.0,40.3,71.1,6.9,1455.0,2.75,0.0,Summer,No,Yes,University Branch,Arabic Literature,Regular,Saturday,7,8,1,Hot,1
2023-07-08,19,28.0,38.0,79.4,0.6,1497.0,0.0,0.0,Summer,No,Yes,Al Hamra Branch,Technology,Walk-In,Saturday,7,8,1,Hot,1
2023-07-08,20,25.0,36.3,82.0,2.3,1982.0,0.0,0.0,Summer,No,Yes,Al Rawdah Branch,Children,Premium,Saturday,7,8,0,Hot,1
2023-07-09,9,28.0,38.8,65.1,4.6,1662.0,3.25,3.3,Summer,No,Yes,Al Hamra Branch,Children,Walk-In,Sunday,7,9,1,Hot,0
2023-07-09,10,25.0,40.2,60.7,4.3,1153.0,0.31,0.0,Summer,No,Yes,Corniche Kiosk,Arabic Literature,Premium,Sunday,7,9,1,Hot,0
2023-07-09,11,56.0,41.3,91.5,5.6,911.0,2.35,0.0,Summer,No,Yes,Downtown Central,History,Premium,Sunday,7,9,1,Hot,0
2023-07-09,12,23.0,45.7,85.2,4.2,933.0,1.31,0.0,Summer,No,Yes,Al Hamra Branch,Fiction,Walk-In,Sunday,7,9,0,Hot,0
2023-07-09,15,20.0,44.5,80.6,7.1,1475.0,3.25,0.0,Summer,No,Yes,Al Rawdah Branch,History,Walk-In,Sunday,7,9,0,Hot,0
2023-07-09,16,46.0,43.4,77.6,4.0,1191.0,2.34,0.0,Summer,No,Yes,Al Rawdah Branch,Non-Fiction,Premium,Sunday,7,9,1,Hot,0
2023-07-09,17,34.0,42.1,63.4,6.7,1926.0,0.63,1.4,Summer,No,Yes,Al Hamra Branch,History,Premium,Sunday,7,9,1,Hot,0
2023-07-09,18,31.0,42.5,77.2,1.7,1130.0,0.34,0.6,Summer,No,Yes,Al Rawdah Branch,Non-Fiction,Student,Sunday,7,9,1,Hot,0
2023-07-09,20,30.0,40.4,57.9,3.0,987.0,0.0,0.0,Summer,No,Yes,University Branch,Arabic Literature,Premium,Sunday,7,9,0,Hot,0
2023-07-09,21,15.0,40.0,75.5,1.6,1490.0,0.0,0.0,Summer,No,Yes,Al Rawdah Branch,Children,Regular,Sunday,7,9,0,Hot,0
2023-07-09,22,23.0,38.9,87.7,6.0,1327.0,0.0,0.0,Summer,No,Yes,University Branch,Science,Regular,Sunday,7,9,0,Hot,0
2023-07-10,8,26.0,42.0,80.3,2.4,1977.0,1.66,0.0,Summer,No,Yes,Al Rawdah Branch,Non-Fiction,Student,Monday,7,10,0,Hot,0
2023-07-10,10,31.0,41.7,94.6,7.9,802.0,0.71,0.0,Summer,No,Yes,Al Rawdah Branch,Technology,Regular,Monday,7,10,1,Hot,0
2023-07-10,11,38.0,43.1,87.9,5.2,1883.0,3.28,0.0,Summer,No,Yes,Al Hamra Branch,Science,Regular,Monday,7,10,1,Hot,0
2023-07-10,12,37.0,46.5,73.0,4.3,1647.0,2.02,0.0,Summer,No,Yes,Downtown Central,Non-Fiction,Regular,Monday,7,10,0,Hot,0
2023-07-10,13,33.0,44.9,62.7,4.7,1344.0,0.35,0.0,Summer,No,Yes,Al Rawdah Branch,Fiction,Premium,Monday,7,10,0,Hot,0
2023-07-10,14,22.0,44.7,72.7,4.4,1756.0,1.74,0.0,Summer,No,Yes,Al Hamra Branch,Technology,Walk-In,Monday,7,10,0,Hot,0
2023-07-10,15,24.0,46.0,75.8,1.8,1718.0,3.49,0.0,Summer,No,Yes,Corniche Kiosk,Children,Student,Monday,7,10,0,Hot,0
2023-07-10,16,33.0,44.5,66.0,0.7,973.0,1.53,3.3,Summer,No,Yes,Al Rawdah Branch,History,Regular,Monday,7,10,1,Hot,0
2023-07-10,17,32.0,43.9,72.2,6.5,1694.0,1.91,0.0,Summer,No,Yes,Al Hamra Branch,Non-Fiction,Walk-In,Monday,7,10,1,Hot,0
2023-07-10,19,62.0,41.6,56.9,3.8,1236.0,0.0,0.0,Summer,No,Yes,University Branch,Technology,Student,Monday,7,10,1,Hot,0
2023-07-10,20,10.0,42.0,83.9,3.4,1070.0,0.0,0.0,Summer,No,Yes,Al Hamra Branch,Science,Student,Monday,7,10,0,Hot,0
2023-07-10,21,19.0,40.2,83.4,3.2,1738.0,0.0,0.0,Summer,No,Yes,Al Rawdah Branch,Children,Premium,Monday,7,10,0,Hot,0
2023-07-11,9,57.0,36.1,56.5,3.1,1612.0,0.91,0.0,Summer,No,Yes,University Branch,Fiction,Walk-In,Tuesday,7,11,1,Hot,0
2023-07-11,10,29.0,38.7,62.0,7.4,1558.0,2.27,3.8,Summer,No,Yes,Al Hamra Branch,History,Walk-In,Tuesday,7,11,1,Hot,0
2023-07-11,11,37.0,38.2,57.1,3.0,807.0,3.0,0.0,Summer,No,Yes,Corniche Kiosk,Technology,Premium,Tuesday,7,11,1,Hot,0
2023-07-11,13,19.0,42.4,79.7,7.0,1569.0,0.67,0.0,Summer,No,Yes,Corniche Kiosk,Business,Premium,Tuesday,7,11,0,Hot,0
2023-07-11,17,48.0,40.1,66.7,2.1,1392.0,1.86,2.8,Summer,No,Yes,Al Rawdah Branch,Science,Premium,Tuesday,7,11,1,Hot,0
2023-07-11,19,46.0,32.2,70.3,1.6,1214.0,0.0,0.0,Summer,No,Yes,Al Hamra Branch,Arabic Literature,Regular,Tuesday,7,11,1,Warm,0
2023-07-11,20,42.0,35.4,51.2,4.4,1206.0,0.0,0.0,Summer,No,Yes,University Branch,Fiction,Regular,Tuesday,7,11,0,Hot,0
2023-07-11,21,25.0,37.9,89.1,4.7,1748.0,0.0,0.0,Summer,No,Yes,Downtown Central,Fiction,Walk-In,Tuesday,7,11,0,Hot,0
2023-07-12,8,24.0,31.9,80.8,6.4,1775.0,0.89,0.0,Summer,No,Yes,Corniche Kiosk,Arabic Literature,Premium,Wednesday,7,12,0,Warm,0
2023-07-12,9,44.0,34.7,57.4,2.4,1721.0,1.47,0.0,Summer,No,Yes,Al Hamra Branch,Science,Student,Wednesday,7,12,1,Warm,0
2023-07-12,13,20.0,38.0,72.2,6.6,1136.0,1.81,0.0,Summer,No,Yes,Corniche Kiosk,Business,Regular,Wednesday,7,12,0,Hot,0
2023-07-12,14,40.0,38.0,81.2,5.0,1888.0,2.23,0.0,Summer,No,Yes,University Branch,Non-Fiction,Walk-In,Wednesday,7,12,0,Hot,0
2023-07-12,15,68.0,37.8,63.6,6.1,1054.0,2.95,0.0,Summer,No,Yes,University Branch,History,Student,Wednesday,7,12,0,Hot,0
2023-07-12,16,29.0,39.4,51.3,5.3,1820.0,0.82,0.0,Summer,No,Yes,Corniche Kiosk,Technology,Premium,Wednesday,7,12,1,Hot,0
2023-07-12,18,38.0,35.6,81.4,3.2,1531.0,0.56,0.0,Summer,No,Yes,Al Hamra Branch,Business,Walk-In,Wednesday,7,12,1,Hot,0
2023-07-12,19,88.0,35.5,79.7,5.3,1826.0,0.0,0.0,Summer,No,Yes,Downtown Central,Fiction,Student,Wednesday,7,12,1,Hot,0
2023-07-12,22,21.0,33.8,56.6,1.1,874.0,0.0,0.0,Summer,No,Yes,Corniche Kiosk,Business,Regular,Wednesday,7,12,0,Warm,0
2023-07-13,10,29.0,42.6,75.2,2.4,1469.0,2.04,0.0,Summer,No,Yes,Al Hamra Branch,Science,Walk-In,Thursday,7,13,1,Hot,0
2023-07-13,12,23.0,47.2,65.1,6.7,1368.0,1.84,0.0,Summer,No,Yes,Al Hamra Branch,History,Nan,Thursday,7,13,0,Hot,0
2023-07-13,13,25.0,48.1,80.3,7.6,1514.0,3.01,0.0,Summer,No,Yes,Al Hamra Branch,Arabic Literature,Student,Thursday,7,13,0,Hot,0
2023-07-13,14,35.0,47.1,73.3,6.7,1558.0,0.44,0.0,Summer,No,Yes,University Branch,Technology,Premium,Thursday,7,13,0,Hot,0
2023-07-13,15,42.0,47.1,86.9,3.0,991.0,3.18,0.0,Summer,No,Yes,University Branch,Technology,Student,Thursday,7,13,0,Hot,0
2023-07-13,16,25.0,46.8,61.7,3.8,1933.0,3.31,1.9,Summer,No,Yes,Corniche Kiosk,Non-Fiction,Student,Thursday,7,13,1,Hot,0
2023-07-13,19,57.0,43.4,85.5,6.1,950.0,0.0,0.0,Summer,No,Yes,University Branch,Fiction,Student,Thursday,7,13,1,Hot,0
2023-07-13,20,14.0,41.8,75.6,2.7,1186.0,0.0,0.0,Summer,No,Yes,Al Rawdah Branch,Fiction,Regular,Thursday,7,13,0,Hot,0
2023-07-13,21,20.0,40.7,66.1,7.1,1066.0,0.0,0.0,Summer,No,Yes,Al Rawdah Branch,Arabic Literature,Student,Thursday,7,13,0,Hot,0
2023-07-14,8,22.0,37.3,87.4,1.5,1716.0,0.89,0.0,Summer,Yes,Yes,Downtown Central,Technology,Regular,Friday,7,14,0,Hot,1
2023-07-14,9,19.0,37.7,60.0,4.5,1462.0,2.07,0.0,Summer,Yes,Yes,Corniche Kiosk,Science,Walk-In,Friday,7,14,1,Hot,1
2023-07-14,14,12.0,42.7,88.1,3.8,1811.0,2.62,0.0,Summer,Yes,Yes,Al Rawdah Branch,Technology,Regular,Friday,7,14,0,Hot,1
2023-07-14,16,39.0,43.9,71.1,2.9,1656.0,2.78,0.0,Summer,Yes,Yes,University Branch,Science,Premium,Friday,7,14,1,Hot,1
2023-07-14,17,39.0,38.8,57.0,6.0,1934.0,1.01,0.0,Summer,Yes,Yes,Al Hamra Branch,Fiction,Student,Friday,7,14,1,Hot,1
2023-07-14,19,17.0,40.8,87.0,7.9,1591.0,0.0,0.0,Summer,Yes,Yes,Al Rawdah Branch,Children,Premium,Friday,7,14,1,Hot,1
2023-07-14,22,8.0,38.2,62.6,2.5,1375.0,0.0,0.0,Summer,Yes,Yes,Al Rawdah Branch,Technology,Regular,Friday,7,14,0,Hot,1
2023-07-15,8,4.0,41.6,88.7,5.6,1345.0,1.09,0.0,Summer,No,Yes,Corniche Kiosk,Technology,Student,Saturday,7,15,0,Hot,1
2023-07-15,10,16.0,43.5,76.9,7.7,864.0,0.28,2.0,Summer,No,Yes,Al Hamra Branch,Arabic Literature,Premium,Saturday,7,15,1,Hot,1
2023-07-15,11,25.0,44.3,71.2,2.7,1519.0,1.6,0.0,Summer,No,Yes,Al Hamra Branch,Arabic Literature,Regular,Saturday,7,15,1,Hot,1
2023-07-15,12,19.0,48.8,72.3,4.6,1592.0,2.12,0.0,Nan,No,Yes,Al Rawdah Branch,Fiction,Regular,Saturday,7,15,0,Hot,1
2023-07-15,14,16.0,46.6,70.2,2.6,1248.0,1.53,0.0,Summer,No,Yes,Corniche Kiosk,Arabic Literature,Regular,Saturday,7,15,0,Hot,1
2023-07-15,15,18.0,46.2,80.9,3.0,1557.0,1.41,0.0,Summer,No,Yes,Al Hamra Branch,History,Regular,Saturday,7,15,0,Hot,1
2023-07-15,19,36.0,44.4,70.8,2.8,1967.0,0.0,0.9,Summer,No,Yes,Downtown Central,Business,Regular,Saturday,7,15,1,Hot,1
2023-07-15,20,17.0,43.2,82.1,6.9,1591.0,0.0,0.0,Summer,No,Yes,Al Hamra Branch,Science,Student,Saturday,7,15,0,Hot,1
2023-07-15,22,13.0,41.3,80.7,5.9,1129.0,0.0,0.0,Summer,No,Yes,Downtown Central,Arabic Literature,Premium,Saturday,7,15,0,Hot,1
2023-07-16,9,77.0,33.0,80.0,5.5,1703.0,1.71,0.0,Summer,No,Yes,University Branch,Arabic Literature,Student,Sunday,7,16,1,Warm,0
2023-07-16,11,52.0,34.6,77.1,1.2,1715.0,1.89,0.0,Summer,No,Yes,Al Hamra Branch,Business,Premium,Sunday,7,16,1,Warm,0
2023-07-16,17,86.0,35.0,78.1,2.9,805.0,0.5,0.0,Summer,No,Yes,University Branch,Technology,Student,Sunday,7,16,1,Warm,0
2023-07-16,19,49.0,34.5,60.2,3.8,918.0,0.0,0.0,Summer,No,Yes,Al Rawdah Branch,Arabic Literature,Walk-In,Sunday,7,16,1,Warm,0
2023-07-16,20,51.0,33.4,75.3,5.0,1267.0,0.0,0.0,Summer,No,Yes,Al Rawdah Branch,History,Student,Sunday,7,16,0,Warm,0
2023-07-16,21,32.0,33.2,85.7,1.9,970.0,0.0,0.0,Summer,No,Yes,University Branch,History,Walk-In,Sunday,7,16,0,Warm,0
2023-07-16,22,35.0,31.7,65.4,5.9,1290.0,0.0,0.0,Summer,No,Yes,Al Rawdah Branch,Non-Fiction,Regular,Sunday,7,16,0,Warm,0
2023-07-17,8,30.0,41.0,62.8,0.9,1082.0,0.53,0.0,Summer,No,Yes,University Branch,Business,Student,Monday,7,17,0,Hot,0
2023-07-17,11,35.0,43.9,60.2,5.7,1187.0,0.04,0.0,Summer,No,Yes,Al Hamra Branch,History,Premium,Monday,7,17,1,Hot,0
2023-07-17,12,17.0,46.5,86.7,2.8,1707.0,2.62,0.0,Summer,No,Yes,Corniche Kiosk,Business,Premium,Monday,7,17,0,Hot,0
2023-07-17,13,28.0,46.6,81.2,2.9,1090.0,3.32,2.5,Summer,No,Yes,Al Rawdah Branch,Business,Premium,Monday,7,17,0,Hot,0
2023-07-17,15,45.0,46.6,70.9,7.5,1419.0,3.05,0.0,Summer,No,Yes,Downtown Central,Business,Premium,Monday,7,17,0,Hot,0
2023-07-17,18,70.0,43.5,58.7,2.8,1967.0,3.45,0.0,Summer,No,Yes,Downtown Central,History,Premium,Monday,7,17,1,Hot,0
2023-07-17,19,42.0,42.7,87.6,2.1,1884.0,0.0,0.0,Summer,No,Yes,Downtown Central,Science,Walk-In,Monday,7,17,1,Hot,0
2023-07-17,20,23.0,43.1,68.9,7.7,1081.0,0.0,0.0,Summer,No,Yes,Al Rawdah Branch,Technology,Regular,Monday,7,17,0,Hot,0
2023-07-17,21,6.0,41.3,83.4,7.8,1127.0,0.0,4.4,Summer,No,Yes,Corniche Kiosk,Arabic Literature,Premium,Monday,7,17,0,Hot,0
2023-07-17,22,13.0,41.7,56.7,2.8,1551.0,0.0,0.0,Summer,No,Yes,Al Hamra Branch,Fiction,Regular,Monday,7,17,0,Hot,0
2023-07-18,9,29.0,40.8,63.9,7.1,1812.0,0.15,0.0,Summer,No,Yes,Al Rawdah Branch,Non-Fiction,Walk-In,Tuesday,7,18,1,Hot,0
2023-07-18,11,45.0,44.2,59.5,1.9,1559.0,1.93,0.0,Summer,No,Yes,Al Rawdah Branch,Fiction,Student,Tuesday,7,18,1,Hot,0
2023-07-18,12,18.0,47.8,85.7,6.2,841.0,2.3,0.0,Summer,No,Yes,Corniche Kiosk,Fiction,Regular,Tuesday,7,18,0,Hot,0
2023-07-18,13,31.0,46.2,60.1,7.7,1345.0,3.38,0.0,Summer,No,Yes,Al Hamra Branch,Non-Fiction,Premium,Tuesday,7,18,0,Hot,0
2023-07-18,15,17.0,44.9,88.4,3.6,970.0,1.38,0.0,Summer,No,Yes,Corniche Kiosk,Children,Premium,Tuesday,7,18,0,Hot,0
2023-07-18,16,32.0,47.6,78.0,1.9,1257.0,3.4,0.0,Summer,No,Yes,Al Hamra Branch,Non-Fiction,Walk-In,Tuesday,7,18,1,Hot,0
2023-07-18,17,40.0,42.2,58.3,0.5,1382.0,1.01,0.0,Summer,No,Yes,Al Hamra Branch,Business,Student,Tuesday,7,18,1,Hot,0
2023-07-18,18,31.0,43.9,60.6,6.1,1635.0,2.38,0.0,Summer,No,Yes,Corniche Kiosk,Business,Premium,Tuesday,7,18,1,Hot,0
2023-07-18,21,28.0,40.7,62.4,0.8,1180.0,0.0,0.0,Summer,No,Yes,Downtown Central,Science,Premium,Tuesday,7,18,0,Hot,0
2023-07-19,9,43.0,36.7,84.0,5.6,1159.0,0.27,0.0,Summer,No,Yes,Al Rawdah Branch,History,Walk-In,Wednesday,7,19,1,Hot,0
2023-07-19,13,18.0,41.8,65.3,6.9,1582.0,1.14,0.0,Summer,No,Yes,Corniche Kiosk,Business,Student,Wednesday,7,19,0,Hot,0
2023-07-19,14,43.0,42.9,56.8,0.7,1399.0,2.76,0.0,Summer,No,Yes,University Branch,Technology,Premium,Wednesday,7,19,0,Hot,0
2023-07-19,17,64.0,38.6,92.9,3.9,1000.0,2.74,0.0,Summer,No,Yes,University Branch,Children,Regular,Wednesday,7,19,1,Hot,0
2023-07-19,21,32.0,38.5,89.3,7.2,1723.0,0.0,0.0,Summer,No,Yes,Downtown Central,History,Premium,Wednesday,7,19,0,Hot,0
2023-07-19,22,19.0,38.7,64.4,1.0,1538.0,0.0,0.0,Summer,No,Yes,Al Rawdah Branch,Arabic Literature,Premium,Wednesday,7,19,0,Hot,0
2023-07-20,10,36.0,43.5,75.2,4.1,1011.0,0.95,0.0,Summer,No,Yes,Al Hamra Branch,Arabic Literature,Premium,Thursday,7,20,1,Hot,0
2023-07-20,12,36.0,45.9,54.7,6.2,1640.0,1.81,0.0,Summer,No,Yes,Al Rawdah Branch,Technology,Student,Thursday,7,20,0,Hot,0
2023-07-20,13,29.0,48.1,63.8,1.9,1210.0,0.87,0.0,Summer,No,Yes,Al Rawdah Branch,Non-Fiction,Premium,Thursday,7,20,0,Hot,0
2023-07-20,16,50.0,46.6,81.4,1.3,1455.0,2.33,0.0,Summer,No,Yes,Al Rawdah Branch,Fiction,Student,Thursday,7,20,1,Hot,0
2023-07-20,17,39.0,42.9,83.5,1.4,1117.0,0.71,0.0,Summer,No,Yes,Al Hamra Branch,Fiction,Premium,Thursday,7,20,1,Hot,0
2023-07-20,18,36.0,45.3,78.7,3.0,1752.0,1.45,0.0,Summer,No,Yes,Al Rawdah Branch,History,Walk-In,Thursday,7,20,1,Hot,0
2023-07-20,21,4.0,41.0,72.1,7.1,1196.0,0.0,0.0,Summer,No,Yes,Corniche Kiosk,History,Regular,Thursday,7,20,0,Hot,0
2023-07-20,22,14.0,43.5,86.2,7.2,1482.0,0.0,0.0,Summer,No,Yes,University Branch,Technology,Walk-In,Thursday,7,20,0,Hot,0
2023-07-21,10,53.0,38.3,54.7,1.0,1655.0,2.43,0.0,Nan,Yes,Yes,Downtown Central,Technology,Premium,Friday,7,21,1,Hot,1
2023-07-21,12,16.0,41.7,70.1,5.2,1988.0,2.67,0.0,Summer,Yes,Yes,Corniche Kiosk,Business,Student,Friday,7,21,0,Hot,1
2023-07-21,13,10.0,43.4,54.2,2.5,1584.0,3.05,0.0,Summer,Yes,Yes,Corniche Kiosk,Non-Fiction,Premium,Friday,7,21,0,Hot,1
2023-07-21,14,9.0,32.2,54.4,6.5,1164.0,0.47,0.0,Summer,Yes,Yes,Al Rawdah Branch,Science,Premium,Friday,7,21,0,Warm,1
2023-07-21,15,8.0,43.0,64.4,7.6,1319.0,3.0,0.5,Summer,Yes,Yes,Corniche Kiosk,Non-Fiction,Student,Friday,7,21,0,Hot,1
2023-07-21,16,21.0,41.4,81.4,6.7,1399.0,0.27,0.0,Summer,Yes,Yes,Al Rawdah Branch,History,Regular,Friday,7,21,1,Hot,1
2023-07-21,17,49.0,39.8,63.7,0.7,1040.0,3.04,0.0,Summer,Yes,Yes,University Branch,Arabic Literature,Premium,Friday,7,21,1,Hot,1
2023-07-21,18,44.0,38.3,71.7,0.6,1857.0,2.15,0.0,Summer,Yes,Yes,Al Hamra Branch,Non-Fiction,Student,Friday,7,21,1,Hot,1
2023-07-21,19,20.0,40.4,82.4,4.3,1185.0,0.0,0.0,Summer,Yes,Yes,Corniche Kiosk,Business,Student,Friday,7,21,1,Hot,1
2023-07-21,20,17.0,32.2,90.5,1.1,1137.0,0.0,0.0,Summer,Yes,Yes,Al Hamra Branch,Business,Student,Friday,7,21,0,Warm,1
2023-07-21,21,7.0,38.5,65.2,6.0,1025.0,0.0,0.0,Summer,Yes,Yes,Al Hamra Branch,Children,Premium,Friday,7,21,0,Hot,1
2023-07-21,22,8.0,36.4,62.6,6.3,1684.0,0.0,0.0,Summer,Yes,Yes,Corniche Kiosk,Science,Regular,Friday,7,21,0,Hot,1
2023-07-22,8,8.0,42.2,69.2,3.5,1168.0,0.3,4.6,Summer,No,Yes,University Branch,Non-Fiction,Premium,Saturday,7,22,0,Hot,1
2023-07-22,10,38.0,43.5,90.8,6.6,1952.0,2.57,0.0,Summer,No,Yes,Downtown Central,Science,Walk-In,Saturday,7,22,1,Hot,1
2023-07-22,14,37.0,46.6,65.8,1.6,1069.0,1.89,0.0,Summer,No,Yes,Downtown Central,Non-Fiction,Regular,Saturday,7,22,0,Hot,1
2023-07-22,16,44.0,45.4,79.4,1.9,1512.0,1.34,0.0,Summer,No,Yes,University Branch,Children,Regular,Saturday,7,22,1,Hot,1
2023-07-22,17,33.0,42.6,60.2,4.4,876.0,0.04,1.4,Summer,No,Yes,Al Rawdah Branch,Non-Fiction,Premium,Saturday,7,22,1,Hot,1
2023-07-22,19,39.0,43.9,68.4,1.8,916.0,0.0,0.0,Summer,No,Yes,Al Rawdah Branch,Fiction,Student,Saturday,7,22,1,Hot,1
2023-07-22,20,10.0,41.9,75.1,2.3,925.0,0.0,0.0,Summer,No,Yes,Al Hamra Branch,Business,Premium,Saturday,7,22,0,Hot,1
2023-07-22,21,9.0,40.8,86.0,2.6,1732.0,0.0,0.0,Summer,No,Yes,University Branch,Technology,Walk-In,Saturday,7,22,0,Hot,1
2023-07-23,8,62.0,32.1,69.7,7.8,1411.0,1.79,3.9,Summer,No,Yes,Downtown Central,Non-Fiction,Student,Sunday,7,23,0,Warm,0
2023-07-23,10,69.0,35.8,89.0,6.9,1039.0,3.34,0.0,Summer,No,Yes,University Branch,Business,Regular,Sunday,7,23,1,Hot,0
2023-07-23,11,78.0,36.0,82.1,2.3,1129.0,1.03,0.0,Summer,No,Yes,University Branch,Technology,Student,Sunday,7,23,1,Hot,0
2023-07-23,12,51.0,38.4,57.4,0.7,1731.0,3.01,0.0,Summer,No,Yes,Downtown Central,Arabic Literature,Regular,Sunday,7,23,0,Hot,0
2023-07-23,13,55.0,37.6,65.2,6.4,1105.0,0.9,0.0,Summer,No,Yes,University Branch,Science,Premium,Sunday,7,23,0,Hot,0
2023-07-23,14,40.0,36.7,77.3,2.0,1873.0,0.1,0.0,Summer,No,Yes,University Branch,Arabic Literature,Walk-In,Sunday,7,23,0,Hot,0
2023-07-24,9,52.0,40.8,65.6,3.9,1751.0,0.39,0.0,Summer,No,Yes,Downtown Central,Science,Regular,Monday,7,24,1,Hot,0
2023-07-24,12,36.0,45.6,66.3,3.1,1654.0,3.2,0.0,Summer,No,Yes,Al Rawdah Branch,History,Premium,Monday,7,24,0,Hot,0
2023-07-24,13,35.0,47.2,84.8,4.2,1791.0,1.085,0.0,Summer,No,Yes,Downtown Central,History,Student,Monday,7,24,0,Hot,0
2023-07-24,14,36.0,45.5,85.0,6.0,978.0,1.23,0.0,Summer,No,Yes,Downtown Central,Fiction,Premium,Monday,7,24,0,Hot,0
2023-07-24,19,47.0,42.0,80.0,1.1,1641.0,0.0,0.0,Summer,No,Yes,University Branch,Business,Regular,Monday,7,24,1,Hot,0
2023-07-24,20,17.0,41.2,59.4,1.2,966.0,0.0,0.0,Summer,No,Yes,Al Rawdah Branch,Business,Walk-In,Monday,7,24,0,Hot,0
2023-07-24,21,13.0,40.9,90.8,7.0,922.0,0.0,0.0,Summer,No,Yes,Downtown Central,History,Walk-In,Monday,7,24,0,Hot,0
2023-07-24,22,15.0,39.8,81.6,3.4,1174.0,0.0,0.0,Summer,No,Yes,Al Rawdah Branch,Children,Walk-In,Monday,7,24,0,Hot,0
2023-07-25,9,11.0,43.3,73.9,7.3,1480.0,0.01,0.0,Summer,Yes,Yes,Corniche Kiosk,Technology,Walk-In,Tuesday,7,25,1,Hot,0
2023-07-25,12,28.0,46.0,71.9,6.2,1833.0,3.41,0.0,Summer,Yes,Yes,Downtown Central,Fiction,Regular,Tuesday,7,25,0,Hot,0
2023-07-25,14,16.0,47.5,65.5,2.1,1641.0,1.085,0.0,Summer,Yes,Yes,Downtown Central,History,Walk-In,Tuesday,7,25,0,Hot,0
2023-07-25,15,21.0,47.0,73.3,2.5,1251.0,3.03,0.0,Summer,Yes,Yes,Al Rawdah Branch,Technology,Regular,Tuesday,7,25,0,Hot,0
2023-07-25,16,44.0,48.3,70.6,4.9,1132.0,1.57,0.0,Summer,Yes,Yes,University Branch,Science,Premium,Tuesday,7,25,1,Hot,0
2023-07-25,17,34.0,43.8,90.7,4.9,1591.0,0.27,0.0,Summer,Yes,Yes,Downtown Central,History,Regular,Tuesday,7,25,1,Hot,0
2023-07-25,19,29.0,42.9,74.3,6.7,1189.0,0.0,0.0,Summer,Yes,Yes,Al Hamra Branch,Arabic Literature,Student,Tuesday,7,25,1,Hot,0
2023-07-25,20,6.0,42.7,77.3,0.9,1698.0,0.0,0.0,Summer,Yes,Yes,Corniche Kiosk,Arabic Literature,Premium,Tuesday,7,25,0,Hot,0
2023-07-26,10,31.0,38.1,87.1,7.4,938.0,1.9,0.0,Summer,No,Yes,Al Rawdah Branch,Science,Walk-In,Wednesday,7,26,1,Hot,0
2023-07-26,12,32.0,41.2,66.6,1.6,1017.0,1.085,0.0,Summer,No,Yes,Al Rawdah Branch,Non-Fiction,Student,Wednesday,7,26,0,Hot,0
2023-07-26,13,21.0,40.2,60.2,4.0,1550.0,0.91,0.0,Summer,No,Yes,Corniche Kiosk,Technology,Premium,Wednesday,7,26,0,Hot,0
2023-07-26,15,27.0,42.5,88.2,4.2,1983.0,0.94,0.0,Summer,No,Yes,Al Rawdah Branch,Non-Fiction,Student,Wednesday,7,26,0,Hot,0
2023-07-26,17,72.0,37.2,60.2,2.1,1412.0,0.11,0.0,Summer,No,Yes,Downtown Central,Arabic Literature,Premium,Wednesday,7,26,1,Hot,0
2023-07-26,18,55.0,38.3,61.7,4.0,1108.0,1.86,0.0,Summer,No,Yes,Al Rawdah Branch,Non-Fiction,Regular,Wednesday,7,26,1,Hot,0
2023-07-26,20,28.0,37.1,77.2,4.6,966.0,0.0,0.0,Summer,No,Yes,Al Rawdah Branch,Non-Fiction,Student,Wednesday,7,26,0,Hot,0
2023-07-26,21,38.0,34.9,73.6,5.6,1967.0,0.0,0.0,Summer,No,Yes,Al Rawdah Branch,Technology,Nan,Wednesday,7,26,0,Warm,0
2023-07-26,22,25.0,35.9,66.4,6.5,1863.0,0.0,0.0,Summer,No,Yes,Al Hamra Branch,Arabic Literature,Nan,Wednesday,7,26,0,Hot,0
2023-07-27,8,16.0,39.9,60.2,6.8,837.0,0.87,0.0,Summer,No,Yes,Al Hamra Branch,Business,Regular,Thursday,7,27,0,Hot,0
2023-07-27,9,30.0,37.7,53.9,7.5,1411.0,0.02,0.0,Nan,No,Yes,Corniche Kiosk,Science,Student,Thursday,7,27,1,Hot,0
2023-07-27,10,27.0,39.5,57.9,4.5,1116.0,1.63,0.0,Summer,No,Yes,Corniche Kiosk,Non-Fiction,Regular,Thursday,7,27,1,Hot,0
2023-07-27,11,61.0,39.9,69.4,0.6,1787.0,3.33,0.0,Summer,No,Yes,University Branch,Fiction,Premium,Thursday,7,27,1,Hot,0
2023-07-27,15,31.0,44.6,73.0,1.4,999.0,1.77,0.0,Summer,No,Yes,Downtown Central,Non-Fiction,Student,Thursday,7,27,0,Hot,0
2023-07-27,16,54.0,44.8,63.1,7.0,1051.0,0.82,0.0,Summer,No,Yes,Downtown Central,Children,Premium,Thursday,7,27,1,Hot,0
2023-07-27,19,29.0,40.3,73.7,2.1,1945.0,0.0,0.0,Summer,No,Yes,Corniche Kiosk,Non-Fiction,Premium,Thursday,7,27,1,Hot,0
2023-07-28,8,28.0,33.7,72.9,2.9,926.0,0.69,0.0,Summer,Yes,Yes,Al Rawdah Branch,Children,Premium,Friday,7,28,0,Warm,1
2023-07-28,10,48.0,35.0,66.7,0.8,1153.0,2.53,0.0,Summer,Yes,Yes,Downtown Central,Science,Walk-In,Friday,7,28,1,Warm,1
2023-07-28,11,39.0,34.9,87.8,7.0,920.0,2.87,0.0,Summer,Yes,Yes,Al Rawdah Branch,Science,Regular,Friday,7,28,1,Warm,1
2023-07-28,12,27.0,39.7,70.1,4.4,1285.0,2.31,0.0,Summer,Yes,Yes,University Branch,Arabic Literature,Student,Friday,7,28,0,Hot,1
2023-07-28,13,16.0,40.3,75.4,5.8,1733.0,1.29,0.0,Summer,Yes,Yes,Al Rawdah Branch,Technology,Premium,Friday,7,28,0,Hot,1
2023-07-28,14,13.0,40.7,86.8,2.1,856.0,1.085,0.0,Summer,Yes,Yes,Al Rawdah Branch,Science,Regular,Friday,7,28,0,Hot,1
2023-07-28,15,24.0,39.7,55.0,4.5,822.0,0.22,0.0,Summer,Yes,Yes,Downtown Central,History,Student,Friday,7,28,0,Hot,1
2023-07-28,16,31.0,39.5,76.2,1.6,1721.0,3.29,0.0,Summer,Yes,Yes,Al Rawdah Branch,Business,Walk-In,Friday,7,28,1,Hot,1
2023-07-28,18,25.0,35.0,94.5,1.3,1418.0,2.6,0.0,Summer,Yes,Yes,Corniche Kiosk,Science,Regular,Friday,7,28,1,Warm,1
2023-07-28,19,46.0,36.6,71.9,6.8,1847.0,0.0,0.0,Summer,Yes,Yes,University Branch,Business,Regular,Friday,7,28,1,Hot,1
2023-07-28,21,2.0,34.8,83.3,0.8,1355.0,0.0,4.1,Summer,Yes,Yes,Corniche Kiosk,Science,Student,Friday,7,28,0,Warm,1
2023-07-28,22,23.0,34.8,78.5,4.2,1283.0,0.0,0.0,Summer,Yes,Yes,Al Hamra Branch,Science,Regular,Friday,7,28,0,Warm,1
2023-07-29,8,18.0,41.3,71.1,5.7,1521.0,2.54,0.0,Summer,No,Yes,Al Rawdah Branch,Non-Fiction,Premium,Saturday,7,29,0,Hot,1
2023-07-29,11,40.0,42.4,71.7,4.9,1088.0,0.71,0.0,Summer,No,Yes,Downtown Central,Technology,Regular,Saturday,7,29,1,Hot,1
2023-07-29,13,11.0,44.7,81.1,4.0,1358.0,0.03,0.0,Nan,No,Yes,Corniche Kiosk,Science,Regular,Saturday,7,29,0,Hot,1
2023-07-29,14,21.0,46.4,69.5,7.5,1379.0,2.47,0.0,Summer,No,Yes,Al Hamra Branch,Arabic Literature,Premium,Saturday,7,29,0,Hot,1
2023-07-29,15,25.0,32.2,80.1,3.0,865.0,3.28,0.0,Summer,No,Yes,Al Hamra Branch,Science,Premium,Saturday,7,29,0,Warm,1
2023-07-29,16,37.0,45.1,60.2,1.6,1938.0,0.96,0.0,Summer,No,Yes,Al Hamra Branch,Non-Fiction,Premium,Saturday,7,29,1,Hot,1
2023-07-29,17,40.0,41.9,66.4,2.7,1587.0,0.36,0.0,Summer,No,Yes,Al Hamra Branch,History,Premium,Saturday,7,29,1,Hot,1
2023-07-29,18,60.0,43.9,60.3,2.2,1845.0,1.5,0.0,Summer,No,Yes,Downtown Central,Non-Fiction,Student,Saturday,7,29,1,Hot,1
2023-07-29,19,22.0,43.2,71.3,5.6,1488.0,0.0,3.1,Summer,No,Yes,Downtown Central,Non-Fiction,Walk-In,Saturday,7,29,1,Hot,1
2023-07-29,20,24.0,39.9,64.4,6.7,826.0,0.0,0.0,Summer,No,Yes,Downtown Central,Technology,Regular,Saturday,7,29,0,Hot,1
2023-07-29,21,14.0,41.1,82.7,7.0,1953.0,0.0,0.0,Summer,No,Yes,University Branch,History,Student,Saturday,7,29,0,Hot,1
2023-07-29,22,0.0,32.2,75.1,2.6,1217.0,0.0,1.3,Summer,No,Yes,Al Hamra Branch,Non-Fiction,Walk-In,Saturday,7,29,0,Warm,1
2023-07-30,8,47.0,35.6,60.2,5.9,1741.0,2.6,0.0,Summer,No,Yes,Downtown Central,Arabic Literature,Walk-In,Sunday,7,30,0,Hot,0
2023-07-30,15,29.0,42.5,68.5,7.4,1846.0,2.4,0.0,Summer,No,Yes,Downtown Central,Children,Walk-In,Sunday,7,30,0,Hot,0
2023-07-30,16,49.0,42.0,61.0,5.3,1614.0,1.72,0.0,Summer,No,Yes,Downtown Central,Science,Walk-In,Sunday,7,30,1,Hot,0
2023-07-30,17,45.0,38.3,73.2,3.0,1535.0,2.83,0.0,Nan,No,Yes,Al Rawdah Branch,Science,Walk-In,Sunday,7,30,1,Hot,0
2023-07-30,18,45.0,38.1,92.9,3.3,1491.0,3.34,1.6,Summer,No,Yes,Al Hamra Branch,Non-Fiction,Student,Sunday,7,30,1,Hot,0
2023-07-30,19,47.0,37.3,69.6,5.9,1098.0,0.0,0.0,Summer,No,Yes,Al Hamra Branch,Fiction,Regular,Sunday,7,30,1,Hot,0
2023-07-30,20,18.0,37.0,81.3,6.2,1208.0,0.0,0.0,Nan,No,Yes,Corniche Kiosk,Children,Walk-In,Sunday,7,30,0,Hot,0
2023-07-30,22,38.0,36.5,63.3,1.8,1119.0,0.0,0.0,Summer,No,Yes,Downtown Central,Children,Premium,Sunday,7,30,0,Hot,0
2023-07-31,9,44.0,37.2,69.0,4.2,1308.0,1.92,0.0,Summer,No,Yes,Downtown Central,History,Walk-In,Monday,7,31,1,Hot,0
2023-07-31,10,25.0,41.1,77.2,1.1,1417.0,2.19,0.0,Summer,No,Yes,Corniche Kiosk,Business,Premium,Monday,7,31,1,Hot,0
2023-07-31,12,19.0,41.4,60.4,0.8,807.0,2.05,0.0,Summer,No,Yes,Corniche Kiosk,Non-Fiction,Student,Monday,7,31,0,Hot,0
2023-07-31,13,11.0,42.9,77.2,0.7,938.0,1.31,0.0,Summer,No,Yes,Corniche Kiosk,Non-Fiction,Walk-In,Monday,7,31,0,Hot,0
2023-07-31,14,16.0,43.4,70.7,2.4,1399.0,0.86,0.0,Summer,No,Yes,Corniche Kiosk,Non-Fiction,Student,Monday,7,31,0,Hot,0
2023-07-31,15,29.0,41.9,74.9,1.4,1686.0,0.45,0.0,Summer,No,Yes,Al Rawdah Branch,Children,Premium,Monday,7,31,0,Hot,0
2023-07-31,17,62.0,40.3,84.6,7.0,1931.0,2.82,0.0,Summer,No,Yes,University Branch,Arabic Literature,Premium,Monday,7,31,1,Hot,0
2023-07-31,19,32.0,40.7,74.9,7.1,1948.0,0.0,0.0,Summer,No,Yes,Al Hamra Branch,Technology,Walk-In,Monday,7,31,1,Hot,0
2023-07-31,21,29.0,37.7,60.2,5.3,1018.0,0.0,0.0,Summer,No,Yes,Al Rawdah Branch,Non-Fiction,Premium,Monday,7,31,0,Hot,0
2023-07-31,22,38.0,38.4,52.7,4.2,976.0,0.0,0.0,Summer,No,Yes,University Branch,Arabic Literature,Student,Monday,7,31,0,Hot,0
2023-08-01,8,39.0,33.9,87.0,0.8,1796.0,3.04,0.0,Summer,No,Yes,Al Hamra Branch,Fiction,Walk-In,Tuesday,8,1,0,Warm,0
2023-08-01,9,58.0,35.4,79.8,7.5,1818.0,0.83,0.0,Summer,No,Yes,Al Rawdah Branch,Non-Fiction,Premium,Tuesday,8,1,1,Hot,0
2023-08-01,10,59.0,35.4,76.6,1.1,1641.0,3.14,0.0,Summer,No,Yes,Al Hamra Branch,Business,Premium,Tuesday,8,1,1,Hot,0
2023-08-01,11,36.0,36.3,91.9,5.2,1859.0,3.13,0.0,Summer,No,Yes,Corniche Kiosk,Arabic Literature,Student,Tuesday,8,1,1,Hot,0
2023-08-01,12,38.0,39.0,59.6,1.9,1974.0,0.45,0.0,Summer,No,Yes,University Branch,Non-Fiction,Walk-In,Tuesday,8,1,0,Hot,0
2023-08-01,13,25.0,41.3,63.2,0.6,1752.0,2.15,0.0,Summer,No,Yes,Al Rawdah Branch,Fiction,Walk-In,Tuesday,8,1,0,Hot,0
2023-08-01,16,67.0,39.5,55.0,5.4,856.0,2.05,0.0,Summer,No,Yes,University Branch,Arabic Literature,Premium,Tuesday,8,1,1,Hot,0
2023-08-01,18,58.0,36.2,77.7,0.7,1728.0,1.43,0.0,Summer,No,Yes,University Branch,Children,Walk-In,Tuesday,8,1,1,Hot,0
2023-08-01,19,34.0,38.0,87.3,6.0,1118.0,0.0,0.0,Summer,No,Yes,Corniche Kiosk,Non-Fiction,Student,Tuesday,8,1,1,Hot,0
2023-08-01,20,28.0,34.3,68.5,1.8,1555.0,0.0,0.0,Summer,No,Yes,Corniche Kiosk,Non-Fiction,Premium,Tuesday,8,1,0,Warm,0
2023-08-01,21,30.0,35.3,58.5,4.8,934.0,0.0,0.0,Summer,No,Yes,Al Rawdah Branch,Fiction,Walk-In,Tuesday,8,1,0,Hot,0
2023-08-01,22,22.0,36.2,77.9,1.2,1591.0,0.0,0.0,Summer,No,Yes,Al Rawdah Branch,Science,Regular,Tuesday,8,1,0,Hot,0
2023-08-02,14,29.0,42.6,92.1,5.4,1403.0,1.96,0.0,Summer,No,Yes,Al Rawdah Branch,Fiction,Premium,Wednesday,8,2,0,Hot,0
2023-08-02,15,24.0,40.0,86.1,3.5,1437.0,2.44,0.0,Summer,No,Yes,Al Rawdah Branch,Arabic Literature,Walk-In,Wednesday,8,2,0,Hot,0
2023-08-02,19,39.0,37.3,60.9,1.9,942.0,0.0,0.0,Summer,No,Yes,Al Hamra Branch,History,Walk-In,Wednesday,8,2,1,Hot,0
2023-08-02,20,45.0,36.3,59.3,3.3,1977.0,0.0,0.0,Summer,No,Yes,University Branch,Children,Premium,Wednesday,8,2,0,Hot,0
2023-08-02,22,35.0,36.6,86.0,5.3,1471.0,0.0,0.0,Summer,No,Yes,University Branch,Arabic Literature,Regular,Wednesday,8,2,0,Hot,0
2023-08-03,10,24.0,43.8,61.4,7.1,1565.0,1.22,0.0,Summer,No,Yes,Corniche Kiosk,Technology,Regular,Thursday,8,3,1,Hot,0
2023-08-03,12,19.0,44.7,84.4,3.9,1139.0,0.15,0.0,Summer,No,Yes,Al Hamra Branch,Business,Regular,Thursday,8,3,0,Hot,0
2023-08-03,15,34.0,44.3,57.8,2.6,817.0,2.45,0.0,Summer,No,Yes,Al Rawdah Branch,History,Regular,Thursday,8,3,0,Hot,0
2023-08-03,18,58.0,42.6,82.2,3.8,1090.0,1.56,0.0,Summer,No,Yes,University Branch,Business,Premium,Thursday,8,3,1,Hot,0
2023-08-03,20,16.0,40.6,59.8,2.4,1679.0,0.0,0.0,Summer,No,Yes,Al Hamra Branch,Non-Fiction,Regular,Thursday,8,3,0,Hot,0
2023-08-03,22,20.0,41.6,73.4,1.2,1176.0,0.0,0.0,Summer,No,Yes,University Branch,Non-Fiction,Premium,Thursday,8,3,0,Hot,0
2023-08-04,8,33.0,36.1,80.3,5.5,1278.0,1.53,0.0,Summer,Yes,Yes,Downtown Central,Business,Student,Friday,8,4,0,Hot,1
2023-08-04,9,15.0,35.2,91.9,4.2,1007.0,3.13,1.0,Summer,Yes,Yes,Corniche Kiosk,Children,Walk-In,Friday,8,4,1,Hot,1
2023-08-04,10,31.0,36.3,90.1,2.5,1347.0,0.29,0.0,Summer,Yes,Yes,University Branch,Science,Walk-In,Friday,8,4,1,Hot,1
2023-08-04,11,38.0,37.7,75.6,3.7,1558.0,0.71,0.0,Summer,Yes,Yes,Al Rawdah Branch,Science,Student,Friday,8,4,1,Hot,1
2023-08-04,12,13.0,39.6,54.2,4.4,1573.0,0.29,0.0,Summer,Yes,Yes,Corniche Kiosk,Technology,Student,Friday,8,4,0,Hot,1
2023-08-04,13,19.0,38.9,83.2,5.3,1335.0,2.63,0.0,Summer,Yes,Yes,Al Rawdah Branch,Non-Fiction,Premium,Friday,8,4,0,Hot,1
2023-08-04,15,8.0,41.0,59.2,2.4,1832.0,1.28,1.1,Summer,Yes,Yes,University Branch,Technology,Student,Friday,8,4,0,Hot,1
2023-08-04,17,64.0,37.0,74.8,4.1,912.0,2.57,0.0,Summer,Yes,Yes,University Branch,History,Student,Friday,8,4,1,Hot,1
2023-08-04,19,55.0,35.8,76.1,6.0,1429.0,0.0,0.0,Summer,Yes,Yes,Downtown Central,Business,Walk-In,Friday,8,4,1,Hot,1
2023-08-04,21,17.0,35.5,83.6,3.8,1566.0,0.0,0.0,Summer,Yes,Yes,University Branch,Business,Walk-In,Friday,8,4,0,Hot,1
2023-08-04,22,7.0,36.0,75.4,4.2,999.0,0.0,0.0,Summer,Yes,Yes,Corniche Kiosk,Science,Student,Friday,8,4,0,Hot,1
2023-08-05,9,46.0,41.5,66.1,1.3,1918.0,2.0,0.0,Summer,No,Yes,Downtown Central,Technology,Regular,Saturday,8,5,1,Hot,1
2023-08-05,11,41.0,42.2,81.5,0.8,1014.0,0.97,0.0,Summer,No,Yes,University Branch,Arabic Literature,Student,Saturday,8,5,1,Hot,1
2023-08-05,12,27.0,46.5,71.7,3.1,851.0,1.2,0.0,Summer,No,Yes,University Branch,Science,Premium,Saturday,8,5,0,Hot,1
2023-08-05,13,25.0,44.5,82.5,1.8,1734.0,2.55,0.0,Summer,No,Yes,Al Rawdah Branch,History,Regular,Saturday,8,5,0,Hot,1
2023-08-05,20,22.0,39.9,52.8,7.4,1943.0,0.0,0.0,Summer,No,Yes,Al Hamra Branch,Business,Premium,Saturday,8,5,0,Hot,1
2023-08-05,22,0.0,41.3,63.8,2.3,1792.0,0.0,4.6,Summer,No,Yes,Corniche Kiosk,Non-Fiction,Regular,Saturday,8,5,0,Hot,1
2023-08-06,9,43.0,35.4,66.2,5.9,1140.0,0.99,0.0,Summer,No,Yes,Al Rawdah Branch,Business,Walk-In,Sunday,8,6,1,Hot,0
2023-08-06,10,30.0,35.1,72.6,4.5,998.0,1.58,0.0,Summer,No,Yes,Corniche Kiosk,Science,Premium,Sunday,8,6,1,Hot,0
2023-08-06,11,65.0,35.7,89.2,4.7,1238.0,1.67,4.8,Summer,No,Yes,University Branch,Science,Student,Sunday,8,6,1,Hot,0
2023-08-06,13,36.0,38.9,75.0,2.5,1023.0,1.97,0.0,Summer,No,Yes,Al Rawdah Branch,Non-Fiction,Student,Sunday,8,6,0,Hot,0
2023-08-06,15,36.0,38.4,73.5,4.5,1763.0,1.86,0.0,Summer,No,Yes,Downtown Central,Arabic Literature,Walk-In,Sunday,8,6,0,Hot,0
2023-08-06,16,62.0,38.7,80.3,7.4,1817.0,2.43,4.4,Nan,No,Yes,Downtown Central,Business,Premium,Sunday,8,6,1,Hot,0
2023-08-06,17,37.0,35.1,63.1,7.7,1002.0,0.94,0.0,Summer,No,Yes,Corniche Kiosk,Children,Premium,Sunday,8,6,1,Hot,0
2023-08-06,18,93.0,34.8,69.0,4.1,1906.0,0.05,0.0,Summer,No,Yes,Downtown Central,Business,Student,Sunday,8,6,1,Warm,0
2023-08-06,19,92.0,35.9,68.3,2.9,1427.0,0.0,0.0,Summer,No,Yes,Downtown Central,Technology,Student,Sunday,8,6,1,Hot,0
2023-08-06,20,32.0,35.0,64.8,7.7,1369.0,0.0,0.0,Summer,No,Yes,Al Hamra Branch,History,Premium,Sunday,8,6,0,Warm,0
2023-08-06,22,24.0,34.6,71.6,3.7,860.0,0.0,0.0,Summer,No,Yes,Corniche Kiosk,Business,Premium,Sunday,8,6,0,Warm,0
2023-08-07,9,31.0,37.7,64.9,7.2,1908.0,1.62,0.0,Summer,No,Yes,Corniche Kiosk,Children,Premium,Monday,8,7,1,Hot,0
2023-08-07,10,59.0,37.9,75.0,7.5,1213.0,3.3,0.0,Summer,No,Yes,University Branch,Arabic Literature,Regular,Monday,8,7,1,Hot,0
2023-08-07,15,29.0,42.7,82.6,3.0,1633.0,1.89,0.0,Summer,No,Yes,Al Rawdah Branch,History,Student,Monday,8,7,0,Hot,0
2023-08-07,16,24.0,41.2,80.5,6.3,842.0,0.07,0.0,Summer,No,Yes,Corniche Kiosk,Non-Fiction,Regular,Monday,8,7,1,Hot,0
2023-08-07,18,44.0,38.9,64.5,7.0,1531.0,1.03,0.0,Summer,No,Yes,Al Hamra Branch,Fiction,Regular,Monday,8,7,1,Hot,0
2023-08-07,19,67.0,38.3,79.1,2.1,830.0,0.0,0.0,Summer,No,Yes,Downtown Central,Business,Regular,Monday,8,7,1,Hot,0
2023-08-07,20,47.0,35.7,68.0,2.5,1398.0,0.0,0.0,Summer,No,Yes,University Branch,Technology,Regular,Monday,8,7,0,Hot,0
2023-08-08,8,19.0,41.2,69.1,0.6,969.0,2.3,0.0,Summer,No,Yes,Corniche Kiosk,Non-Fiction,Premium,Tuesday,8,8,0,Hot,0
2023-08-08,10,31.0,44.1,71.6,2.8,1725.0,0.25,0.0,Summer,No,Yes,Al Rawdah Branch,Business,Regular,Tuesday,8,8,1,Hot,0
2023-08-08,11,60.0,44.8,73.9,2.9,1010.0,2.37,0.0,Summer,No,Yes,University Branch,Arabic Literature,Student,Tuesday,8,8,1,Hot,0
2023-08-08,12,44.0,46.5,54.1,5.6,1575.0,0.5,0.0,Summer,No,Yes,Corniche Kiosk,History,Premium,Tuesday,8,8,0,Hot,0
2023-08-08,14,20.0,32.2,77.7,2.3,1636.0,1.38,0.0,Summer,No,Yes,Al Rawdah Branch,Children,Regular,Tuesday,8,8,0,Warm,0
2023-08-08,16,28.0,46.9,64.4,7.2,1450.0,2.43,0.0,Summer,No,Yes,Corniche Kiosk,Business,Nan,Tuesday,8,8,1,Hot,0
2023-08-08,19,37.0,43.3,58.0,7.4,1853.0,0.0,0.0,Summer,No,Yes,Al Hamra Branch,Arabic Literature,Premium,Tuesday,8,8,1,Hot,0
2023-08-08,21,18.0,42.5,58.6,3.8,1532.0,0.0,0.0,Summer,No,Yes,Al Rawdah Branch,Science,Regular,Tuesday,8,8,0,Hot,0
2023-08-08,22,17.0,41.4,59.5,0.9,1508.0,0.0,0.0,Summer,No,Yes,Al Rawdah Branch,Arabic Literature,Student,Tuesday,8,8,0,Hot,0
2023-08-09,8,15.0,42.3,85.6,8.0,1917.0,3.22,0.0,Summer,No,Yes,Al Hamra Branch,Science,Student,Wednesday,8,9,0,Hot,0
2023-08-09,9,15.0,41.9,71.6,4.2,1863.0,0.3,0.0,Summer,No,Yes,Corniche Kiosk,Fiction,Regular,Wednesday,8,9,1,Hot,0
2023-08-09,13,19.0,45.4,59.6,7.9,1301.0,0.04,0.0,Summer,No,Yes,Al Hamra Branch,Science,Walk-In,Wednesday,8,9,0,Hot,0
2023-08-09,14,42.0,45.9,66.4,5.2,968.0,3.28,0.0,Summer,No,Yes,Downtown Central,History,Premium,Wednesday,8,9,0,Hot,0
2023-08-09,15,38.0,45.4,81.8,6.0,1846.0,2.28,0.0,Summer,No,Yes,University Branch,History,Premium,Wednesday,8,9,0,Hot,0
2023-08-09,16,46.0,47.2,87.4,2.6,808.0,3.14,0.0,Summer,No,Yes,University Branch,Non-Fiction,Walk-In,Wednesday,8,9,1,Hot,0
2023-08-09,17,32.0,44.8,79.0,7.9,1132.0,1.87,0.7,Summer,No,Yes,University Branch,Business,Walk-In,Wednesday,8,9,1,Hot,0
2023-08-09,18,22.0,44.0,69.1,5.3,878.0,2.92,0.0,Summer,No,Yes,Corniche Kiosk,History,Regular,Wednesday,8,9,1,Hot,0
2023-08-09,19,45.0,43.6,94.1,3.6,1542.0,0.0,0.0,Summer,No,Yes,Al Rawdah Branch,Science,Student,Wednesday,8,9,1,Hot,0
2023-08-09,20,23.0,42.9,70.7,7.1,1655.0,0.0,0.0,Nan,No,Yes,Al Rawdah Branch,Science,Student,Wednesday,8,9,0,Hot,0
2023-08-09,21,0.0,41.1,90.6,3.2,839.0,0.0,0.5,Summer,No,Yes,University Branch,History,Student,Wednesday,8,9,0,Hot,0
2023-08-09,22,17.0,42.1,68.8,5.9,1097.0,0.0,0.0,Summer,No,Yes,University Branch,Business,Walk-In,Wednesday,8,9,0,Hot,0
2023-08-10,8,63.0,33.6,80.4,7.1,1932.0,1.5,0.0,Summer,No,Yes,University Branch,Arabic Literature,Premium,Thursday,8,10,0,Warm,0
2023-08-10,9,65.0,35.1,64.4,2.9,1815.0,0.38,0.0,Summer,No,Yes,Al Rawdah Branch,Science,Student,Thursday,8,10,1,Hot,0
2023-08-10,12,22.0,39.5,86.4,4.9,1686.0,0.72,0.0,Summer,No,Yes,Al Hamra Branch,Science,Regular,Thursday,8,10,0,Hot,0
2023-08-10,13,30.0,39.1,86.7,3.9,1984.0,2.92,0.0,Summer,No,Yes,Al Rawdah Branch,Science,Regular,Thursday,8,10,0,Hot,0
2023-08-10,15,18.0,40.0,75.7,0.7,1702.0,0.27,0.0,Summer,No,Yes,Corniche Kiosk,Technology,Premium,Thursday,8,10,0,Hot,0
2023-08-10,17,51.0,36.9,81.6,5.4,836.0,0.4,0.0,Summer,No,Yes,Al Hamra Branch,Business,Premium,Thursday,8,10,1,Hot,0
2023-08-10,20,21.0,35.3,85.5,7.0,920.0,0.0,0.0,Summer,No,Yes,Corniche Kiosk,Non-Fiction,Regular,Thursday,8,10,0,Hot,0
2023-08-10,21,36.0,34.9,61.4,6.9,1136.0,0.0,0.0,Summer,No,Yes,University Branch,Arabic Literature,Regular,Thursday,8,10,0,Warm,0
2023-08-11,8,18.0,35.6,85.7,6.8,1408.0,1.74,0.0,Summer,Yes,Yes,Al Hamra Branch,Business,Regular,Friday,8,11,0,Hot,1
2023-08-11,9,36.0,35.8,81.2,6.4,1432.0,1.17,0.0,Summer,Yes,Yes,Al Hamra Branch,Business,Premium,Friday,8,11,1,Hot,1
2023-08-11,10,40.0,39.2,93.1,6.8,1688.0,3.03,0.0,Summer,Yes,Yes,University Branch,Fiction,Student,Friday,8,11,1,Hot,1
2023-08-11,11,26.0,37.3,80.3,7.8,1462.0,2.64,0.0,Summer,Yes,Yes,Corniche Kiosk,Science,Student,Friday,8,11,1,Hot,1
2023-08-11,13,11.0,41.9,60.2,3.0,1337.0,2.46,0.0,Summer,Yes,Yes,Al Rawdah Branch,Business,Walk-In,Friday,8,11,0,Hot,1
2023-08-11,14,13.0,41.2,81.6,5.9,1367.0,1.04,0.0,Summer,Yes,Yes,Downtown Central,History,Student,Friday,8,11,0,Hot,1
2023-08-11,15,8.0,41.4,84.5,2.0,1644.0,0.25,0.0,Summer,Yes,Yes,Downtown Central,Technology,Walk-In,Friday,8,11,0,Hot,1
2023-08-11,16,18.0,42.0,79.6,7.5,876.0,2.17,0.0,Summer,Yes,Yes,Corniche Kiosk,Children,Student,Friday,8,11,1,Hot,1
2023-08-11,19,54.0,37.5,58.6,5.2,1713.0,0.0,0.0,Summer,Yes,Yes,Downtown Central,History,Premium,Friday,8,11,1,Hot,1
2023-08-11,20,38.0,34.7,52.6,3.8,882.0,0.0,0.0,Summer,Yes,Yes,Downtown Central,Technology,Student,Friday,8,11,0,Warm,1
2023-08-11,21,13.0,34.6,82.3,7.2,1935.0,0.0,0.0,Summer,Yes,Yes,University Branch,Arabic Literature,Walk-In,Friday,8,11,0,Warm,1
2023-08-12,10,62.0,43.8,64.5,4.1,1469.0,2.96,0.0,Summer,No,Yes,Downtown Central,Children,Student,Saturday,8,12,1,Hot,1
2023-08-12,13,31.0,46.2,67.1,6.2,1375.0,2.94,0.0,Summer,No,Yes,University Branch,Business,Premium,Saturday,8,12,0,Hot,1
2023-08-12,16,43.0,46.2,60.5,4.6,1038.0,2.82,0.0,Summer,No,Yes,University Branch,Science,Walk-In,Saturday,8,12,1,Hot,1
2023-08-12,17,29.0,45.3,71.6,6.1,1646.0,2.0,0.0,Summer,No,Yes,Al Hamra Branch,Children,Walk-In,Saturday,8,12,1,Hot,1
2023-08-12,19,27.0,44.7,65.7,6.9,1316.0,0.0,0.0,Summer,No,Yes,Al Hamra Branch,Fiction,Premium,Saturday,8,12,1,Hot,1
2023-08-12,20,1.0,43.1,88.9,0.6,1438.0,0.0,0.0,Summer,No,Yes,Corniche Kiosk,Technology,Walk-In,Saturday,8,12,0,Hot,1
2023-08-13,8,63.0,31.8,86.6,6.5,1582.0,2.21,0.0,Summer,No,Yes,Downtown Central,History,Regular,Sunday,8,13,0,Warm,0
2023-08-13,11,89.0,36.2,71.1,7.5,990.0,3.5,0.0,Summer,No,Yes,Downtown Central,Fiction,Student,Sunday,8,13,1,Hot,0
2023-08-13,12,39.0,38.2,81.8,7.0,1898.0,1.21,0.0,Summer,No,Yes,Downtown Central,Science,Walk-In,Sunday,8,13,0,Hot,0
2023-08-13,15,31.0,39.0,63.7,6.6,807.0,1.085,0.0,Summer,No,Yes,Al Hamra Branch,Business,Regular,Sunday,8,13,0,Hot,0
2023-08-13,16,40.0,37.4,82.6,2.0,1970.0,2.21,3.0,Summer,No,Yes,Al Rawdah Branch,Fiction,Regular,Sunday,8,13,1,Hot,0
2023-08-13,17,55.0,34.4,54.2,7.4,1918.0,2.22,0.0,Summer,No,Yes,Al Hamra Branch,Children,Regular,Sunday,8,13,1,Warm,0
2023-08-13,19,48.0,36.2,59.9,2.8,1068.0,0.0,0.0,Summer,No,Yes,Al Rawdah Branch,Technology,Walk-In,Sunday,8,13,1,Hot,0
2023-08-13,22,32.0,33.2,74.6,3.3,1211.0,0.0,0.0,Summer,No,Yes,Al Rawdah Branch,Technology,Premium,Sunday,8,13,0,Warm,0
2023-08-14,8,68.0,34.9,62.6,3.5,1860.0,2.53,0.0,Summer,No,Yes,Downtown Central,History,Student,Monday,8,14,0,Warm,0
2023-08-14,9,49.0,32.8,77.0,7.4,1477.0,0.5,0.0,Summer,No,Yes,Al Rawdah Branch,Arabic Literature,Walk-In,Monday,8,14,1,Warm,0
2023-08-14,12,40.0,39.7,59.0,4.2,1845.0,3.44,0.0,Summer,No,Yes,Al Rawdah Branch,Arabic Literature,Premium,Monday,8,14,0,Hot,0
2023-08-14,14,56.0,38.1,58.9,3.5,1626.0,3.3,0.0,Summer,No,Yes,University Branch,Technology,Premium,Monday,8,14,0,Hot,0
2023-08-14,15,37.0,38.0,88.0,7.1,1269.0,1.66,0.0,Summer,No,Yes,Al Rawdah Branch,Children,Student,Monday,8,14,0,Hot,0
2023-08-14,16,68.0,37.7,70.9,3.6,1327.0,0.65,0.0,Summer,No,Yes,University Branch,Business,Premium,Monday,8,14,1,Hot,0
2023-08-14,17,65.0,35.8,63.4,2.3,1291.0,3.17,0.0,Summer,No,Yes,Al Rawdah Branch,Fiction,Regular,Monday,8,14,1,Hot,0
2023-08-14,18,82.0,36.1,83.8,1.6,1571.0,3.01,0.0,Summer,No,Yes,University Branch,History,Premium,Monday,8,14,1,Hot,0
2023-08-14,19,64.0,36.7,82.6,4.9,1824.0,0.0,0.0,Summer,No,Yes,Downtown Central,Arabic Literature,Walk-In,Monday,8,14,1,Hot,0
2023-08-14,20,30.0,33.1,67.8,3.5,822.0,0.0,0.0,Summer,No,Yes,Al Hamra Branch,Children,Regular,Monday,8,14,0,Warm,0
2023-08-14,21,22.0,32.5,75.9,7.4,1588.0,0.0,0.0,Summer,No,Yes,Corniche Kiosk,Arabic Literature,Regular,Monday,8,14,0,Warm,0
2023-08-14,22,36.0,33.4,74.8,4.7,1278.0,0.0,0.0,Summer,No,Yes,University Branch,Children,Walk-In,Monday,8,14,0,Warm,0
2023-08-15,8,37.0,37.0,82.6,0.7,1775.0,1.13,0.0,Summer,No,Yes,Downtown Central,Science,Walk-In,Tuesday,8,15,0,Hot,0
2023-08-15,10,84.0,37.1,91.5,4.8,1364.0,1.34,0.0,Summer,No,Yes,Downtown Central,Science,Student,Tuesday,8,15,1,Hot,0
2023-08-15,11,67.0,37.5,73.4,7.1,828.0,1.26,0.0,Summer,No,Yes,Downtown Central,Technology,Regular,Tuesday,8,15,1,Hot,0
2023-08-15,12,27.0,40.4,90.6,3.3,1967.0,0.53,0.0,Summer,No,Yes,Al Rawdah Branch,Non-Fiction,Premium,Tuesday,8,15,0,Hot,0
2023-08-15,13,32.0,41.6,70.6,6.4,1367.0,0.21,0.0,Summer,No,Yes,Downtown Central,Business,Regular,Tuesday,8,15,0,Hot,0
2023-08-15,15,21.0,40.1,63.4,6.1,1199.0,2.52,0.0,Summer,No,Yes,Corniche Kiosk,Children,Student,Tuesday,8,15,0,Hot,0
2023-08-15,16,27.0,42.0,80.1,7.3,1730.0,1.46,0.0,Summer,No,Yes,Corniche Kiosk,Technology,Premium,Tuesday,8,15,1,Hot,0
2023-08-15,21,24.0,35.2,66.6,7.2,876.0,0.0,0.0,Summer,No,Yes,Al Hamra Branch,Arabic Literature,Walk-In,Tuesday,8,15,0,Hot,0
2023-08-15,22,41.0,35.4,92.4,5.8,1989.0,0.0,0.0,Summer,No,Yes,Downtown Central,History,Premium,Tuesday,8,15,0,Hot,0
2023-08-16,8,20.0,38.5,56.1,2.2,1854.0,0.11,0.0,Summer,Yes,Yes,Downtown Central,History,Walk-In,Wednesday,8,16,0,Hot,0
2023-08-16,9,45.0,40.0,74.7,1.4,1885.0,0.14,0.0,Summer,Yes,Yes,University Branch,Arabic Literature,Student,Wednesday,8,16,1,Hot,0
2023-08-16,10,29.0,40.8,59.5,6.2,1054.0,1.39,0.0,Summer,No,Yes,University Branch,Arabic Literature,Walk-In,Wednesday,8,16,1,Hot,0
2023-08-16,12,10.0,45.3,65.1,2.9,1801.0,1.02,0.0,Summer,Yes,Yes,Corniche Kiosk,Children,Premium,Wednesday,8,16,0,Hot,0
2023-08-16,13,44.0,45.9,83.4,2.6,801.0,0.14,0.0,Summer,Yes,Yes,Corniche Kiosk,Fiction,Premium,Wednesday,8,16,0,Hot,0
2023-08-16,14,11.0,43.5,86.1,2.0,1265.0,3.17,0.0,Summer,Yes,Yes,Al Hamra Branch,Science,Walk-In,Wednesday,8,16,0,Hot,0
2023-08-16,16,46.0,46.4,58.2,3.7,1383.0,0.62,0.0,Summer,Yes,Yes,Downtown Central,Non-Fiction,Premium,Wednesday,8,16,1,Hot,0
2023-08-16,17,22.0,42.4,84.5,0.6,1544.0,2.21,0.0,Summer,Yes,Yes,Al Hamra Branch,Arabic Literature,Regular,Wednesday,8,16,1,Hot,0
2023-08-16,20,6.0,40.4,64.9,2.6,1238.0,0.0,0.8,Summer,Yes,Yes,Downtown Central,Technology,Student,Wednesday,8,16,0,Hot,0
2023-08-16,21,8.0,40.1,69.2,4.3,1226.0,0.0,0.0,Summer,Yes,Yes,Corniche Kiosk,Fiction,Walk-In,Wednesday,8,16,0,Hot,0
2023-08-16,22,4.0,40.5,65.2,6.3,1410.0,0.0,0.0,Summer,Yes,Yes,Al Rawdah Branch,History,Student,Wednesday,8,16,0,Hot,0
2023-08-17,8,43.0,34.4,76.6,3.2,1506.0,3.19,0.0,Summer,No,Yes,Al Hamra Branch,Children,Regular,Thursday,8,17,0,Warm,0
2023-08-17,9,90.0,33.3,64.6,3.8,1370.0,0.17,0.0,Summer,No,Yes,Downtown Central,Technology,Student,Thursday,8,17,1,Warm,0
2023-08-17,10,23.0,36.4,87.2,5.9,886.0,0.76,0.0,Summer,No,Yes,Corniche Kiosk,History,Walk-In,Thursday,8,17,1,Hot,0
2023-08-17,12,25.0,39.6,84.9,6.2,1406.0,1.49,0.0,Summer,No,Yes,Al Hamra Branch,Business,Walk-In,Thursday,8,17,0,Hot,0
2023-08-17,14,31.0,39.0,76.4,1.6,1749.0,3.28,0.0,Summer,No,Yes,Al Hamra Branch,Non-Fiction,Regular,Thursday,8,17,0,Hot,0
2023-08-17,16,39.0,37.4,71.1,6.1,1357.0,1.69,0.0,Summer,No,Yes,Corniche Kiosk,Arabic Literature,Student,Thursday,8,17,1,Hot,0
2023-08-17,19,42.0,35.3,83.8,7.5,995.0,0.0,0.0,Summer,No,Yes,Al Hamra Branch,Children,Walk-In,Thursday,8,17,1,Hot,0
2023-08-18,9,46.0,32.0,73.5,1.7,1936.0,2.89,0.6,Summer,Yes,Yes,University Branch,Arabic Literature,Walk-In,Friday,8,18,1,Warm,1
2023-08-18,11,23.0,35.1,78.9,7.5,1906.0,3.47,0.0,Summer,Yes,Yes,Corniche Kiosk,History,Walk-In,Friday,8,18,1,Hot,1
2023-08-18,12,14.0,38.2,62.8,4.2,1678.0,3.03,0.0,Summer,Yes,Yes,Al Hamra Branch,Children,Walk-In,Friday,8,18,0,Hot,1
2023-08-18,16,20.0,37.9,88.5,2.6,1554.0,0.8,0.0,Summer,Yes,Yes,Corniche Kiosk,Fiction,Student,Friday,8,18,1,Hot,1
2023-08-18,17,29.0,34.9,66.8,5.7,1443.0,0.68,0.0,Summer,Yes,Yes,Corniche Kiosk,Technology,Premium,Friday,8,18,1,Warm,1
2023-08-18,18,43.0,34.0,69.4,7.5,1988.0,2.25,0.0,Summer,Yes,Yes,Al Hamra Branch,Arabic Literature,Regular,Friday,8,18,1,Warm,1
2023-08-18,22,24.0,32.4,78.0,7.3,1155.0,0.0,0.0,Summer,Yes,Yes,Downtown Central,Non-Fiction,Walk-In,Friday,8,18,0,Warm,1
2023-08-19,9,50.0,33.5,75.8,5.7,1799.0,0.84,0.0,Summer,Yes,Yes,Al Rawdah Branch,Arabic Literature,Student,Saturday,8,19,1,Warm,1
2023-08-19,10,26.0,33.4,67.7,6.5,818.0,0.55,0.0,Summer,Yes,Yes,Corniche Kiosk,History,Premium,Saturday,8,19,1,Warm,1
2023-08-19,11,41.0,34.3,79.4,3.5,1835.0,1.17,0.0,Summer,Yes,Yes,Al Rawdah Branch,Science,Regular,Saturday,8,19,1,Warm,1
2023-08-19,14,22.0,38.9,75.6,1.0,1399.0,0.98,0.0,Summer,Yes,Yes,University Branch,Business,Regular,Saturday,8,19,0,Hot,1
2023-08-19,16,36.0,37.2,71.3,6.1,1559.0,0.34,0.0,Summer,Yes,Yes,Al Hamra Branch,Non-Fiction,Student,Saturday,8,19,1,Hot,1
2023-08-19,17,32.0,34.9,68.9,2.7,1456.0,2.43,0.0,Summer,Yes,Yes,Corniche Kiosk,Science,Premium,Saturday,8,19,1,Warm,1
2023-08-19,18,25.0,33.7,67.7,2.3,1923.0,2.17,4.6,Summer,Yes,Yes,Corniche Kiosk,Business,Walk-In,Saturday,8,19,1,Warm,1
2023-08-19,20,34.0,33.9,52.3,3.1,1413.0,0.0,0.0,Summer,Yes,Yes,University Branch,Science,Regular,Saturday,8,19,0,Warm,1
2023-08-19,21,15.0,31.7,61.2,3.4,1202.0,0.0,1.2,Summer,Yes,Yes,Corniche Kiosk,Technology,Regular,Saturday,8,19,0,Warm,1
2023-08-19,22,24.0,32.2,79.0,1.5,1851.0,0.0,0.0,Summer,Yes,Yes,University Branch,Technology,Walk-In,Saturday,8,19,0,Warm,1
2023-08-20,8,44.0,37.1,90.8,3.8,1035.0,3.44,0.0,Summer,No,Yes,Downtown Central,Children,Walk-In,Sunday,8,20,0,Hot,0
2023-08-20,9,55.0,38.4,79.0,7.1,1798.0,2.55,0.0,Nan,No,Yes,Downtown Central,History,Walk-In,Sunday,8,20,1,Hot,0
2023-08-20,14,38.0,42.8,79.4,6.4,1904.0,0.3,0.0,Summer,No,Yes,Downtown Central,History,Premium,Sunday,8,20,0,Hot,0
2023-08-20,15,25.0,41.3,91.7,0.8,969.0,0.81,0.0,Summer,No,Yes,University Branch,Fiction,Regular,Sunday,8,20,0,Hot,0
2023-08-20,16,54.0,44.1,61.8,6.9,1938.0,0.79,0.0,Summer,No,Yes,University Branch,Technology,Premium,Sunday,8,20,1,Hot,0
2023-08-20,17,44.0,38.6,83.0,8.0,1870.0,2.33,0.0,Summer,No,Yes,Al Hamra Branch,History,Regular,Sunday,8,20,1,Hot,0
2023-08-20,18,29.0,32.2,82.0,6.1,1753.0,1.88,0.0,Summer,No,Yes,Al Rawdah Branch,Technology,Walk-In,Sunday,8,20,1,Warm,0
2023-08-20,19,39.0,38.4,92.7,5.7,1613.0,0.0,0.0,Summer,No,Yes,Al Hamra Branch,Non-Fiction,Regular,Sunday,8,20,1,Hot,0
2023-08-20,20,25.0,36.9,77.8,8.0,997.0,0.0,0.0,Summer,No,Yes,Al Hamra Branch,Arabic Literature,Walk-In,Sunday,8,20,0,Hot,0
2023-08-20,21,36.0,38.1,89.7,8.0,1899.0,0.0,0.0,Summer,No,Yes,Downtown Central,History,Student,Sunday,8,20,0,Hot,0
2023-08-21,8,25.0,41.6,69.1,7.5,1231.0,0.76,0.0,Summer,No,Yes,Al Rawdah Branch,Technology,Regular,Monday,8,21,0,Hot,0
2023-08-21,9,30.0,42.0,83.5,1.2,1602.0,1.89,0.0,Summer,No,Yes,Al Rawdah Branch,History,Regular,Monday,8,21,1,Hot,0
2023-08-21,11,25.0,44.1,66.8,6.0,1816.0,3.34,0.0,Summer,No,Yes,Al Hamra Branch,Fiction,Walk-In,Monday,8,21,1,Hot,0
2023-08-21,12,22.0,45.1,60.2,3.2,1829.0,3.19,0.0,Summer,No,Yes,Al Rawdah Branch,Arabic Literature,Walk-In,Monday,8,21,0,Hot,0
2023-08-21,13,5.0,44.6,58.0,1.1,986.0,0.3,4.5,Summer,No,Yes,Corniche Kiosk,Non-Fiction,Premium,Monday,8,21,0,Hot,0
2023-08-21,15,30.0,46.4,86.2,2.9,987.0,1.13,0.0,Summer,No,Yes,Al Rawdah Branch,Business,Student,Monday,8,21,0,Hot,0
2023-08-21,16,30.0,46.3,86.3,4.9,814.0,0.01,0.0,Summer,No,Yes,Corniche Kiosk,Children,Student,Monday,8,21,1,Hot,0
2023-08-21,17,52.0,43.5,55.2,7.7,1832.0,1.23,0.0,Summer,No,Yes,Al Rawdah Branch,Science,Student,Monday,8,21,1,Hot,0
2023-08-21,19,34.0,42.6,54.4,1.2,1743.0,0.0,0.0,Summer,No,Yes,Al Hamra Branch,Fiction,Regular,Monday,8,21,1,Hot,0
2023-08-21,20,22.0,41.7,58.5,0.8,898.0,0.0,0.0,Summer,No,Yes,Al Rawdah Branch,Science,Regular,Monday,8,21,0,Hot,0
2023-08-21,21,10.0,41.0,64.5,8.0,1608.0,0.0,0.0,Summer,No,Yes,Al Hamra Branch,Business,Walk-In,Monday,8,21,0,Hot,0
2023-08-21,22,10.0,40.5,84.7,3.2,1916.0,0.0,0.0,Summer,No,Yes,Al Hamra Branch,History,Premium,Monday,8,21,0,Hot,0
2023-08-22,8,52.0,31.6,60.2,4.8,859.0,1.14,0.0,Summer,No,Yes,Downtown Central,Fiction,Walk-In,Tuesday,8,22,0,Warm,0
2023-08-22,10,49.0,33.9,85.6,7.3,865.0,0.34,0.0,Summer,No,Yes,Al Hamra Branch,Technology,Nan,Tuesday,8,22,1,Warm,0
2023-08-22,11,52.0,33.2,62.4,4.8,849.0,2.19,0.0,Summer,No,Yes,Al Hamra Branch,Arabic Literature,Regular,Tuesday,8,22,1,Warm,0
2023-08-22,12,46.0,36.9,74.2,8.0,1767.0,0.68,0.0,Summer,No,Yes,Al Rawdah Branch,Non-Fiction,Student,Tuesday,8,22,0,Hot,0
2023-08-22,13,49.0,37.7,79.7,4.8,1284.0,2.71,0.0,Summer,No,Yes,Downtown Central,Arabic Literature,Walk-In,Tuesday,8,22,0,Hot,0
2023-08-22,14,56.0,36.9,62.9,2.6,1956.0,1.81,0.0,Summer,No,Yes,University Branch,History,Premium,Tuesday,8,22,0,Hot,0
2023-08-22,17,74.0,35.4,51.3,7.3,1530.0,1.33,0.0,Summer,No,Yes,University Branch,Fiction,Regular,Tuesday,8,22,1,Hot,0
2023-08-22,19,80.0,34.1,73.8,6.7,1555.0,0.0,0.0,Summer,No,Yes,Downtown Central,Fiction,Regular,Tuesday,8,22,1,Warm,0
2023-08-23,8,32.0,39.8,86.3,7.7,1030.0,1.08,0.0,Summer,No,Yes,Downtown Central,Fiction,Regular,Wednesday,8,23,0,Hot,0
2023-08-23,9,39.0,39.6,55.2,4.3,1402.0,0.61,0.0,Summer,No,Yes,Al Rawdah Branch,Business,Premium,Wednesday,8,23,1,Hot,0
2023-08-23,10,46.0,32.2,91.7,5.5,1404.0,2.62,0.0,Summer,No,Yes,Downtown Central,Science,Nan,Wednesday,8,23,1,Warm,0
2023-08-23,11,37.0,42.2,83.1,7.3,1456.0,2.62,0.0,Summer,No,Yes,Al Hamra Branch,Business,Student,Wednesday,8,23,1,Hot,0
2023-08-23,13,23.0,44.2,61.2,4.5,1221.0,2.64,0.0,Summer,No,Yes,Corniche Kiosk,Non-Fiction,Student,Wednesday,8,23,0,Hot,0
2023-08-23,15,47.0,44.8,51.5,3.5,1591.0,0.2,0.0,Summer,No,Yes,Downtown Central,History,Student,Wednesday,8,23,0,Hot,0
2023-08-23,16,28.0,46.5,78.9,5.3,806.0,1.42,0.0,Summer,No,Yes,Al Hamra Branch,Business,Walk-In,Wednesday,8,23,1,Hot,0
2023-08-23,18,46.0,43.4,67.7,7.5,1893.0,0.56,0.0,Summer,No,Yes,Al Rawdah Branch,Technology,Premium,Wednesday,8,23,1,Hot,0
2023-08-23,19,47.0,43.1,79.3,6.3,823.0,0.0,0.0,Summer,No,Yes,University Branch,Arabic Literature,Regular,Wednesday,8,23,1,Hot,0
2023-08-23,22,5.0,41.4,83.6,1.4,1817.0,0.0,0.0,Summer,No,Yes,Al Hamra Branch,Arabic Literature,Walk-In,Wednesday,8,23,0,Hot,0
2023-08-24,8,54.0,35.3,73.9,1.3,1464.0,0.32,0.0,Summer,No,Yes,University Branch,Business,Student,Thursday,8,24,0,Hot,0
2023-08-24,9,60.0,34.6,60.3,2.0,1585.0,2.35,0.0,Summer,No,Yes,Al Hamra Branch,Business,Regular,Thursday,8,24,1,Warm,0
2023-08-24,12,36.0,40.1,88.8,7.7,853.0,1.88,0.0,Summer,No,Yes,University Branch,Arabic Literature,Regular,Thursday,8,24,0,Hot,0
2023-08-24,13,53.0,39.9,60.8,3.8,963.0,3.4,0.0,Summer,No,Yes,University Branch,Children,Premium,Thursday,8,24,0,Hot,0
2023-08-24,14,39.0,38.8,72.2,4.7,1420.0,2.99,0.0,Summer,No,Yes,Downtown Central,Technology,Walk-In,Thursday,8,24,0,Hot,0
2023-08-24,18,55.0,38.0,88.4,1.8,1056.0,1.55,0.0,Summer,No,Yes,University Branch,Fiction,Walk-In,Thursday,8,24,1,Hot,0
2023-08-24,19,41.0,37.2,88.0,0.8,1021.0,0.0,0.0,Summer,No,Yes,Al Hamra Branch,Science,Walk-In,Thursday,8,24,1,Hot,0
2023-08-24,22,20.0,34.8,85.6,1.5,1393.0,0.0,0.0,Summer,No,Yes,Corniche Kiosk,Arabic Literature,Premium,Thursday,8,24,0,Warm,0
2023-08-25,9,69.0,33.0,78.0,2.7,864.0,3.45,0.0,Summer,Yes,Yes,Downtown Central,Science,Premium,Friday,8,25,1,Warm,1
2023-08-25,10,34.0,35.3,63.0,1.2,1473.0,1.64,0.0,Summer,Yes,Yes,Al Rawdah Branch,Fiction,Walk-In,Friday,8,25,1,Hot,1
2023-08-25,12,24.0,37.3,65.0,7.4,1007.0,0.97,0.0,Summer,Yes,Yes,University Branch,Science,Walk-In,Friday,8,25,0,Hot,1
2023-08-25,14,26.0,36.0,74.5,7.6,919.0,0.09,0.0,Summer,Yes,Yes,Downtown Central,History,Walk-In,Friday,8,25,0,Hot,1
2023-08-25,15,33.0,38.3,79.0,1.5,953.0,2.43,0.0,Summer,Yes,Yes,Downtown Central,Arabic Literature,Premium,Friday,8,25,0,Hot,1
2023-08-25,16,40.0,37.1,80.8,7.4,1263.0,0.84,0.0,Summer,Yes,Yes,University Branch,Children,Walk-In,Friday,8,25,1,Hot,1
2023-08-25,19,36.0,34.3,91.8,2.6,815.0,0.0,0.0,Summer,Yes,Yes,Al Rawdah Branch,Science,Regular,Friday,8,25,1,Warm,1
2023-08-25,20,36.0,32.1,86.3,1.9,1239.0,0.0,0.0,Summer,Yes,Yes,University Branch,Fiction,Premium,Friday,8,25,0,Warm,1
2023-08-25,21,30.0,32.4,61.4,2.1,1188.0,0.0,0.0,Summer,Yes,Yes,Al Hamra Branch,Non-Fiction,Student,Friday,8,25,0,Warm,1
2023-08-26,8,47.0,35.6,69.3,3.3,855.0,1.91,0.0,Summer,No,Yes,University Branch,Fiction,Student,Saturday,8,26,0,Hot,1
2023-08-26,9,70.0,32.2,85.8,1.0,1837.0,3.01,0.0,Summer,No,Yes,University Branch,Business,Student,Saturday,8,26,1,Warm,1
2023-08-26,10,41.0,38.9,79.0,5.9,1831.0,1.09,0.0,Summer,No,Yes,University Branch,Arabic Literature,Walk-In,Saturday,8,26,1,Hot,1
2023-08-26,11,37.0,36.9,71.9,2.6,1469.0,0.9,0.0,Summer,No,Yes,Al Rawdah Branch,History,Walk-In,Saturday,8,26,1,Hot,1
2023-08-26,12,36.0,40.6,64.6,2.5,1686.0,1.77,0.0,Summer,No,Yes,University Branch,Non-Fiction,Student,Saturday,8,26,0,Hot,1
2023-08-26,13,28.0,42.4,63.0,3.8,917.0,3.23,0.0,Summer,No,Yes,University Branch,Science,Walk-In,Saturday,8,26,0,Hot,1
2023-08-26,15,16.0,41.7,63.2,7.2,944.0,1.23,0.0,Summer,No,Yes,Corniche Kiosk,Arabic Literature,Regular,Saturday,8,26,0,Hot,1
2023-08-26,17,33.0,37.3,63.5,6.3,1287.0,1.81,0.0,Summer,No,Yes,Corniche Kiosk,History,Student,Saturday,8,26,1,Hot,1
2023-08-26,19,16.0,38.9,71.5,6.5,1832.0,0.0,0.0,Summer,No,Yes,Corniche Kiosk,Arabic Literature,Walk-In,Saturday,8,26,1,Hot,1
2023-08-26,21,25.0,36.7,63.0,5.3,1548.0,0.0,0.0,Summer,No,Yes,Downtown Central,History,Walk-In,Saturday,8,26,0,Hot,1
2023-08-27,10,41.0,42.6,77.4,0.7,1233.0,2.14,0.0,Summer,No,Yes,Al Rawdah Branch,Children,Regular,Sunday,8,27,1,Hot,0
2023-08-27,12,27.0,44.0,60.2,1.7,1836.0,2.67,0.0,Summer,No,Yes,Al Rawdah Branch,Children,Regular,Sunday,8,27,0,Hot,0
2023-08-27,15,13.0,45.6,78.2,1.9,1117.0,0.52,1.8,Summer,No,Yes,Corniche Kiosk,Business,Student,Sunday,8,27,0,Hot,0
2023-08-27,16,41.0,44.5,80.6,4.7,1184.0,1.1,0.0,Summer,No,Yes,Al Rawdah Branch,Fiction,Premium,Sunday,8,27,1,Hot,0
2023-08-27,18,39.0,41.5,77.6,0.9,1552.0,1.54,0.0,Summer,No,Yes,Al Hamra Branch,Children,Walk-In,Sunday,8,27,1,Hot,0
2023-08-27,19,58.0,41.1,58.4,3.6,1092.0,0.0,0.0,Summer,No,Yes,University Branch,Fiction,Student,Sunday,8,27,1,Hot,0
2023-08-27,22,35.0,39.0,75.0,0.9,1095.0,0.0,0.0,Summer,No,Yes,Downtown Central,Children,Student,Sunday,8,27,0,Hot,0
2023-08-28,9,50.0,41.8,69.8,5.2,1019.0,3.08,0.0,Summer,No,Yes,Al Rawdah Branch,Business,Student,Monday,8,28,1,Hot,0
2023-08-28,10,60.0,46.4,60.5,6.3,1798.0,1.93,0.0,Summer,No,Yes,University Branch,Non-Fiction,Student,Monday,8,28,1,Hot,0
2023-08-28,11,51.0,44.2,72.1,6.7,1694.0,2.31,0.0,Summer,No,Yes,Downtown Central,Business,Regular,Monday,8,28,1,Hot,0
2023-08-28,12,47.0,47.3,78.7,1.5,1678.0,1.98,0.0,Summer,No,Yes,University Branch,Children,Student,Monday,8,28,0,Hot,0
2023-08-28,13,38.0,48.0,84.1,7.7,1822.0,3.07,0.0,Summer,No,Yes,University Branch,Arabic Literature,Premium,Monday,8,28,0,Hot,0
2023-08-28,16,42.0,48.6,77.4,6.1,870.0,2.86,0.0,Summer,No,Yes,Al Hamra Branch,Arabic Literature,Premium,Monday,8,28,1,Hot,0
2023-08-28,18,57.0,45.1,81.9,4.0,866.0,0.39,0.0,Summer,No,Yes,Downtown Central,Technology,Premium,Monday,8,28,1,Hot,0
2023-08-28,20,24.0,43.5,81.5,7.2,1430.0,0.0,0.0,Summer,No,Yes,Downtown Central,Arabic Literature,Premium,Monday,8,28,0,Hot,0
2023-08-28,22,10.0,44.2,57.6,3.3,1931.0,0.0,0.0,Summer,No,Yes,Corniche Kiosk,History,Regular,Monday,8,28,0,Hot,0
2023-08-29,8,61.0,35.3,62.8,2.7,1129.0,2.33,0.0,Summer,No,Yes,University Branch,Business,Student,Tuesday,8,29,0,Hot,0
2023-08-29,10,78.0,37.2,86.0,7.2,1442.0,2.22,0.0,Summer,No,Yes,Downtown Central,Technology,Student,Tuesday,8,29,1,Hot,0
2023-08-29,11,57.0,36.7,59.9,3.2,940.0,0.55,0.0,Summer,No,Yes,University Branch,Science,Walk-In,Tuesday,8,29,1,Hot,0
2023-08-29,12,23.0,40.1,87.5,4.3,1489.0,3.28,0.0,Summer,No,Yes,Corniche Kiosk,History,Student,Tuesday,8,29,0,Hot,0
2023-08-29,13,62.0,38.7,58.6,5.6,1709.0,2.27,0.0,Summer,No,Yes,Downtown Central,Arabic Literature,Student,Tuesday,8,29,0,Hot,0
2023-08-29,14,38.0,40.5,59.4,5.5,826.0,3.05,0.0,Summer,No,Yes,Downtown Central,Children,Walk-In,Tuesday,8,29,0,Hot,0
2023-08-29,15,24.0,39.6,63.6,3.7,1992.0,1.37,0.0,Summer,No,Yes,Al Hamra Branch,Children,Walk-In,Tuesday,8,29,0,Hot,0
2023-08-29,16,61.0,38.6,58.3,6.9,970.0,0.32,0.0,Summer,No,Yes,University Branch,Business,Regular,Tuesday,8,29,1,Hot,0
2023-08-29,19,48.0,37.3,62.9,1.2,822.0,0.0,3.4,Summer,No,Yes,Al Rawdah Branch,Arabic Literature,Student,Tuesday,8,29,1,Hot,0
2023-08-29,20,53.0,33.2,86.1,0.7,876.0,0.0,0.0,Summer,No,Yes,Downtown Central,Children,Regular,Tuesday,8,29,0,Warm,0
2023-08-29,21,29.0,34.6,78.4,5.3,1012.0,0.0,0.0,Summer,No,Yes,Al Rawdah Branch,Arabic Literature,Regular,Tuesday,8,29,0,Warm,0
2023-08-29,22,36.0,35.3,53.7,1.7,1917.0,0.0,0.0,Summer,No,Yes,University Branch,Children,Walk-In,Tuesday,8,29,0,Hot,0
2023-08-30,8,37.0,38.1,69.8,1.5,1249.0,1.02,0.0,Summer,No,Yes,Al Hamra Branch,Science,Student,Wednesday,8,30,0,Hot,0
2023-08-30,11,64.0,39.2,84.5,2.2,893.0,2.35,0.0,Summer,No,Yes,University Branch,Science,Student,Wednesday,8,30,1,Hot,0
2023-08-30,12,15.0,42.6,73.7,4.1,1484.0,3.1,0.0,Summer,No,Yes,Corniche Kiosk,Non-Fiction,Student,Wednesday,8,30,0,Hot,0
2023-08-30,16,35.0,42.9,71.8,2.0,1181.0,3.49,0.0,Summer,No,Yes,Corniche Kiosk,Arabic Literature,Student,Wednesday,8,30,1,Hot,0
2023-08-30,17,45.0,38.8,89.0,7.5,1436.0,3.45,0.0,Summer,No,Yes,Al Hamra Branch,Technology,Regular,Wednesday,8,30,1,Hot,0
2023-08-30,22,35.0,36.1,64.4,4.8,1731.0,0.0,0.0,Summer,No,Yes,University Branch,History,Regular,Wednesday,8,30,0,Hot,0
2023-08-31,8,29.0,37.9,76.4,7.1,1253.0,2.82,0.0,Summer,No,Yes,Al Hamra Branch,Technology,Walk-In,Thursday,8,31,0,Hot,0
2023-08-31,9,44.0,39.6,90.5,3.6,1252.0,1.23,0.0,Summer,No,Yes,Al Hamra Branch,Science,Student,Thursday,8,31,1,Hot,0
2023-08-31,12,13.0,43.6,80.6,4.4,956.0,2.28,0.0,Summer,No,Yes,Corniche Kiosk,Fiction,Regular,Thursday,8,31,0,Hot,0
2023-08-31,13,36.0,45.5,76.7,0.9,1206.0,2.76,0.0,Summer,No,Yes,Al Rawdah Branch,History,Student,Thursday,8,31,0,Hot,0
2023-08-31,15,23.0,43.1,89.6,0.9,1198.0,1.82,0.0,Summer,No,Yes,Al Rawdah Branch,Arabic Literature,Student,Thursday,8,31,0,Hot,0
2023-08-31,16,37.0,44.8,57.4,7.1,1008.0,0.58,0.0,Summer,No,Yes,Al Hamra Branch,Fiction,Regular,Thursday,8,31,1,Hot,0
2023-08-31,18,19.0,40.5,61.3,6.2,1360.0,2.45,0.0,Summer,No,Yes,Corniche Kiosk,Technology,Walk-In,Thursday,8,31,1,Hot,0
2023-09-01,8,27.0,29.7,55.0,5.6,1669.0,1.16,0.0,Autumn,Yes,Yes,Al Rawdah Branch,History,Walk-In,Friday,9,1,0,Warm,1
2023-09-01,9,33.0,29.1,52.4,4.2,1185.0,1.19,0.0,Autumn,Yes,Yes,Corniche Kiosk,Technology,Regular,Friday,9,1,1,Warm,1
2023-09-01,11,49.0,32.1,52.5,4.9,1689.0,1.73,0.0,Autumn,Yes,Yes,Al Rawdah Branch,Arabic Literature,Regular,Friday,9,1,1,Warm,1
2023-09-01,15,26.0,35.5,66.9,6.2,1285.0,0.46,3.7,Autumn,Yes,Yes,Downtown Central,Children,Student,Friday,9,1,0,Hot,1
2023-09-01,16,69.0,35.4,58.5,5.5,1401.0,1.95,0.0,Autumn,Yes,Yes,Downtown Central,Children,Premium,Friday,9,1,1,Hot,1
2023-09-01,17,41.0,31.3,71.5,7.4,1592.0,2.13,0.0,Autumn,Yes,Yes,Al Hamra Branch,Fiction,Walk-In,Friday,9,1,1,Warm,1
2023-09-01,18,63.0,33.8,46.6,7.4,980.0,1.74,0.8,Nan,Yes,Yes,Downtown Central,History,Student,Friday,9,1,1,Warm,1
2023-09-01,19,52.0,31.0,66.4,1.5,954.0,0.0,0.0,Autumn,Yes,Yes,Al Hamra Branch,Non-Fiction,Student,Friday,9,1,1,Warm,1
2023-09-01,20,20.0,29.3,41.5,1.3,1605.0,0.0,0.0,Autumn,Yes,Yes,Corniche Kiosk,Children,Regular,Friday,9,1,0,Warm,1
2023-09-01,21,36.0,29.1,46.9,6.4,1770.0,1.085,0.0,Autumn,Yes,Yes,Downtown Central,Fiction,Regular,Friday,9,1,0,Warm,1
2023-09-01,22,28.0,31.6,65.7,5.8,1543.0,0.0,0.0,Autumn,Yes,Yes,Downtown Central,Business,Regular,Friday,9,1,0,Warm,1
2023-09-02,8,18.0,35.6,43.4,4.2,1320.0,1.29,0.0,Autumn,No,Yes,Corniche Kiosk,History,Walk-In,Saturday,9,2,0,Hot,1
2023-09-02,9,51.0,36.2,74.5,6.5,1646.0,0.34,4.9,Autumn,No,Yes,University Branch,Science,Premium,Saturday,9,2,1,Hot,1
2023-09-02,10,34.0,37.9,69.7,5.7,1452.0,1.21,0.1,Autumn,No,Yes,University Branch,Non-Fiction,Walk-In,Saturday,9,2,1,Hot,1
2023-09-02,12,24.0,40.7,58.2,3.8,878.0,3.15,0.0,Autumn,No,Yes,Al Hamra Branch,Arabic Literature,Premium,Saturday,9,2,0,Hot,1
2023-09-02,13,18.0,40.3,59.9,0.9,1655.0,3.18,0.0,Autumn,No,Yes,Corniche Kiosk,Children,Student,Saturday,9,2,0,Hot,1
2023-09-02,14,19.0,41.1,71.4,2.4,1851.0,2.63,0.0,Autumn,No,Yes,Al Hamra Branch,Science,Regular,Saturday,9,2,0,Hot,1
2023-09-02,17,52.0,38.5,42.7,3.0,1804.0,2.66,0.0,Autumn,No,Yes,Al Rawdah Branch,Non-Fiction,Regular,Saturday,9,2,1,Hot,1
2023-09-02,18,36.0,36.4,64.1,1.1,1276.0,1.03,0.0,Autumn,No,Yes,Al Hamra Branch,Children,Walk-In,Saturday,9,2,1,Hot,1
2023-09-02,19,35.0,32.2,66.1,1.4,1783.0,0.0,0.0,Autumn,No,Yes,Al Hamra Branch,Arabic Literature,Walk-In,Saturday,9,2,1,Warm,1
2023-09-02,21,8.0,35.7,69.8,2.6,1308.0,0.0,0.0,Autumn,No,Yes,Corniche Kiosk,Children,Regular,Saturday,9,2,0,Hot,1
2023-09-02,22,23.0,36.6,59.5,0.8,1058.0,0.0,0.0,Autumn,No,Yes,Al Hamra Branch,Fiction,Student,Saturday,9,2,0,Hot,1
2023-09-03,8,25.0,35.0,67.2,6.4,1286.0,0.5,0.0,Autumn,No,Yes,Corniche Kiosk,Science,Regular,Sunday,9,3,0,Warm,0
2023-09-03,9,49.0,35.0,56.6,3.6,1931.0,1.61,0.0,Autumn,No,Yes,Al Hamra Branch,Business,Regular,Sunday,9,3,1,Warm,0
2023-09-03,11,42.0,35.8,62.0,1.2,1760.0,2.23,3.0,Autumn,No,Yes,Al Hamra Branch,Business,Regular,Sunday,9,3,1,Hot,0
2023-09-03,12,29.0,39.6,52.5,2.0,1612.0,0.2,0.0,Autumn,No,Yes,Al Rawdah Branch,Technology,Premium,Sunday,9,3,0,Hot,0
2023-09-03,13,25.0,39.2,67.1,1.2,1760.0,1.39,0.0,Autumn,No,Yes,Corniche Kiosk,Children,Student,Sunday,9,3,0,Hot,0
2023-09-03,14,16.0,40.2,54.7,2.4,1665.0,0.19,0.0,Autumn,No,Yes,Corniche Kiosk,History,Walk-In,Sunday,9,3,0,Hot,0
2023-09-03,15,21.0,40.5,67.4,4.9,1521.0,0.46,0.0,Autumn,No,Yes,Al Hamra Branch,Children,Walk-In,Sunday,9,3,0,Hot,0
2023-09-03,17,68.0,35.8,63.4,7.0,1801.0,1.39,0.0,Autumn,No,Yes,University Branch,Children,Walk-In,Sunday,9,3,1,Hot,0
2023-09-03,19,32.0,37.9,60.2,0.6,1982.0,0.0,0.0,Autumn,No,Yes,Corniche Kiosk,Science,Regular,Sunday,9,3,1,Hot,0
2023-09-03,20,51.0,33.4,69.2,5.3,1642.0,0.0,0.0,Autumn,No,Yes,Downtown Central,Arabic Literature,Regular,Sunday,9,3,0,Warm,0
2023-09-03,21,42.0,33.8,42.5,1.1,1700.0,0.0,0.0,Nan,No,Yes,Al Rawdah Branch,Science,Student,Sunday,9,3,0,Warm,0
2023-09-04,8,50.0,27.4,73.2,5.4,1430.0,1.95,0.0,Autumn,No,Yes,Al Rawdah Branch,Non-Fiction,Regular,Monday,9,4,0,Warm,0
2023-09-04,10,99.0,29.2,42.5,7.3,1949.0,2.78,0.0,Autumn,No,Yes,University Branch,Technology,Student,Monday,9,4,1,Warm,0
2023-09-04,12,88.0,30.5,39.3,6.9,854.0,2.72,0.0,Autumn,No,Yes,University Branch,Technology,Student,Monday,9,4,0,Warm,0
2023-09-04,13,59.0,31.2,35.6,6.2,1103.0,1.68,0.0,Autumn,No,Yes,Al Rawdah Branch,Arabic Literature,Premium,Monday,9,4,0,Warm,0
2023-09-04,16,44.0,32.3,66.4,5.7,1394.0,0.14,0.0,Autumn,No,Yes,University Branch,Fiction,Premium,Monday,9,4,1,Warm,0
2023-09-04,18,91.0,28.0,70.0,4.4,1769.0,2.55,0.0,Autumn,No,Yes,Downtown Central,Technology,Regular,Monday,9,4,1,Warm,0
2023-09-04,19,94.0,27.8,51.9,1.9,1721.0,0.0,0.0,Autumn,No,Yes,University Branch,Arabic Literature,Premium,Monday,9,4,1,Warm,0
2023-09-04,22,27.0,27.8,68.0,2.5,1653.0,0.0,0.0,Autumn,No,Yes,Al Hamra Branch,Non-Fiction,Walk-In,Monday,9,4,0,Warm,0
2023-09-05,10,48.0,31.5,55.3,4.6,1656.0,0.34,0.0,Autumn,No,Yes,Al Hamra Branch,Arabic Literature,Walk-In,Tuesday,9,5,1,Warm,0
2023-09-05,11,55.0,31.4,44.1,4.8,1479.0,1.95,0.0,Autumn,No,Yes,Al Hamra Branch,Technology,Regular,Tuesday,9,5,1,Warm,0
2023-09-05,12,43.0,34.1,70.5,4.6,991.0,0.0,0.0,Autumn,No,Yes,Al Hamra Branch,Technology,Student,Tuesday,9,5,0,Warm,0
2023-09-05,13,74.0,32.4,71.0,1.9,1008.0,1.38,0.0,Autumn,No,Yes,Downtown Central,Non-Fiction,Premium,Tuesday,9,5,0,Warm,0
2023-09-05,15,82.0,32.5,50.0,6.1,1476.0,1.52,0.0,Autumn,No,Yes,Downtown Central,Children,Student,Tuesday,9,5,0,Warm,0
2023-09-05,18,48.0,29.2,57.9,7.9,846.0,1.47,0.0,Autumn,No,Yes,Al Hamra Branch,Arabic Literature,Walk-In,Tuesday,9,5,1,Warm,0
2023-09-05,19,66.0,30.3,70.3,6.3,1344.0,0.0,0.0,Autumn,No,Yes,Al Rawdah Branch,Business,Regular,Tuesday,9,5,1,Warm,0
2023-09-05,20,54.0,28.3,43.6,6.4,1434.0,0.0,0.0,Autumn,No,Yes,Al Rawdah Branch,History,Student,Tuesday,9,5,0,Warm,0
2023-09-06,8,58.0,28.6,69.4,8.0,955.0,1.36,0.0,Autumn,No,Yes,Al Rawdah Branch,Arabic Literature,Student,Wednesday,9,6,0,Warm,0
2023-09-06,9,30.0,26.2,53.9,3.0,1238.0,0.24,0.0,Autumn,No,Yes,Corniche Kiosk,Science,Walk-In,Wednesday,9,6,1,Warm,0
2023-09-06,10,76.0,28.3,59.6,2.2,1020.0,2.45,0.0,Autumn,No,Yes,Al Hamra Branch,Non-Fiction,Student,Wednesday,9,6,1,Warm,0
2023-09-06,13,65.0,32.2,64.5,5.3,1501.0,3.32,0.0,Autumn,No,Yes,Downtown Central,Fiction,Walk-In,Wednesday,9,6,0,Warm,0
2023-09-06,14,70.0,32.3,52.6,3.5,1891.0,2.01,0.0,Autumn,No,Yes,University Branch,Science,Nan,Wednesday,9,6,0,Warm,0
2023-09-06,15,42.0,33.2,76.9,4.3,1083.0,1.09,0.0,Autumn,No,Yes,Al Rawdah Branch,Business,Regular,Wednesday,9,6,0,Warm,0
2023-09-06,18,69.0,29.0,43.4,0.5,1664.0,2.0,0.0,Autumn,No,Yes,Al Rawdah Branch,Non-Fiction,Regular,Wednesday,9,6,1,Warm,0
2023-09-06,21,50.0,32.2,51.3,3.4,821.0,0.0,0.0,Autumn,No,Yes,Downtown Central,Non-Fiction,Walk-In,Wednesday,9,6,0,Warm,0
2023-09-07,9,33.0,33.0,67.3,0.5,1512.0,0.88,0.0,Autumn,No,Yes,Corniche Kiosk,Arabic Literature,Student,Thursday,9,7,1,Warm,0
2023-09-07,10,53.0,36.4,68.1,5.4,1255.0,3.01,0.0,Autumn,No,Yes,Al Rawdah Branch,Fiction,Regular,Thursday,9,7,1,Hot,0
2023-09-07,11,23.0,36.0,61.2,3.5,1666.0,1.79,2.2,Autumn,No,Yes,Corniche Kiosk,Science,Regular,Thursday,9,7,1,Hot,0
2023-09-07,12,56.0,38.1,41.0,2.9,1064.0,2.95,0.0,Autumn,No,Yes,Downtown Central,Fiction,Regular,Thursday,9,7,0,Hot,0
2023-09-07,14,22.0,38.9,67.0,1.5,1789.0,0.21,4.0,Autumn,No,Yes,Al Hamra Branch,Children,Student,Thursday,9,7,0,Hot,0
2023-09-07,16,46.0,39.4,66.0,5.8,929.0,2.89,0.0,Autumn,No,Yes,Al Hamra Branch,Fiction,Regular,Thursday,9,7,1,Hot,0
2023-09-07,17,30.0,36.6,39.7,2.6,933.0,0.43,0.0,Autumn,No,Yes,Corniche Kiosk,Non-Fiction,Walk-In,Thursday,9,7,1,Hot,0
2023-09-07,19,59.0,35.3,76.8,3.2,1718.0,0.0,0.0,Autumn,No,Yes,Al Hamra Branch,Business,Premium,Thursday,9,7,1,Hot,0
2023-09-07,20,47.0,32.2,52.5,1.1,1978.0,0.0,0.0,Nan,No,Yes,University Branch,Children,Walk-In,Thursday,9,7,0,Warm,0
2023-09-07,21,19.0,33.6,62.1,1.0,1547.0,1.085,0.0,Autumn,No,Yes,Corniche Kiosk,Fiction,Regular,Thursday,9,7,0,Warm,0
2023-09-07,22,45.0,32.6,58.5,6.1,1002.0,0.0,0.0,Autumn,No,Yes,University Branch,History,Premium,Thursday,9,7,0,Warm,0
2023-09-08,9,67.0,31.8,39.1,1.4,1786.0,3.45,0.0,Autumn,Yes,Yes,University Branch,Business,Regular,Friday,9,8,1,Warm,1
2023-09-08,11,52.0,34.6,60.2,5.3,831.0,3.49,0.0,Autumn,Yes,Yes,University Branch,Arabic Literature,Regular,Friday,9,8,1,Warm,1
2023-09-08,13,32.0,37.0,44.2,4.9,1008.0,0.94,0.0,Autumn,Yes,Yes,Downtown Central,Business,Walk-In,Friday,9,8,0,Hot,1
2023-09-08,14,19.0,36.4,55.8,0.8,1045.0,0.87,0.0,Autumn,Yes,Yes,Al Hamra Branch,Technology,Walk-In,Friday,9,8,0,Hot,1
2023-09-08,15,24.0,36.1,49.9,7.2,1892.0,2.82,0.0,Autumn,Yes,Yes,Al Rawdah Branch,Fiction,Walk-In,Friday,9,8,0,Hot,1
2023-09-08,16,39.0,32.2,67.1,5.9,1650.0,0.91,0.0,Autumn,Yes,Yes,Al Rawdah Branch,Non-Fiction,Premium,Friday,9,8,1,Warm,1
2023-09-08,17,43.0,34.1,54.4,4.3,1431.0,1.79,0.0,Autumn,Yes,Yes,Al Rawdah Branch,Business,Walk-In,Friday,9,8,1,Warm,1
2023-09-08,18,28.0,35.0,71.2,5.5,1168.0,0.96,0.0,Autumn,Yes,Yes,Corniche Kiosk,Children,Premium,Friday,9,8,1,Warm,1
2023-09-08,20,24.0,31.2,45.0,2.0,1681.0,0.0,0.0,Autumn,Yes,Yes,Al Hamra Branch,History,Walk-In,Friday,9,8,0,Warm,1
2023-09-09,9,61.0,25.8,75.8,3.0,1016.0,1.6,0.0,Autumn,No,Yes,University Branch,Technology,Walk-In,Saturday,9,9,1,Warm,1
2023-09-09,10,84.0,28.6,53.1,6.7,1643.0,1.05,0.0,Autumn,No,Yes,University Branch,Arabic Literature,Premium,Saturday,9,9,1,Warm,1
2023-09-09,11,80.0,29.8,58.3,3.7,1670.0,0.63,4.0,Autumn,No,Yes,Downtown Central,Non-Fiction,Student,Saturday,9,9,1,Warm,1
2023-09-09,12,55.0,31.3,60.3,4.8,1196.0,3.01,0.0,Autumn,No,Yes,University Branch,Technology,Walk-In,Saturday,9,9,0,Warm,1
2023-09-09,13,45.0,31.1,66.8,0.8,813.0,0.59,0.0,Autumn,No,Yes,Al Hamra Branch,Children,Premium,Saturday,9,9,0,Warm,1
2023-09-09,16,39.0,30.6,36.7,4.2,1058.0,2.78,0.0,Autumn,No,Yes,Corniche Kiosk,Non-Fiction,Regular,Saturday,9,9,1,Warm,1
2023-09-09,17,75.0,30.4,64.1,4.1,1969.0,2.87,0.0,Autumn,No,Yes,Downtown Central,Non-Fiction,Walk-In,Saturday,9,9,1,Warm,1
2023-09-09,20,63.0,28.0,42.1,1.7,1089.0,0.0,0.0,Autumn,No,Yes,Downtown Central,Business,Premium,Saturday,9,9,0,Warm,1
2023-09-09,22,41.0,26.6,74.7,2.6,975.0,0.0,0.0,Autumn,No,Yes,Al Rawdah Branch,Science,Student,Saturday,9,9,0,Warm,1
2023-09-10,8,40.0,35.9,53.9,6.1,1652.0,3.28,0.0,Autumn,No,Yes,Al Rawdah Branch,Technology,Regular,Sunday,9,10,0,Hot,0
2023-09-10,9,51.0,36.2,62.3,3.6,1327.0,1.29,0.0,Autumn,No,Yes,Al Hamra Branch,Children,Premium,Sunday,9,10,1,Hot,0
2023-09-10,11,24.0,38.7,57.0,6.7,1063.0,1.89,0.0,Autumn,No,Yes,Corniche Kiosk,History,Regular,Sunday,9,10,1,Hot,0
2023-09-10,12,40.0,39.0,57.6,4.5,1890.0,2.76,0.0,Autumn,No,Yes,Al Hamra Branch,Arabic Literature,Student,Sunday,9,10,0,Hot,0
2023-09-10,15,44.0,39.1,45.9,3.9,1957.0,1.89,0.0,Autumn,No,Yes,Al Rawdah Branch,Arabic Literature,Regular,Sunday,9,10,0,Hot,0
2023-09-10,18,51.0,38.5,66.3,3.9,1945.0,1.96,0.0,Autumn,No,Yes,Al Rawdah Branch,Children,Regular,Sunday,9,10,1,Hot,0
2023-09-10,19,79.0,37.8,46.4,1.1,1091.0,0.0,0.0,Autumn,No,Yes,Downtown Central,Arabic Literature,Premium,Sunday,9,10,1,Hot,0
2023-09-10,22,28.0,34.6,66.2,2.4,1295.0,1.085,0.0,Autumn,No,Yes,Al Rawdah Branch,History,Walk-In,Sunday,9,10,0,Warm,0
2023-09-11,8,29.0,33.9,47.7,2.8,1854.0,0.95,0.0,Autumn,No,Yes,Al Rawdah Branch,History,Walk-In,Monday,9,11,0,Warm,0
2023-09-11,9,26.0,36.5,61.6,3.6,857.0,2.61,0.0,Nan,No,Yes,Corniche Kiosk,Technology,Walk-In,Monday,9,11,1,Hot,0
2023-09-11,11,36.0,38.2,73.0,1.5,1898.0,1.34,0.0,Autumn,No,Yes,Al Rawdah Branch,Science,Walk-In,Monday,9,11,1,Hot,0
2023-09-11,13,36.0,39.6,68.5,2.2,1395.0,3.23,0.0,Autumn,No,Yes,Al Hamra Branch,History,Walk-In,Monday,9,11,0,Hot,0
2023-09-11,15,59.0,39.3,47.4,1.3,1054.0,1.8,0.0,Autumn,No,Yes,Downtown Central,Fiction,Student,Monday,9,11,0,Hot,0
2023-09-11,16,52.0,39.3,52.8,1.6,1163.0,0.06,0.0,Autumn,No,Yes,Al Hamra Branch,Science,Student,Monday,9,11,1,Hot,0
2023-09-11,17,30.0,38.1,60.2,5.7,1481.0,0.87,0.0,Autumn,No,Yes,Corniche Kiosk,Arabic Literature,Premium,Monday,9,11,1,Hot,0
2023-09-11,20,17.0,35.7,41.8,7.7,1757.0,0.0,0.0,Autumn,No,Yes,Corniche Kiosk,Children,Walk-In,Monday,9,11,0,Hot,0
2023-09-12,10,46.0,33.8,43.7,3.4,1097.0,3.24,0.0,Autumn,No,Yes,Corniche Kiosk,Non-Fiction,Student,Tuesday,9,12,1,Warm,0
2023-09-12,12,39.0,38.1,57.0,0.8,1820.0,0.51,0.0,Autumn,No,Yes,Al Rawdah Branch,Fiction,Premium,Tuesday,9,12,0,Hot,0
2023-09-12,15,34.0,37.9,41.9,1.4,1261.0,0.25,0.0,Autumn,No,Yes,Al Hamra Branch,Technology,Regular,Tuesday,9,12,0,Hot,0
2023-09-12,16,49.0,39.2,48.5,2.0,845.0,1.085,0.0,Autumn,No,Yes,Al Hamra Branch,Non-Fiction,Premium,Tuesday,9,12,1,Hot,0
2023-09-12,18,66.0,35.6,50.4,6.7,1935.0,3.32,0.0,Autumn,No,Yes,Al Rawdah Branch,Arabic Literature,Regular,Tuesday,9,12,1,Hot,0
2023-09-12,20,62.0,33.0,42.7,0.6,1876.0,0.0,0.0,Autumn,No,Yes,Downtown Central,Fiction,Premium,Tuesday,9,12,0,Warm,0
2023-09-12,22,60.0,33.6,43.1,7.4,1335.0,0.0,0.0,Autumn,No,Yes,Downtown Central,Technology,Premium,Tuesday,9,12,0,Warm,0
2023-09-13,8,29.0,27.5,64.2,2.5,1249.0,1.79,0.0,Autumn,No,Yes,Corniche Kiosk,Technology,Walk-In,Wednesday,9,13,0,Warm,0
2023-09-13,9,72.0,29.9,36.2,6.0,1451.0,3.43,0.0,Autumn,No,Yes,University Branch,Fiction,Nan,Wednesday,9,13,1,Warm,0
2023-09-13,10,74.0,29.0,58.8,6.8,1615.0,2.61,0.0,Autumn,No,Yes,University Branch,Technology,Walk-In,Wednesday,9,13,1,Warm,0
2023-09-13,11,31.0,29.0,49.5,6.5,1838.0,0.63,0.0,Autumn,No,Yes,Corniche Kiosk,Technology,Walk-In,Wednesday,9,13,1,Warm,0
2023-09-13,12,68.0,32.1,58.7,6.4,1946.0,0.48,0.0,Autumn,No,Yes,Downtown Central,Technology,Regular,Wednesday,9,13,0,Warm,0
2023-09-13,13,44.0,34.9,48.1,0.7,1415.0,2.52,0.0,Autumn,No,Yes,Al Hamra Branch,Science,Regular,Wednesday,9,13,0,Warm,0
2023-09-13,16,39.0,33.3,68.8,2.4,1549.0,2.19,0.0,Autumn,No,Yes,Corniche Kiosk,History,Regular,Wednesday,9,13,1,Warm,0
2023-09-13,21,21.0,28.6,68.6,2.5,892.0,1.085,0.0,Autumn,No,Yes,Corniche Kiosk,Non-Fiction,Premium,Wednesday,9,13,0,Warm,0
2023-09-13,22,41.0,28.6,45.9,6.6,867.0,0.0,0.0,Autumn,No,Yes,Al Rawdah Branch,Fiction,Regular,Wednesday,9,13,0,Warm,0
2023-09-14,8,27.0,30.7,56.4,3.9,1761.0,1.56,0.0,Autumn,No,Yes,Corniche Kiosk,Children,Premium,Thursday,9,14,0,Warm,0
2023-09-14,9,43.0,29.4,76.5,5.6,1129.0,0.51,0.0,Autumn,No,Yes,Al Hamra Branch,Arabic Literature,Walk-In,Thursday,9,14,1,Warm,0
2023-09-14,11,60.0,33.4,52.7,3.0,1943.0,1.69,0.0,Autumn,No,Yes,Al Rawdah Branch,Technology,Regular,Thursday,9,14,1,Warm,0
2023-09-14,12,41.0,36.1,45.4,3.1,1633.0,0.42,0.0,Autumn,No,Yes,Al Hamra Branch,Non-Fiction,Regular,Thursday,9,14,0,Hot,0
2023-09-14,13,25.0,33.9,67.2,0.9,1623.0,2.51,0.0,Autumn,No,Yes,Corniche Kiosk,History,Walk-In,Thursday,9,14,0,Warm,0
2023-09-14,14,81.0,32.2,54.4,4.0,1844.0,3.41,0.0,Autumn,No,Yes,Downtown Central,Non-Fiction,Premium,Thursday,9,14,0,Warm,0
2023-09-14,16,43.0,35.0,66.9,7.2,1920.0,3.47,0.0,Autumn,No,Yes,Corniche Kiosk,Business,Premium,Thursday,9,14,1,Warm,0
2023-09-14,18,46.0,31.4,46.5,7.1,1462.0,1.44,0.0,Autumn,No,Yes,Corniche Kiosk,Technology,Student,Thursday,9,14,1,Warm,0
2023-09-14,20,60.0,31.6,57.3,3.8,1965.0,0.0,0.0,Autumn,No,Yes,Downtown Central,Non-Fiction,Regular,Thursday,9,14,0,Warm,0
2023-09-14,21,25.0,29.2,54.2,4.7,1782.0,0.0,0.0,Autumn,No,Yes,Corniche Kiosk,Arabic Literature,Walk-In,Thursday,9,14,0,Warm,0
2023-09-14,22,23.0,31.4,63.9,1.4,1719.0,0.0,0.0,Autumn,No,Yes,Corniche Kiosk,Science,Regular,Thursday,9,14,0,Warm,0
2023-09-15,9,51.0,31.0,55.1,1.9,1474.0,1.64,0.0,Autumn,Yes,Yes,Al Hamra Branch,Technology,Student,Friday,9,15,1,Warm,1
2023-09-15,11,60.0,31.7,50.1,2.7,1732.0,3.25,0.0,Autumn,Yes,Yes,Downtown Central,Business,Walk-In,Friday,9,15,1,Warm,1
2023-09-15,15,26.0,35.3,78.2,3.7,1822.0,2.89,0.0,Autumn,Yes,Yes,Al Hamra Branch,Fiction,Walk-In,Friday,9,15,0,Hot,1
2023-09-15,16,21.0,34.6,45.7,5.0,1286.0,3.14,0.0,Autumn,Yes,Yes,Corniche Kiosk,Arabic Literature,Walk-In,Friday,9,15,1,Warm,1
2023-09-15,17,53.0,32.8,57.5,7.4,902.0,1.24,0.0,Autumn,Yes,Yes,University Branch,Fiction,Walk-In,Friday,9,15,1,Warm,1
2023-09-15,19,45.0,32.3,43.6,1.4,1253.0,0.0,0.0,Autumn,Yes,Yes,Al Rawdah Branch,Business,Regular,Friday,9,15,1,Warm,1
2023-09-15,21,15.0,28.7,67.4,5.0,1080.0,0.0,0.0,Autumn,Yes,Yes,Corniche Kiosk,Non-Fiction,Walk-In,Friday,9,15,0,Warm,1
2023-09-15,22,22.0,29.5,68.8,4.8,1473.0,0.0,0.0,Autumn,Yes,Yes,University Branch,Arabic Literature,Walk-In,Friday,9,15,0,Warm,1
2023-09-16,9,77.0,32.0,62.1,2.8,1321.0,2.24,0.0,Autumn,No,Yes,Downtown Central,History,Regular,Saturday,9,16,1,Warm,1
2023-09-16,10,62.0,34.9,41.3,3.0,1512.0,2.61,0.0,Autumn,No,Yes,Al Rawdah Branch,Arabic Literature,Student,Saturday,9,16,1,Warm,1
2023-09-16,11,29.0,36.0,45.5,7.3,1420.0,3.33,0.0,Autumn,No,Yes,Corniche Kiosk,Technology,Premium,Saturday,9,16,1,Hot,1
2023-09-16,14,24.0,38.4,62.1,2.5,919.0,2.65,0.0,Autumn,No,Yes,Al Hamra Branch,Fiction,Walk-In,Saturday,9,16,0,Hot,1
2023-09-16,15,67.0,37.4,48.4,4.9,890.0,3.29,0.0,Autumn,No,Yes,Downtown Central,Science,Student,Saturday,9,16,0,Hot,1
2023-09-16,18,87.0,35.3,42.6,7.6,1233.0,2.55,0.0,Autumn,No,Yes,University Branch,Non-Fiction,Premium,Saturday,9,16,1,Hot,1
2023-09-16,19,32.0,34.7,61.4,7.5,1764.0,0.0,0.0,Autumn,No,Yes,Corniche Kiosk,Technology,Regular,Saturday,9,16,1,Warm,1
2023-09-16,20,45.0,33.4,68.2,3.0,1587.0,0.0,0.0,Autumn,No,Yes,Al Rawdah Branch,Children,Student,Saturday,9,16,0,Warm,1
2023-09-16,21,43.0,33.4,56.3,2.8,884.0,0.0,0.0,Autumn,No,Yes,Downtown Central,Science,Regular,Saturday,9,16,0,Warm,1
2023-09-17,8,62.0,30.9,75.4,6.1,1950.0,2.91,0.0,Autumn,No,Yes,University Branch,Technology,Regular,Sunday,9,17,0,Warm,0
2023-09-17,10,68.0,34.1,75.7,6.1,1723.0,3.23,0.0,Autumn,No,Yes,Al Rawdah Branch,Arabic Literature,Nan,Sunday,9,17,1,Warm,0
2023-09-17,11,88.0,34.8,48.1,4.7,1399.0,2.74,0.0,Autumn,No,Yes,University Branch,Non-Fiction,Student,Sunday,9,17,1,Warm,0
2023-09-17,12,47.0,35.0,64.7,5.6,1337.0,0.33,0.0,Autumn,No,Yes,Al Hamra Branch,Arabic Literature,Student,Sunday,9,17,0,Warm,0
2023-09-17,16,78.0,36.3,65.7,4.7,1466.0,3.0,0.0,Autumn,No,Yes,University Branch,Technology,Nan,Sunday,9,17,1,Hot,0
2023-09-17,17,53.0,32.5,50.6,3.8,1858.0,2.32,3.3,Autumn,No,Yes,Al Hamra Branch,Business,Regular,Sunday,9,17,1,Warm,0
2023-09-17,18,70.0,34.4,60.9,3.5,1046.0,3.27,0.0,Autumn,No,Yes,Al Rawdah Branch,Technology,Regular,Sunday,9,17,1,Warm,0
2023-09-17,20,42.0,31.4,57.2,1.8,969.0,0.0,0.0,Autumn,No,Yes,Al Rawdah Branch,History,Regular,Sunday,9,17,0,Warm,0
2023-09-17,21,44.0,30.1,48.0,5.7,1830.0,0.0,0.0,Autumn,No,Yes,Al Rawdah Branch,Arabic Literature,Student,Sunday,9,17,0,Warm,0
2023-09-18,11,100.0,28.9,58.8,1.5,1296.0,1.78,0.0,Autumn,No,Yes,University Branch,Fiction,Student,Monday,9,18,1,Warm,0
2023-09-18,12,68.0,32.8,63.6,4.2,1881.0,0.64,0.0,Autumn,No,Yes,University Branch,Technology,Premium,Monday,9,18,0,Warm,0
2023-09-18,13,21.0,34.2,72.0,7.2,1842.0,2.82,2.9,Autumn,No,Yes,Corniche Kiosk,History,Walk-In,Monday,9,18,0,Warm,0
2023-09-18,14,35.0,34.7,67.2,5.5,952.0,2.49,0.0,Autumn,No,Yes,Corniche Kiosk,Science,Student,Monday,9,18,0,Warm,0
2023-09-18,15,72.0,32.4,58.0,6.3,989.0,1.44,0.0,Autumn,No,Yes,University Branch,Technology,Premium,Monday,9,18,0,Warm,0
2023-09-18,16,62.0,34.3,61.1,1.0,1917.0,1.65,0.0,Autumn,No,Yes,Al Hamra Branch,Technology,Premium,Monday,9,18,1,Warm,0
2023-09-18,20,35.0,28.0,75.3,6.4,1578.0,0.0,0.0,Autumn,No,Yes,Al Rawdah Branch,Children,Regular,Monday,9,18,0,Warm,0
2023-09-18,21,25.0,29.7,69.4,6.9,1850.0,0.0,0.0,Autumn,No,Yes,Corniche Kiosk,Business,Regular,Monday,9,18,0,Warm,0
2023-09-19,10,100.0,30.0,75.6,1.6,1235.0,1.83,0.0,Autumn,No,Yes,Downtown Central,Business,Student,Tuesday,9,19,1,Warm,0
2023-09-19,11,75.0,29.3,67.6,6.4,1384.0,0.24,0.0,Autumn,No,Yes,Downtown Central,Technology,Regular,Tuesday,9,19,1,Warm,0
2023-09-19,12,61.0,31.7,53.7,5.7,1327.0,3.18,0.0,Autumn,No,Yes,University Branch,History,Walk-In,Tuesday,9,19,0,Warm,0
2023-09-19,13,82.0,32.0,63.0,2.0,1539.0,3.41,0.0,Autumn,No,Yes,University Branch,Fiction,Student,Tuesday,9,19,0,Warm,0
2023-09-19,14,53.0,33.1,62.2,7.4,1429.0,2.46,0.0,Autumn,No,Yes,Al Rawdah Branch,Science,Regular,Tuesday,9,19,0,Warm,0
2023-09-19,16,68.0,31.9,67.3,0.7,1841.0,0.18,0.0,Autumn,No,Yes,University Branch,History,Walk-In,Tuesday,9,19,1,Warm,0
2023-09-19,17,110.0,32.2,54.4,3.7,1973.0,0.78,0.0,Autumn,No,Yes,Downtown Central,Technology,Student,Tuesday,9,19,1,Warm,0
2023-09-19,20,45.0,26.0,65.1,5.3,1214.0,0.0,0.0,Autumn,No,Yes,Al Rawdah Branch,Non-Fiction,Regular,Tuesday,9,19,0,Warm,0
2023-09-19,21,40.0,26.3,59.3,2.4,947.0,0.0,0.0,Autumn,No,Yes,Al Hamra Branch,Science,Student,Tuesday,9,19,0,Warm,0
2023-09-19,22,35.0,26.3,58.3,0.8,1343.0,0.0,0.0,Autumn,No,Yes,Al Hamra Branch,Business,Regular,Tuesday,9,19,0,Warm,0
2023-09-20,8,12.0,34.7,67.6,1.0,1570.0,2.75,0.0,Autumn,Yes,Yes,Corniche Kiosk,Technology,Walk-In,Wednesday,9,20,0,Warm,0
2023-09-20,10,46.0,37.0,65.5,3.5,1872.0,0.28,0.0,Autumn,Yes,Yes,Downtown Central,Science,Regular,Wednesday,9,20,1,Hot,0
2023-09-20,11,83.0,35.6,47.4,5.5,902.0,1.67,0.0,Autumn,Yes,Yes,Downtown Central,Arabic Literature,Student,Wednesday,9,20,1,Hot,0
2023-09-20,14,37.0,38.7,70.5,1.4,1823.0,3.06,0.0,Autumn,Yes,Yes,University Branch,Technology,Premium,Wednesday,9,20,0,Hot,0
2023-09-20,15,19.0,39.6,71.6,6.5,1020.0,0.78,0.0,Autumn,Yes,Yes,Al Rawdah Branch,Arabic Literature,Walk-In,Wednesday,9,20,0,Hot,0
2023-09-20,16,25.0,39.3,65.1,1.5,1471.0,2.17,0.0,Autumn,Yes,Yes,Corniche Kiosk,Business,Regular,Wednesday,9,20,1,Hot,0
2023-09-20,17,30.0,35.5,61.1,4.8,1894.0,1.65,0.0,Autumn,Yes,Yes,Corniche Kiosk,Business,Walk-In,Wednesday,9,20,1,Hot,0
2023-09-20,18,56.0,36.6,53.3,3.0,1150.0,2.01,0.0,Autumn,Yes,Yes,Al Rawdah Branch,Science,Student,Wednesday,9,20,1,Hot,0
2023-09-20,21,15.0,33.6,68.6,2.4,934.0,0.0,0.0,Autumn,Yes,Yes,Al Rawdah Branch,Non-Fiction,Walk-In,Wednesday,9,20,0,Warm,0
2023-09-20,22,17.0,35.0,74.1,3.5,1371.0,0.0,0.0,Autumn,Yes,Yes,Corniche Kiosk,Fiction,Student,Wednesday,9,20,0,Warm,0
2023-09-21,8,58.0,33.7,67.3,7.4,1867.0,0.47,0.0,Autumn,No,Yes,University Branch,Fiction,Premium,Thursday,9,21,0,Warm,0
2023-09-21,13,59.0,38.5,63.8,4.6,838.0,1.89,0.0,Autumn,No,Yes,University Branch,Non-Fiction,Student,Thursday,9,21,0,Hot,0
2023-09-21,14,37.0,38.2,71.0,2.4,1867.0,1.59,2.8,Autumn,No,Yes,University Branch,Business,Premium,Thursday,9,21,0,Hot,0
2023-09-21,15,39.0,36.1,72.7,0.8,1229.0,2.94,0.0,Autumn,No,Yes,Al Hamra Branch,History,Regular,Thursday,9,21,0,Hot,0
2023-09-21,16,75.0,36.4,51.0,7.9,1096.0,0.53,0.0,Autumn,No,Yes,Downtown Central,Business,Regular,Thursday,9,21,1,Hot,0
2023-09-21,18,39.0,33.8,69.0,1.1,1801.0,1.0,0.0,Autumn,No,Yes,Corniche Kiosk,Technology,Regular,Thursday,9,21,1,Warm,0
2023-09-21,19,40.0,33.2,67.5,0.7,1237.0,0.0,0.0,Autumn,No,Yes,Corniche Kiosk,History,Student,Thursday,9,21,1,Warm,0
2023-09-21,20,62.0,33.0,46.9,4.5,1188.0,0.0,0.0,Autumn,No,Yes,Downtown Central,Children,Premium,Thursday,9,21,0,Warm,0
2023-09-21,21,56.0,32.4,70.1,1.6,1150.0,0.0,0.0,Autumn,No,Yes,University Branch,Arabic Literature,Student,Thursday,9,21,0,Warm,0
2023-09-21,22,30.0,32.5,43.4,4.7,826.0,0.0,0.0,Autumn,No,Yes,Corniche Kiosk,Business,Student,Thursday,9,21,0,Warm,0
2023-09-22,8,22.0,29.8,64.6,7.9,991.0,0.88,0.0,Autumn,Yes,Yes,Corniche Kiosk,Children,Premium,Friday,9,22,0,Warm,1
2023-09-22,9,26.0,31.5,65.4,5.7,879.0,0.18,0.0,Autumn,Yes,Yes,Corniche Kiosk,History,Premium,Friday,9,22,1,Warm,1
2023-09-22,10,46.0,34.2,71.0,7.3,1377.0,1.11,0.0,Autumn,Yes,Yes,University Branch,History,Walk-In,Friday,9,22,1,Warm,1
2023-09-22,12,14.0,36.9,53.0,3.2,1158.0,3.44,1.6,Autumn,Yes,Yes,Corniche Kiosk,History,Premium,Friday,9,22,0,Hot,1
2023-09-22,14,34.0,37.2,45.9,7.7,901.0,0.05,0.0,Autumn,Yes,Yes,University Branch,Children,Premium,Friday,9,22,0,Hot,1
2023-09-22,15,22.0,35.0,53.8,0.6,988.0,3.28,0.0,Autumn,Yes,Yes,Corniche Kiosk,Children,Regular,Friday,9,22,0,Warm,1
2023-09-22,16,35.0,35.5,61.2,1.2,951.0,0.41,0.0,Autumn,Yes,Yes,Al Rawdah Branch,Fiction,Walk-In,Friday,9,22,1,Hot,1
2023-09-22,18,57.0,32.3,48.2,4.4,1391.0,0.49,0.0,Autumn,Yes,Yes,Downtown Central,Non-Fiction,Walk-In,Friday,9,22,1,Warm,1
2023-09-22,19,25.0,32.8,37.0,0.6,1479.0,0.0,0.0,Autumn,Yes,Yes,Corniche Kiosk,Non-Fiction,Walk-In,Friday,9,22,1,Warm,1
2023-09-22,21,13.0,29.6,70.8,0.6,1584.0,0.0,0.0,Autumn,Yes,Yes,Corniche Kiosk,Arabic Literature,Regular,Friday,9,22,0,Warm,1
2023-09-22,22,24.0,31.5,41.9,1.2,1720.0,0.0,0.0,Autumn,Yes,Yes,Al Rawdah Branch,Science,Premium,Friday,9,22,0,Warm,1
2023-09-23,8,37.0,29.3,50.7,7.2,810.0,0.8,0.0,Autumn,No,Yes,Al Rawdah Branch,Business,Regular,Saturday,9,23,0,Warm,1
2023-09-23,9,85.0,28.4,43.0,4.6,1030.0,2.24,0.0,Autumn,No,Yes,University Branch,Technology,Student,Saturday,9,23,1,Warm,1
2023-09-23,10,74.0,31.5,66.4,0.9,1943.0,1.87,0.0,Nan,No,Yes,Downtown Central,Non-Fiction,Regular,Saturday,9,23,1,Warm,1
2023-09-23,18,30.0,30.1,68.5,7.1,951.0,1.65,4.7,Autumn,No,Yes,Corniche Kiosk,History,Regular,Saturday,9,23,1,Warm,1
2023-09-23,19,51.0,29.1,41.4,3.1,814.0,0.0,0.0,Autumn,No,Yes,Al Hamra Branch,Technology,Walk-In,Saturday,9,23,1,Warm,1
2023-09-23,20,64.0,27.5,39.2,3.8,981.0,0.0,0.0,Autumn,No,Yes,Downtown Central,Business,Student,Saturday,9,23,0,Warm,1
2023-09-23,22,36.0,32.2,73.3,2.6,961.0,0.0,0.0,Autumn,No,Yes,Al Hamra Branch,Fiction,Student,Saturday,9,23,0,Warm,1
2023-09-24,8,21.0,25.8,53.7,7.3,1798.0,0.08,0.0,Autumn,No,Yes,Corniche Kiosk,Fiction,Walk-In,Sunday,9,24,0,Warm,0
2023-09-24,10,44.0,28.4,56.2,5.7,1159.0,2.68,0.0,Autumn,No,Yes,University Branch,Business,Walk-In,Sunday,9,24,1,Warm,0
2023-09-24,11,41.0,29.6,43.2,7.4,837.0,2.76,0.0,Autumn,No,Yes,Corniche Kiosk,Science,Premium,Sunday,9,24,1,Warm,0
2023-09-24,12,35.0,32.2,42.4,3.8,1364.0,2.13,0.0,Autumn,No,Yes,Corniche Kiosk,History,Premium,Sunday,9,24,0,Warm,0
2023-09-24,13,56.0,32.7,46.0,1.8,1811.0,0.23,0.0,Autumn,No,Yes,Downtown Central,Arabic Literature,Walk-In,Sunday,9,24,0,Warm,0
2023-09-24,14,62.0,32.5,55.8,0.5,933.0,2.9,0.0,Autumn,No,Yes,Al Rawdah Branch,Non-Fiction,Student,Sunday,9,24,0,Warm,0
2023-09-24,15,48.0,31.1,58.9,1.1,1364.0,1.6,0.0,Autumn,No,Yes,Al Rawdah Branch,History,Walk-In,Sunday,9,24,0,Warm,0
2023-09-24,16,91.0,30.4,41.2,3.9,1797.0,1.19,0.0,Autumn,No,Yes,University Branch,Business,Regular,Sunday,9,24,1,Warm,0
2023-09-24,17,92.0,28.8,40.6,3.1,1918.0,2.22,0.0,Autumn,No,Yes,University Branch,Fiction,Regular,Sunday,9,24,1,Warm,0
2023-09-24,19,97.0,28.4,39.6,4.8,1098.0,0.0,0.0,Autumn,No,Yes,Downtown Central,History,Premium,Sunday,9,24,1,Warm,0
2023-09-24,20,49.0,27.1,58.2,4.3,1667.0,0.0,0.0,Autumn,No,Yes,University Branch,History,Walk-In,Sunday,9,24,0,Warm,0
2023-09-24,22,30.0,27.1,50.4,7.9,1254.0,0.0,0.0,Autumn,No,Yes,Corniche Kiosk,Fiction,Regular,Sunday,9,24,0,Warm,0
2023-09-25,10,58.0,33.4,69.2,5.8,1347.0,1.39,0.0,Autumn,Yes,Yes,Downtown Central,Non-Fiction,Walk-In,Monday,9,25,1,Warm,0
2023-09-25,11,59.0,32.4,46.7,7.4,1280.0,1.19,0.0,Autumn,Yes,Yes,Downtown Central,Non-Fiction,Walk-In,Monday,9,25,1,Warm,0
2023-09-25,14,53.0,35.7,53.0,5.0,1203.0,1.38,0.0,Autumn,Yes,Yes,University Branch,Science,Student,Monday,9,25,0,Hot,0
2023-09-25,15,55.0,36.3,51.6,5.2,1009.0,1.85,0.0,Autumn,Yes,Yes,Downtown Central,Science,Student,Monday,9,25,0,Hot,0
2023-09-25,16,61.0,36.7,56.7,8.0,1136.0,2.29,0.0,Autumn,Yes,Yes,University Branch,Children,Regular,Monday,9,25,1,Hot,0
2023-09-25,19,38.0,33.4,74.9,0.6,819.0,0.0,0.0,Autumn,Yes,Yes,Al Rawdah Branch,Technology,Walk-In,Monday,9,25,1,Warm,0
2023-09-25,20,31.0,30.2,53.7,5.1,1564.0,0.0,0.0,Autumn,Yes,Yes,Corniche Kiosk,Fiction,Student,Monday,9,25,0,Warm,0
2023-09-25,22,35.0,30.5,63.5,2.8,966.0,0.0,0.0,Autumn,Yes,Yes,Al Rawdah Branch,History,Premium,Monday,9,25,0,Warm,0
2023-09-26,9,63.0,27.5,69.5,2.3,1658.0,0.47,0.0,Autumn,No,Yes,Downtown Central,Children,Walk-In,Tuesday,9,26,1,Warm,0
2023-09-26,10,94.0,30.7,38.3,1.4,1776.0,3.12,0.0,Autumn,No,Yes,Downtown Central,Children,Regular,Tuesday,9,26,1,Warm,0
2023-09-26,11,50.0,30.5,78.3,3.0,1115.0,1.29,0.0,Autumn,No,Yes,Al Rawdah Branch,History,Walk-In,Tuesday,9,26,1,Warm,0
2023-09-26,14,17.0,32.8,50.2,6.1,1744.0,0.1,0.0,Autumn,No,Yes,Corniche Kiosk,Technology,Walk-In,Tuesday,9,26,0,Warm,0
2023-09-26,16,41.0,33.4,46.0,3.1,848.0,2.29,0.0,Autumn,No,Yes,Corniche Kiosk,Fiction,Premium,Tuesday,9,26,1,Warm,0
2023-09-26,17,35.0,28.0,38.5,1.6,945.0,3.24,0.0,Autumn,No,Yes,Corniche Kiosk,Non-Fiction,Walk-In,Tuesday,9,26,1,Warm,0
2023-09-26,18,95.0,30.0,52.0,3.3,1694.0,2.86,0.0,Autumn,No,Yes,Downtown Central,Business,Regular,Tuesday,9,26,1,Warm,0
2023-09-26,19,93.0,30.2,48.7,4.4,1640.0,0.0,0.0,Autumn,No,Yes,Downtown Central,Technology,Regular,Tuesday,9,26,1,Warm,0
2023-09-26,20,47.0,28.4,54.4,6.1,1657.0,0.0,0.0,Autumn,No,Yes,Al Hamra Branch,Non-Fiction,Student,Tuesday,9,26,0,Warm,0
2023-09-26,21,23.0,26.6,69.1,2.9,1521.0,0.0,0.0,Autumn,No,Yes,Corniche Kiosk,Children,Regular,Tuesday,9,26,0,Warm,0
2023-09-26,22,21.0,27.4,69.0,1.5,1525.0,0.0,0.0,Autumn,No,Yes,Al Hamra Branch,Business,Walk-In,Tuesday,9,26,0,Warm,0
2023-09-27,10,62.0,32.8,54.5,4.5,1894.0,1.09,0.0,Autumn,No,Yes,Al Hamra Branch,History,Student,Wednesday,9,27,1,Warm,0
2023-09-27,12,58.0,35.7,50.1,5.7,1271.0,0.92,0.0,Autumn,No,Yes,University Branch,Business,Premium,Wednesday,9,27,0,Hot,0
2023-09-27,14,41.0,34.4,61.3,3.9,943.0,1.51,0.0,Autumn,Yes,Yes,Al Rawdah Branch,Science,Walk-In,Wednesday,9,27,0,Warm,0
2023-09-27,15,57.0,36.0,59.4,6.2,1435.0,3.37,0.0,Autumn,No,Yes,Downtown Central,Science,Walk-In,Wednesday,9,27,0,Hot,0
2023-09-27,16,36.0,35.5,75.7,3.6,947.0,2.56,0.0,Autumn,No,Yes,Corniche Kiosk,Business,Student,Wednesday,9,27,1,Hot,0
2023-09-27,18,82.0,32.2,50.2,6.2,1155.0,3.07,0.0,Autumn,No,Yes,Al Rawdah Branch,Business,Premium,Wednesday,9,27,1,Warm,0
2023-09-27,19,99.0,31.7,42.8,5.2,1460.0,0.0,0.0,Autumn,No,Yes,University Branch,Children,Student,Wednesday,9,27,1,Warm,0
2023-09-27,20,31.0,29.4,76.1,1.4,1122.0,0.0,0.0,Nan,No,Yes,Al Hamra Branch,Business,Walk-In,Wednesday,9,27,0,Warm,0
2023-09-27,21,45.0,30.3,64.5,2.2,1628.0,0.0,0.0,Autumn,No,Yes,Downtown Central,Arabic Literature,Walk-In,Wednesday,9,27,0,Warm,0
2023-09-27,22,34.0,31.5,60.0,3.9,1083.0,0.0,0.0,Autumn,No,Yes,Al Hamra Branch,Science,Premium,Wednesday,9,27,0,Warm,0
2023-09-28,9,71.0,27.8,62.9,6.8,1399.0,3.06,0.0,Autumn,No,Yes,Al Rawdah Branch,Arabic Literature,Premium,Thursday,9,28,1,Warm,0
2023-09-28,10,45.0,31.3,38.3,5.9,1874.0,2.6,0.0,Autumn,No,Yes,Corniche Kiosk,Business,Student,Thursday,9,28,1,Warm,0
2023-09-28,11,111.0,31.7,42.9,3.0,1408.0,2.63,0.0,Autumn,No,Yes,Downtown Central,Children,Student,Thursday,9,28,1,Warm,0
2023-09-28,13,71.0,34.5,55.5,5.5,1261.0,2.97,0.0,Autumn,No,Yes,Downtown Central,Fiction,Regular,Thursday,9,28,0,Warm,0
2023-09-28,14,53.0,35.0,56.8,4.1,1230.0,0.54,3.4,Autumn,No,Yes,University Branch,Science,Student,Thursday,9,28,0,Warm,0
2023-09-28,16,33.0,34.3,69.8,0.7,1346.0,0.19,0.0,Autumn,No,Yes,Corniche Kiosk,Business,Premium,Thursday,9,28,1,Warm,0
2023-09-28,17,62.0,31.8,70.1,7.6,950.0,2.95,0.0,Autumn,No,Yes,Al Rawdah Branch,History,Walk-In,Thursday,9,28,1,Warm,0
2023-09-28,18,82.0,30.9,49.3,2.3,844.0,1.38,0.0,Autumn,No,Yes,Downtown Central,Technology,Walk-In,Thursday,9,28,1,Warm,0
2023-09-28,19,40.0,30.8,43.5,4.4,1878.0,0.0,0.0,Autumn,No,Yes,Corniche Kiosk,Business,Regular,Thursday,9,28,1,Warm,0
2023-09-28,20,23.0,27.6,74.2,7.4,1377.0,1.085,0.0,Autumn,No,Yes,Corniche Kiosk,Non-Fiction,Premium,Thursday,9,28,0,Warm,0
2023-09-28,21,22.0,30.0,53.3,1.1,1949.0,0.0,0.0,Autumn,No,Yes,Corniche Kiosk,Science,Walk-In,Thursday,9,28,0,Warm,0
2023-09-29,10,74.0,33.3,53.9,5.0,1819.0,1.62,0.0,Autumn,Yes,Yes,Downtown Central,Non-Fiction,Student,Friday,9,29,1,Warm,1
2023-09-29,12,36.0,35.5,51.2,7.8,1361.0,0.71,0.0,Autumn,Yes,Yes,University Branch,Arabic Literature,Regular,Friday,9,29,0,Hot,1
2023-09-29,15,47.0,35.8,63.0,3.9,1577.0,2.41,0.0,Autumn,Yes,Yes,Downtown Central,Non-Fiction,Premium,Friday,9,29,0,Hot,1
2023-09-29,16,66.0,35.3,65.8,3.1,1431.0,3.29,0.0,Autumn,Yes,Yes,Downtown Central,Children,Regular,Friday,9,29,1,Hot,1
2023-09-29,18,80.0,33.5,44.4,6.0,1828.0,1.89,0.0,Autumn,Yes,Yes,University Branch,History,Student,Friday,9,29,1,Warm,1
2023-09-29,19,72.0,32.2,64.2,1.3,1197.0,0.0,0.0,Autumn,Yes,Yes,Downtown Central,Fiction,Premium,Friday,9,29,1,Warm,1
2023-09-29,20,23.0,32.9,65.7,4.5,814.0,0.0,0.0,Autumn,Yes,Yes,Al Hamra Branch,Science,Premium,Friday,9,29,0,Warm,1
2023-09-29,22,21.0,32.2,69.4,0.6,1280.0,0.0,0.0,Autumn,Yes,Yes,Al Rawdah Branch,Science,Walk-In,Friday,9,29,0,Warm,1
2023-09-30,9,75.0,30.9,65.1,3.1,1732.0,1.79,0.0,Autumn,No,Yes,Downtown Central,Non-Fiction,Regular,Saturday,9,30,1,Warm,1
2023-09-30,11,38.0,34.9,66.8,6.5,1673.0,2.7,0.0,Autumn,No,Yes,Al Hamra Branch,Children,Walk-In,Saturday,9,30,1,Warm,1
2023-09-30,13,35.0,38.0,74.6,6.2,1330.0,0.74,0.0,Autumn,No,Yes,Al Rawdah Branch,Science,Student,Saturday,9,30,0,Hot,1
2023-09-30,14,56.0,35.1,41.5,0.5,1206.0,1.76,0.0,Autumn,No,Yes,Downtown Central,Science,Regular,Saturday,9,30,0,Hot,1
2023-09-30,15,66.0,36.0,54.7,3.1,1970.0,2.16,0.0,Autumn,No,Yes,University Branch,Arabic Literature,Student,Saturday,9,30,0,Hot,1
2023-09-30,16,54.0,37.7,48.1,6.3,1539.0,1.09,0.0,Autumn,No,Yes,Al Rawdah Branch,Non-Fiction,Premium,Saturday,9,30,1,Hot,1
2023-09-30,21,32.0,30.9,69.7,4.5,1732.0,0.0,0.0,Autumn,No,Yes,Al Hamra Branch,Arabic Literature,Student,Saturday,9,30,0,Warm,1
2023-09-30,22,46.0,32.8,65.8,6.8,1918.0,0.0,0.0,Autumn,No,Yes,Downtown Central,History,Nan,Saturday,9,30,0,Warm,1
2023-10-01,10,52.0,28.4,52.7,3.9,1784.0,3.12,0.0,Autumn,No,Yes,Al Hamra Branch,Non-Fiction,Walk-In,Sunday,10,1,1,Warm,0
2023-10-01,11,61.0,28.1,60.7,5.9,1387.0,0.02,0.0,Autumn,No,Yes,Al Rawdah Branch,Arabic Literature,Regular,Sunday,10,1,1,Warm,0
2023-10-01,12,77.0,31.4,63.0,4.3,819.0,2.71,0.0,Autumn,No,Yes,Downtown Central,Technology,Premium,Sunday,10,1,0,Warm,0
2023-10-01,13,75.0,31.6,48.3,2.8,973.0,0.27,0.0,Autumn,No,Yes,University Branch,Science,Student,Sunday,10,1,0,Warm,0
2023-10-01,14,27.0,33.0,75.3,6.3,1544.0,1.69,0.0,Autumn,No,Yes,Corniche Kiosk,Non-Fiction,Walk-In,Sunday,10,1,0,Warm,0
2023-10-01,15,32.0,31.4,43.6,1.5,1639.0,2.2,0.0,Autumn,No,Yes,Corniche Kiosk,Science,Regular,Sunday,10,1,0,Warm,0
2023-10-01,18,61.0,27.4,59.0,1.8,1774.0,1.82,0.0,Autumn,No,Yes,Al Hamra Branch,Children,Regular,Sunday,10,1,1,Warm,0
2023-10-01,19,70.0,29.1,70.2,5.9,1452.0,1.085,0.0,Autumn,No,Yes,Al Hamra Branch,Science,Student,Sunday,10,1,1,Warm,0
2023-10-01,20,70.0,27.1,51.9,2.8,1019.0,0.0,0.0,Autumn,No,Yes,University Branch,Business,Student,Sunday,10,1,0,Warm,0
2023-10-01,21,32.0,25.7,68.6,4.8,1036.0,0.0,0.0,Autumn,No,Yes,Al Rawdah Branch,Non-Fiction,Regular,Sunday,10,1,0,Warm,0
2023-10-01,22,50.0,26.0,64.8,3.0,821.0,0.0,0.0,Autumn,No,Yes,University Branch,Arabic Literature,Regular,Sunday,10,1,0,Warm,0
2023-10-02,9,31.0,33.5,63.9,0.9,1665.0,1.0,0.0,Autumn,No,Yes,Corniche Kiosk,History,Regular,Monday,10,2,1,Warm,0
2023-10-02,11,72.0,34.2,70.6,6.2,1642.0,1.12,0.0,Autumn,No,Yes,Downtown Central,Technology,Regular,Monday,10,2,1,Warm,0
2023-10-02,12,45.0,39.2,67.5,5.4,1663.0,2.72,0.0,Autumn,No,Yes,Al Rawdah Branch,Arabic Literature,Student,Monday,10,2,0,Hot,0
2023-10-02,16,65.0,37.4,63.2,6.3,834.0,2.74,0.0,Autumn,No,Yes,Downtown Central,Technology,Walk-In,Monday,10,2,1,Hot,0
2023-10-02,18,44.0,35.1,71.6,7.3,1972.0,2.94,0.0,Autumn,No,Yes,Corniche Kiosk,History,Student,Monday,10,2,1,Hot,0
2023-10-02,19,57.0,35.3,43.2,2.1,1180.0,0.0,0.0,Autumn,No,Yes,Al Rawdah Branch,Business,Regular,Monday,10,2,1,Hot,0
2023-10-02,20,21.0,33.1,67.1,1.9,812.0,0.0,0.0,Autumn,No,Yes,Corniche Kiosk,History,Walk-In,Monday,10,2,0,Warm,0
2023-10-02,22,54.0,33.4,50.8,5.8,1697.0,0.0,0.0,Autumn,No,Yes,Downtown Central,Fiction,Student,Monday,10,2,0,Warm,0
2023-10-03,9,49.0,31.7,76.6,3.4,918.0,1.83,0.0,Autumn,No,Yes,Al Rawdah Branch,Children,Walk-In,Tuesday,10,3,1,Warm,0
2023-10-03,12,59.0,38.2,55.8,0.7,1689.0,2.38,0.0,Autumn,No,Yes,Downtown Central,History,Premium,Tuesday,10,3,0,Hot,0
2023-10-03,13,20.0,36.5,54.9,1.6,1717.0,0.78,0.0,Autumn,No,Yes,Corniche Kiosk,Science,Regular,Tuesday,10,3,0,Hot,0
2023-10-03,14,51.0,38.3,53.6,6.5,1412.0,0.52,0.0,Autumn,No,Yes,Downtown Central,Science,Premium,Tuesday,10,3,0,Hot,0
2023-10-03,15,36.0,38.4,56.6,6.2,1953.0,2.91,0.0,Autumn,No,Yes,Al Hamra Branch,History,Premium,Tuesday,10,3,0,Hot,0
2023-10-03,16,31.0,38.5,47.3,1.9,1901.0,3.42,0.0,Autumn,No,Yes,Corniche Kiosk,Non-Fiction,Regular,Tuesday,10,3,1,Hot,0
2023-10-03,19,76.0,36.0,69.7,1.7,1772.0,0.0,0.0,Autumn,No,Yes,University Branch,History,Premium,Tuesday,10,3,1,Hot,0
2023-10-03,20,63.0,32.3,45.0,2.2,1399.0,0.0,0.0,Autumn,No,Yes,University Branch,Children,Premium,Tuesday,10,3,0,Warm,0
2023-10-04,9,74.0,27.0,57.3,2.9,1816.0,1.05,0.0,Nan,No,Yes,Downtown Central,Fiction,Walk-In,Wednesday,10,4,1,Warm,0
2023-10-04,15,62.0,30.8,72.8,5.3,1382.0,1.62,0.0,Autumn,No,Yes,Downtown Central,Arabic Literature,Walk-In,Wednesday,10,4,0,Warm,0
2023-10-04,17,62.0,29.3,61.7,1.3,1944.0,2.39,0.0,Autumn,No,Yes,Al Hamra Branch,Children,Regular,Wednesday,10,4,1,Warm,0
2023-10-04,18,96.0,28.0,64.1,5.9,939.0,1.97,0.0,Autumn,No,Yes,University Branch,Children,Premium,Wednesday,10,4,1,Warm,0
2023-10-04,20,33.0,28.2,67.8,0.7,860.0,0.0,0.0,Autumn,No,Yes,Corniche Kiosk,Science,Student,Wednesday,10,4,0,Warm,0
2023-10-04,22,51.0,26.3,71.3,1.7,943.0,0.0,0.0,Autumn,No,Yes,Downtown Central,Children,Regular,Wednesday,10,4,0,Warm,0
2023-10-05,9,92.0,29.2,52.3,6.6,1742.0,1.07,0.0,Autumn,No,Yes,Downtown Central,Technology,Premium,Thursday,10,5,1,Warm,0
2023-10-05,10,33.0,31.0,73.6,6.8,1326.0,2.15,0.0,Autumn,No,Yes,Corniche Kiosk,Fiction,Regular,Thursday,10,5,1,Warm,0
2023-10-05,12,31.0,34.8,66.9,3.8,1188.0,1.6,0.0,Autumn,No,Yes,Corniche Kiosk,Non-Fiction,Premium,Thursday,10,5,0,Warm,0
2023-10-05,13,50.0,32.4,51.7,4.0,1056.0,1.45,1.5,Autumn,No,Yes,Al Rawdah Branch,History,Student,Thursday,10,5,0,Warm,0
2023-10-05,14,84.0,33.1,53.1,5.0,1585.0,0.76,0.0,Autumn,No,Yes,Downtown Central,History,Student,Thursday,10,5,0,Warm,0
2023-10-05,15,89.0,32.2,55.3,3.5,1936.0,2.76,0.0,Autumn,No,Yes,Downtown Central,Fiction,Student,Thursday,10,5,0,Warm,0
2023-10-05,17,97.0,32.2,49.8,1.0,1771.0,3.12,0.0,Autumn,No,Yes,Downtown Central,Non-Fiction,Regular,Thursday,10,5,1,Warm,0
2023-10-05,21,40.0,27.9,64.8,6.0,1139.0,0.0,0.0,Autumn,No,Yes,Al Hamra Branch,Non-Fiction,Premium,Thursday,10,5,0,Warm,0
2023-10-06,9,70.0,26.6,40.7,5.7,1948.0,2.98,0.0,Autumn,Yes,Yes,Downtown Central,History,Regular,Friday,10,6,1,Warm,1
2023-10-06,10,78.0,27.9,60.0,4.8,958.0,2.7,0.0,Autumn,Yes,Yes,Downtown Central,Fiction,Premium,Friday,10,6,1,Warm,1
2023-10-06,12,55.0,33.1,68.6,1.7,944.0,1.15,0.0,Autumn,Yes,Yes,Downtown Central,History,Student,Friday,10,6,0,Warm,1
2023-10-06,13,23.0,32.4,62.8,1.3,1358.0,0.41,0.0,Autumn,Yes,Yes,Al Hamra Branch,Science,Walk-In,Friday,10,6,0,Warm,1
2023-10-06,14,34.0,30.9,64.7,0.9,1544.0,0.42,0.0,Nan,Yes,Yes,Al Rawdah Branch,Non-Fiction,Regular,Friday,10,6,0,Warm,1
2023-10-06,15,32.0,30.6,72.7,4.1,1939.0,2.2,0.0,Autumn,Yes,Yes,Al Rawdah Branch,Non-Fiction,Walk-In,Friday,10,6,0,Warm,1
2023-10-06,16,53.0,32.1,66.3,4.4,1584.0,2.75,0.0,Autumn,Yes,Yes,Al Hamra Branch,Science,Premium,Friday,10,6,1,Warm,1
2023-10-06,18,84.0,30.3,60.3,7.6,1212.0,0.6,0.0,Autumn,Yes,Yes,Downtown Central,Business,Student,Friday,10,6,1,Warm,1
2023-10-06,19,56.0,28.6,74.0,6.8,1859.0,0.0,0.0,Autumn,Yes,Yes,Al Rawdah Branch,Technology,Student,Friday,10,6,1,Warm,1
2023-10-06,21,17.0,26.7,53.7,5.2,813.0,0.0,0.0,Autumn,Yes,Yes,Corniche Kiosk,Business,Premium,Friday,10,6,0,Warm,1
2023-10-06,22,33.0,27.8,56.3,7.5,1536.0,0.0,0.0,Autumn,Yes,Yes,University Branch,Technology,Regular,Friday,10,6,0,Warm,1
2023-10-07,9,97.0,31.6,67.4,2.8,1575.0,3.19,0.0,Autumn,No,Yes,Downtown Central,Technology,Student,Saturday,10,7,1,Warm,1
2023-10-07,12,51.0,37.7,43.1,2.5,1343.0,1.085,0.0,Autumn,No,Yes,University Branch,Science,Regular,Saturday,10,7,0,Hot,1
2023-10-07,13,61.0,36.9,72.5,6.1,979.0,3.1,0.0,Autumn,No,Yes,Downtown Central,Arabic Literature,Premium,Saturday,10,7,0,Hot,1
2023-10-07,14,47.0,37.8,56.6,6.4,1095.0,0.87,0.0,Autumn,No,Yes,University Branch,Technology,Student,Saturday,10,7,0,Hot,1
2023-10-07,15,25.0,37.1,66.1,6.4,1288.0,1.19,0.0,Autumn,No,Yes,Al Hamra Branch,History,Walk-In,Saturday,10,7,0,Hot,1
2023-10-07,16,62.0,37.8,59.3,6.6,832.0,0.86,0.0,Autumn,No,Yes,University Branch,Fiction,Regular,Saturday,10,7,1,Hot,1
2023-10-07,18,64.0,33.1,69.9,2.9,1288.0,0.21,0.0,Autumn,No,Yes,Downtown Central,Business,Walk-In,Saturday,10,7,1,Warm,1
2023-10-07,19,49.0,33.1,66.1,7.0,828.0,0.0,0.0,Autumn,No,Yes,Al Rawdah Branch,Arabic Literature,Walk-In,Saturday,10,7,1,Warm,1
2023-10-07,20,53.0,31.8,61.2,3.9,1727.0,0.0,0.0,Autumn,No,Yes,Downtown Central,Science,Premium,Saturday,10,7,0,Warm,1
2023-10-07,21,32.0,32.2,71.6,0.9,1646.0,0.0,0.0,Autumn,No,Yes,Al Hamra Branch,History,Premium,Saturday,10,7,0,Warm,1
2023-10-08,9,68.0,25.7,78.2,1.1,1042.0,0.16,0.0,Autumn,No,Yes,Al Rawdah Branch,Children,Student,Sunday,10,8,1,Warm,0
2023-10-08,10,64.0,28.5,71.9,6.6,1580.0,0.86,0.0,Autumn,No,Yes,Al Rawdah Branch,Non-Fiction,Premium,Sunday,10,8,1,Warm,0
2023-10-08,11,39.0,27.8,53.4,3.1,1769.0,2.03,0.0,Autumn,No,Yes,Corniche Kiosk,Business,Regular,Sunday,10,8,1,Warm,0
2023-10-08,12,44.0,32.6,65.2,1.5,1047.0,1.11,0.0,Autumn,No,Yes,Al Hamra Branch,Non-Fiction,Regular,Sunday,10,8,0,Warm,0
2023-10-08,15,64.0,32.6,69.3,5.1,1385.0,2.81,0.0,Autumn,No,Yes,University Branch,Arabic Literature,Student,Sunday,10,8,0,Warm,0
2023-10-08,16,110.0,32.0,73.0,1.4,1434.0,1.95,0.0,Autumn,No,Yes,Downtown Central,Technology,Student,Sunday,10,8,1,Warm,0
2023-10-09,8,49.0,32.5,55.2,5.0,1812.0,0.91,0.0,Autumn,No,Yes,Al Rawdah Branch,Science,Student,Monday,10,9,0,Warm,0
2023-10-09,9,40.0,34.5,47.6,7.3,1331.0,2.61,0.0,Autumn,No,Yes,Corniche Kiosk,Business,Student,Monday,10,9,1,Warm,0
2023-10-09,10,53.0,35.2,48.4,1.6,1692.0,3.2,0.0,Autumn,No,Yes,Al Rawdah Branch,Science,Regular,Monday,10,9,1,Hot,0
2023-10-09,13,29.0,38.6,46.6,2.2,1171.0,1.35,0.0,Autumn,No,Yes,Al Hamra Branch,Arabic Literature,Walk-In,Monday,10,9,0,Hot,0
2023-10-09,14,37.0,38.3,62.2,7.9,815.0,0.48,0.0,Autumn,No,Yes,Al Hamra Branch,Science,Premium,Monday,10,9,0,Hot,0
2023-10-09,15,74.0,37.0,46.1,3.0,1437.0,3.16,0.0,Autumn,No,Yes,University Branch,Fiction,Student,Monday,10,9,0,Hot,0
2023-10-09,17,47.0,35.2,65.8,2.7,1843.0,1.12,0.0,Autumn,No,Yes,Al Rawdah Branch,Children,Walk-In,Monday,10,9,1,Hot,0
2023-10-09,19,68.0,34.9,44.1,6.4,1664.0,0.0,0.0,Autumn,No,Yes,Al Rawdah Branch,Science,Student,Monday,10,9,1,Warm,0
2023-10-09,20,57.0,33.7,41.3,2.8,1026.0,0.0,0.0,Autumn,No,Yes,Downtown Central,Arabic Literature,Regular,Monday,10,9,0,Warm,0
2023-10-09,21,58.0,32.4,60.2,5.2,947.0,0.0,0.0,Autumn,No,Yes,Downtown Central,Non-Fiction,Student,Monday,10,9,0,Warm,0
2023-10-09,22,41.0,33.2,56.8,7.2,1818.0,0.0,0.0,Autumn,No,Yes,Al Hamra Branch,Fiction,Student,Monday,10,9,0,Warm,0
2023-10-10,11,78.0,32.2,49.0,7.9,1701.0,1.14,0.0,Autumn,No,Yes,Downtown Central,Arabic Literature,Premium,Tuesday,10,10,1,Warm,0
2023-10-10,13,31.0,40.6,40.3,6.6,1069.0,0.57,0.0,Autumn,No,Yes,Al Rawdah Branch,History,Premium,Tuesday,10,10,0,Hot,0
2023-10-10,17,62.0,36.3,76.0,1.8,1952.0,3.19,0.0,Autumn,No,Yes,Al Rawdah Branch,Technology,Premium,Tuesday,10,10,1,Hot,0
2023-10-10,19,52.0,38.0,73.1,1.1,1709.0,0.0,0.0,Autumn,No,Yes,Al Rawdah Branch,Children,Premium,Tuesday,10,10,1,Hot,0
2023-10-10,20,49.0,35.4,69.2,6.6,1116.0,0.0,0.0,Autumn,No,Yes,University Branch,Non-Fiction,Premium,Tuesday,10,10,0,Hot,0
2023-10-10,21,22.0,35.1,49.5,1.9,1306.0,0.0,0.0,Autumn,No,Yes,Corniche Kiosk,History,Regular,Tuesday,10,10,0,Hot,0
2023-10-10,22,40.0,35.6,60.6,4.5,1810.0,0.0,0.0,Autumn,No,Yes,University Branch,Science,Regular,Tuesday,10,10,0,Hot,0
2023-10-11,8,34.0,28.0,66.7,3.3,826.0,1.63,4.1,Autumn,No,Yes,Al Rawdah Branch,Fiction,Walk-In,Wednesday,10,11,0,Warm,0
2023-10-11,9,50.0,29.0,45.0,3.1,848.0,1.92,0.0,Autumn,No,Yes,Al Rawdah Branch,Non-Fiction,Walk-In,Wednesday,10,11,1,Warm,0
2023-10-11,11,39.0,29.4,39.2,2.3,1709.0,1.12,0.0,Autumn,No,Yes,Corniche Kiosk,Business,Premium,Wednesday,10,11,1,Warm,0
2023-10-11,14,72.0,34.4,71.8,6.4,1688.0,0.49,0.0,Autumn,No,Yes,University Branch,Arabic Literature,Student,Wednesday,10,11,0,Warm,0
2023-10-11,15,22.0,33.2,62.7,2.3,1361.0,1.27,0.0,Autumn,No,Yes,Corniche Kiosk,Technology,Regular,Wednesday,10,11,0,Warm,0
2023-10-11,17,77.0,32.2,47.8,4.4,824.0,1.13,0.0,Autumn,No,Yes,Downtown Central,Science,Walk-In,Wednesday,10,11,1,Warm,0
2023-10-11,18,117.0,32.2,47.8,0.9,914.0,1.85,0.0,Autumn,No,Yes,Downtown Central,Arabic Literature,Student,Wednesday,10,11,1,Warm,0
2023-10-11,19,57.0,29.5,60.2,5.3,1466.0,0.0,0.0,Autumn,No,Yes,Al Hamra Branch,Non-Fiction,Premium,Wednesday,10,11,1,Warm,0
2023-10-11,20,74.0,28.8,45.1,3.5,1072.0,0.0,0.0,Autumn,No,Yes,Downtown Central,Business,Nan,Wednesday,10,11,0,Warm,0
2023-10-12,8,39.0,30.1,42.5,4.0,1097.0,1.56,0.0,Autumn,Yes,Yes,Al Hamra Branch,Business,Premium,Thursday,10,12,0,Warm,0
2023-10-12,12,60.0,35.9,55.9,4.1,1502.0,3.09,0.0,Autumn,Yes,Yes,University Branch,Children,Student,Thursday,10,12,0,Hot,0
2023-10-12,13,58.0,34.3,57.8,4.9,1891.0,0.86,0.0,Autumn,Yes,Yes,Downtown Central,Non-Fiction,Student,Thursday,10,12,0,Warm,0
2023-10-12,14,30.0,34.4,62.0,2.9,949.0,3.18,0.0,Autumn,Yes,Yes,Al Hamra Branch,Children,Walk-In,Thursday,10,12,0,Warm,0
2023-10-12,15,39.0,35.6,62.4,4.9,1544.0,0.99,0.0,Autumn,Yes,Yes,University Branch,Technology,Regular,Thursday,10,12,0,Hot,0
2023-10-12,17,62.0,32.9,67.8,0.5,1300.0,2.94,4.6,Autumn,Yes,Yes,University Branch,Arabic Literature,Regular,Thursday,10,12,1,Warm,0
2023-10-12,18,41.0,32.2,53.3,4.4,944.0,1.92,4.9,Autumn,Yes,Yes,Al Hamra Branch,History,Walk-In,Thursday,10,12,1,Warm,0
2023-10-12,19,34.0,31.1,65.3,7.0,1153.0,0.0,0.0,Autumn,Yes,Yes,Corniche Kiosk,Science,Regular,Thursday,10,12,1,Warm,0
2023-10-12,20,17.0,30.8,68.6,5.9,1292.0,0.0,0.0,Autumn,Yes,Yes,Corniche Kiosk,Fiction,Premium,Thursday,10,12,0,Warm,0
2023-10-12,21,51.0,29.9,65.9,6.3,1864.0,0.0,0.0,Autumn,Yes,Yes,University Branch,Arabic Literature,Student,Thursday,10,12,0,Warm,0
2023-10-13,9,28.0,29.2,70.5,1.4,1018.0,2.05,0.0,Autumn,Yes,Yes,Corniche Kiosk,Non-Fiction,Regular,Friday,10,13,1,Warm,1
2023-10-13,10,38.0,30.2,43.0,3.9,1370.0,3.05,0.0,Autumn,Yes,Yes,Corniche Kiosk,Business,Student,Friday,10,13,1,Warm,1
2023-10-13,12,30.0,34.8,64.5,1.6,1388.0,2.08,0.0,Autumn,Yes,Yes,Al Rawdah Branch,Fiction,Premium,Friday,10,13,0,Warm,1
2023-10-13,13,48.0,32.9,53.0,3.1,921.0,2.09,0.0,Autumn,Yes,Yes,University Branch,Non-Fiction,Premium,Friday,10,13,0,Warm,1
2023-10-13,18,33.0,31.1,48.8,2.6,919.0,3.24,0.0,Autumn,Yes,Yes,Corniche Kiosk,Fiction,Regular,Friday,10,13,1,Warm,1
2023-10-13,19,42.0,30.9,41.4,1.6,1653.0,0.0,1.5,Autumn,Yes,Yes,Al Hamra Branch,Non-Fiction,Student,Friday,10,13,1,Warm,1
2023-10-13,20,18.0,30.5,65.9,5.0,1614.0,0.0,0.0,Autumn,Yes,Yes,Corniche Kiosk,Science,Regular,Friday,10,13,0,Warm,1
2023-10-13,21,29.0,32.2,53.1,1.0,1294.0,0.0,0.0,Autumn,Yes,Yes,Al Rawdah Branch,Children,Regular,Friday,10,13,0,Warm,1
2023-10-13,22,21.0,28.7,51.1,5.5,1749.0,0.0,0.0,Autumn,Yes,Yes,Al Rawdah Branch,Children,Regular,Friday,10,13,0,Warm,1
2023-10-14,9,58.0,29.1,48.1,2.1,1489.0,0.39,0.0,Autumn,No,Yes,Al Rawdah Branch,Science,Regular,Saturday,10,14,1,Warm,1
2023-10-14,12,20.0,36.5,51.9,4.6,1268.0,0.84,0.0,Autumn,No,Yes,Corniche Kiosk,Science,Premium,Saturday,10,14,0,Hot,1
2023-10-14,13,42.0,34.2,63.8,1.9,1430.0,2.74,0.0,Autumn,No,Yes,Al Hamra Branch,Children,Premium,Saturday,10,14,0,Warm,1
2023-10-14,14,40.0,36.1,42.0,4.0,1966.0,2.24,0.0,Autumn,No,Yes,Al Hamra Branch,Fiction,Premium,Saturday,10,14,0,Hot,1
2023-10-14,15,44.0,35.8,52.4,6.4,1143.0,1.21,0.0,Autumn,No,Yes,Downtown Central,Technology,Walk-In,Saturday,10,14,0,Hot,1
2023-10-14,17,60.0,31.2,75.0,7.6,997.0,2.81,0.0,Autumn,No,Yes,Al Rawdah Branch,Arabic Literature,Regular,Saturday,10,14,1,Warm,1
2023-10-14,20,32.0,28.9,45.6,5.7,1559.0,0.0,0.9,Autumn,No,Yes,Al Rawdah Branch,Fiction,Regular,Saturday,10,14,0,Warm,1
2023-10-16,9,90.0,32.7,54.6,3.0,1294.0,2.34,0.0,Autumn,No,Yes,Downtown Central,Business,Premium,Monday,10,16,1,Warm,0
2023-10-16,10,68.0,33.2,76.0,2.7,1836.0,1.89,0.0,Autumn,No,Yes,Downtown Central,Fiction,Walk-In,Monday,10,16,1,Warm,0
2023-10-16,12,45.0,37.8,47.9,7.4,1098.0,2.49,0.0,Autumn,No,Yes,University Branch,Fiction,Walk-In,Monday,10,16,0,Hot,0
2023-10-16,13,42.0,36.5,54.6,4.2,1573.0,1.75,0.0,Autumn,No,Yes,Al Hamra Branch,Business,Premium,Monday,10,16,0,Hot,0
2023-10-16,15,55.0,37.8,67.3,4.9,1756.0,0.57,0.0,Autumn,No,Yes,University Branch,Arabic Literature,Student,Monday,10,16,0,Hot,0
2023-10-16,16,56.0,37.6,62.7,6.7,1882.0,3.33,0.0,Autumn,No,Yes,Al Hamra Branch,History,Student,Monday,10,16,1,Hot,0
2023-10-17,8,50.0,32.2,58.0,5.5,1564.0,1.87,0.0,Autumn,No,Yes,Al Hamra Branch,Non-Fiction,Premium,Tuesday,10,17,0,Warm,0
2023-10-17,9,79.0,31.4,38.9,7.0,1419.0,2.14,0.0,Autumn,No,Yes,Downtown Central,Non-Fiction,Walk-In,Tuesday,10,17,1,Warm,0
2023-10-17,11,38.0,34.6,58.8,5.4,1951.0,0.01,0.0,Autumn,No,Yes,Corniche Kiosk,Children,Student,Tuesday,10,17,1,Warm,0
2023-10-17,12,45.0,37.6,44.4,4.3,1032.0,3.34,0.0,Autumn,No,Yes,Al Rawdah Branch,Technology,Regular,Tuesday,10,17,0,Hot,0
2023-10-17,13,68.0,36.0,59.2,6.3,1974.0,1.98,0.0,Autumn,No,Yes,University Branch,Technology,Student,Tuesday,10,17,0,Hot,0
2023-10-17,14,49.0,36.1,57.0,6.7,1063.0,3.42,0.0,Autumn,No,Yes,Al Rawdah Branch,Technology,Premium,Tuesday,10,17,0,Hot,0
2023-10-17,15,35.0,37.8,73.1,3.3,1631.0,1.06,0.0,Autumn,No,Yes,Al Hamra Branch,Science,Premium,Tuesday,10,17,0,Hot,0
2023-10-17,16,38.0,35.7,50.0,5.2,1757.0,1.93,0.0,Autumn,No,Yes,Corniche Kiosk,History,Walk-In,Tuesday,10,17,1,Hot,0
2023-10-17,18,99.0,33.5,43.6,2.1,1469.0,2.73,0.0,Autumn,No,Yes,University Branch,Science,Student,Tuesday,10,17,1,Warm,0
2023-10-17,19,41.0,33.0,60.1,7.8,1851.0,0.0,0.0,Autumn,No,Yes,Al Hamra Branch,Children,Walk-In,Tuesday,10,17,1,Warm,0
2023-10-17,21,40.0,30.3,64.2,7.6,1142.0,0.0,4.3,Autumn,No,Yes,University Branch,History,Premium,Tuesday,10,17,0,Warm,0
2023-10-17,22,38.0,30.5,69.2,4.3,838.0,0.0,0.0,Autumn,No,Yes,Al Rawdah Branch,Arabic Literature,Regular,Tuesday,10,17,0,Warm,0
2023-10-18,8,44.0,34.2,55.8,1.3,1926.0,1.3,0.0,Autumn,No,Yes,Al Rawdah Branch,History,Student,Wednesday,10,18,0,Warm,0
2023-10-18,10,70.0,37.5,78.5,7.2,1137.0,1.41,0.0,Autumn,No,Yes,University Branch,Children,Premium,Wednesday,10,18,1,Hot,0
2023-10-18,12,29.0,32.2,74.1,5.6,1308.0,3.35,0.0,Autumn,No,Yes,Al Hamra Branch,Science,Premium,Wednesday,10,18,0,Warm,0
2023-10-18,14,27.0,40.4,70.2,3.9,1784.0,3.25,0.0,Autumn,No,Yes,Al Rawdah Branch,Fiction,Regular,Wednesday,10,18,0,Hot,0
2023-10-18,15,35.0,40.2,65.2,4.6,1818.0,2.9,0.0,Autumn,No,Yes,University Branch,Non-Fiction,Walk-In,Wednesday,10,18,0,Hot,0
2023-10-18,17,56.0,37.7,54.0,4.6,805.0,0.32,0.0,Autumn,No,Yes,Al Rawdah Branch,Business,Premium,Wednesday,10,18,1,Hot,0
2023-10-18,18,72.0,38.7,67.8,2.2,1800.0,0.35,0.0,Autumn,No,Yes,Downtown Central,Non-Fiction,Premium,Wednesday,10,18,1,Hot,0
2023-10-18,19,69.0,37.0,59.6,6.3,884.0,0.0,0.0,Autumn,No,Yes,University Branch,Children,Regular,Wednesday,10,18,1,Hot,0
2023-10-18,22,28.0,36.8,41.7,1.8,1477.0,0.0,0.0,Autumn,No,Yes,Al Hamra Branch,Children,Premium,Wednesday,10,18,0,Hot,0
2023-10-19,8,59.0,28.0,63.6,7.1,1659.0,1.23,0.0,Autumn,No,Yes,University Branch,Non-Fiction,Regular,Thursday,10,19,0,Warm,0
2023-10-19,9,34.0,28.4,55.9,1.9,1382.0,1.93,0.0,Autumn,No,Yes,Corniche Kiosk,Non-Fiction,Walk-In,Thursday,10,19,1,Warm,0
2023-10-19,10,82.0,31.0,53.4,5.6,1406.0,0.36,0.0,Autumn,No,Yes,University Branch,Children,Premium,Thursday,10,19,1,Warm,0
2023-10-19,12,64.0,31.5,40.6,6.9,1649.0,3.46,0.0,Autumn,No,Yes,Al Hamra Branch,Fiction,Student,Thursday,10,19,0,Warm,0
2023-10-19,16,82.0,33.5,45.9,3.1,1885.0,0.26,0.0,Autumn,No,Yes,University Branch,History,Regular,Thursday,10,19,1,Warm,0
2023-10-19,18,98.0,29.1,61.3,3.8,1371.0,3.32,0.0,Autumn,No,Yes,Downtown Central,History,Regular,Thursday,10,19,1,Warm,0
2023-10-20,8,32.0,27.4,60.4,7.4,1929.0,0.02,0.0,Autumn,Yes,Yes,University Branch,Non-Fiction,Walk-In,Friday,10,20,0,Warm,1
2023-10-20,10,58.0,30.9,68.8,5.3,924.0,1.085,0.0,Autumn,Yes,Yes,University Branch,Business,Regular,Friday,10,20,1,Warm,1
2023-10-20,11,56.0,30.7,75.0,3.8,1013.0,0.07,0.0,Autumn,Yes,Yes,University Branch,Technology,Regular,Friday,10,20,1,Warm,1
2023-10-20,14,19.0,31.5,58.4,5.5,1818.0,0.98,0.0,Autumn,Yes,Yes,Corniche Kiosk,Science,Premium,Friday,10,20,0,Warm,1
2023-10-20,16,54.0,32.8,69.4,4.4,1773.0,1.88,0.1,Autumn,Yes,Yes,Downtown Central,Children,Regular,Friday,10,20,1,Warm,1
2023-10-20,17,67.0,30.7,47.9,7.5,1848.0,3.46,0.0,Autumn,Yes,Yes,Downtown Central,Non-Fiction,Walk-In,Friday,10,20,1,Warm,1
2023-10-20,18,44.0,30.8,49.5,3.0,1582.0,0.76,0.0,Autumn,Yes,Yes,Al Hamra Branch,Arabic Literature,Regular,Friday,10,20,1,Warm,1
2023-10-20,20,13.0,28.5,66.4,7.2,959.0,0.0,0.0,Autumn,Yes,Yes,Corniche Kiosk,Non-Fiction,Premium,Friday,10,20,0,Warm,1
2023-10-20,21,18.0,27.8,71.9,5.3,874.0,0.0,0.0,Autumn,Yes,Yes,Corniche Kiosk,Business,Regular,Friday,10,20,0,Warm,1
2023-10-20,22,18.0,27.2,42.6,3.8,1781.0,0.0,0.0,Autumn,Yes,Yes,Al Hamra Branch,Science,Walk-In,Friday,10,20,0,Warm,1
2023-10-21,8,63.0,29.4,57.2,4.7,1399.0,0.39,0.0,Autumn,No,Yes,Downtown Central,Science,Premium,Saturday,10,21,0,Warm,1
2023-10-21,15,47.0,33.2,66.9,5.2,1384.0,0.61,0.0,Autumn,No,Yes,Al Rawdah Branch,Science,Student,Saturday,10,21,0,Warm,1
2023-10-21,16,43.0,33.4,40.5,6.5,1510.0,1.79,0.0,Autumn,No,Yes,Al Hamra Branch,Business,Walk-In,Saturday,10,21,1,Warm,1
2023-10-21,17,72.0,31.1,70.2,1.5,1461.0,2.87,0.0,Autumn,No,Yes,Al Rawdah Branch,Children,Student,Saturday,10,21,1,Warm,1
2023-10-21,18,47.0,28.8,66.0,5.2,1952.0,0.41,0.0,Autumn,No,Yes,Corniche Kiosk,History,Student,Saturday,10,21,1,Warm,1
2023-10-21,19,92.0,29.9,52.2,6.3,1608.0,0.0,0.0,Autumn,No,Yes,University Branch,History,Student,Saturday,10,21,1,Warm,1
2023-10-21,20,57.0,28.7,69.1,2.4,1559.0,0.0,0.0,Autumn,No,Yes,University Branch,Arabic Literature,Student,Saturday,10,21,0,Warm,1
2023-10-21,22,56.0,29.7,60.2,0.7,992.0,0.0,0.0,Autumn,No,Yes,Downtown Central,History,Student,Saturday,10,21,0,Warm,1
2023-10-22,9,72.0,31.7,44.3,7.8,1759.0,3.05,0.0,Autumn,No,Yes,Al Rawdah Branch,Technology,Student,Sunday,10,22,1,Warm,0
2023-10-22,12,25.0,36.5,58.4,7.5,1898.0,1.15,0.0,Autumn,No,Yes,Corniche Kiosk,Arabic Literature,Student,Sunday,10,22,0,Hot,0
2023-10-22,13,69.0,35.2,37.1,5.3,1524.0,2.55,0.0,Autumn,No,Yes,University Branch,Fiction,Premium,Sunday,10,22,0,Hot,0
2023-10-22,15,57.0,37.9,41.7,6.7,1944.0,1.085,0.0,Autumn,No,Yes,Downtown Central,Children,Regular,Sunday,10,22,0,Hot,0
2023-10-22,16,57.0,36.4,60.7,1.2,1708.0,1.48,0.0,Autumn,No,Yes,Al Rawdah Branch,Arabic Literature,Regular,Sunday,10,22,1,Hot,0
2023-10-22,21,36.0,30.9,54.0,3.4,1623.0,0.0,0.0,Autumn,No,Yes,Al Rawdah Branch,Business,Regular,Sunday,10,22,0,Warm,0
2023-10-23,9,62.0,31.5,66.4,4.6,1526.0,3.37,0.0,Autumn,No,Yes,Al Rawdah Branch,Children,Regular,Monday,10,23,1,Warm,0
2023-10-23,10,73.0,33.1,63.7,4.1,1206.0,1.58,0.0,Autumn,No,Yes,Downtown Central,Science,Walk-In,Monday,10,23,1,Warm,0
2023-10-23,11,61.0,35.7,70.0,3.5,1633.0,0.42,0.6,Autumn,No,Yes,Downtown Central,Business,Premium,Monday,10,23,1,Hot,0
2023-10-23,12,27.0,35.9,64.5,5.6,1216.0,1.67,0.0,Autumn,No,Yes,Al Hamra Branch,Business,Walk-In,Monday,10,23,0,Hot,0
2023-10-23,14,29.0,38.7,51.7,5.8,1367.0,1.83,0.0,Autumn,No,Yes,Al Hamra Branch,Technology,Premium,Monday,10,23,0,Hot,0
2023-10-23,16,99.0,36.2,48.2,4.2,1269.0,0.98,0.0,Autumn,No,Yes,Downtown Central,Arabic Literature,Student,Monday,10,23,1,Hot,0
2023-10-23,17,29.0,35.0,62.0,2.2,905.0,2.07,0.0,Autumn,No,Yes,Corniche Kiosk,Arabic Literature,Walk-In,Monday,10,23,1,Warm,0
2023-10-23,18,103.0,32.9,40.4,5.9,1054.0,2.0,0.0,Autumn,No,Yes,Downtown Central,Children,Premium,Monday,10,23,1,Warm,0
2023-10-23,19,57.0,32.2,42.0,1.6,1298.0,0.0,0.0,Autumn,No,Yes,Al Rawdah Branch,Science,Regular,Monday,10,23,1,Warm,0
2023-10-23,20,45.0,31.1,43.9,3.3,1764.0,0.0,0.0,Autumn,No,Yes,Al Rawdah Branch,Fiction,Regular,Monday,10,23,0,Warm,0
2023-10-23,21,48.0,33.4,64.1,2.8,1382.0,0.0,0.0,Autumn,No,Yes,Downtown Central,Children,Regular,Monday,10,23,0,Warm,0
2023-10-23,22,44.0,31.4,44.8,3.5,1439.0,0.0,0.0,Autumn,No,Yes,Downtown Central,History,Walk-In,Monday,10,23,0,Warm,0
2023-10-24,8,27.0,30.0,39.2,3.5,1546.0,1.24,0.0,Autumn,No,Yes,Corniche Kiosk,Fiction,Walk-In,Tuesday,10,24,0,Warm,0
2023-10-24,9,53.0,29.3,69.8,1.1,1990.0,2.8,0.0,Autumn,No,Yes,Al Hamra Branch,Technology,Walk-In,Tuesday,10,24,1,Warm,0
2023-10-24,10,113.0,29.8,53.5,4.7,1842.0,2.67,0.0,Autumn,No,Yes,Downtown Central,Business,Student,Tuesday,10,24,1,Warm,0
2023-10-24,11,44.0,31.9,63.8,5.2,860.0,3.5,0.0,Autumn,No,Yes,Corniche Kiosk,Business,Premium,Tuesday,10,24,1,Warm,0
2023-10-24,12,70.0,34.1,64.7,7.0,1629.0,2.17,0.0,Autumn,No,Yes,University Branch,Arabic Literature,Student,Tuesday,10,24,0,Warm,0
2023-10-24,14,34.0,34.8,53.3,7.1,1346.0,2.57,0.0,Autumn,No,Yes,Al Hamra Branch,Fiction,Walk-In,Tuesday,10,24,0,Warm,0
2023-10-24,15,87.0,34.4,52.1,4.6,1919.0,2.02,0.0,Autumn,No,Yes,Downtown Central,History,Student,Tuesday,10,24,0,Warm,0
2023-10-24,17,111.0,30.0,47.4,1.5,1600.0,2.58,0.0,Autumn,No,Yes,Downtown Central,Fiction,Premium,Tuesday,10,24,1,Warm,0
2023-10-24,18,82.0,30.1,48.6,6.7,1676.0,0.16,0.0,Autumn,No,Yes,Downtown Central,Arabic Literature,Walk-In,Tuesday,10,24,1,Warm,0
2023-10-24,19,67.0,29.9,61.6,5.8,1443.0,0.0,0.0,Autumn,No,Yes,University Branch,Science,Walk-In,Tuesday,10,24,1,Warm,0
2023-10-24,21,40.0,29.2,60.6,5.1,1830.0,0.0,0.0,Autumn,No,Yes,Downtown Central,Science,Walk-In,Tuesday,10,24,0,Warm,0
2023-10-24,22,43.0,29.6,71.8,2.2,1509.0,0.0,0.0,Autumn,No,Yes,Al Hamra Branch,Children,Student,Tuesday,10,24,0,Warm,0
2023-10-25,9,67.0,30.7,48.6,5.9,1535.0,0.31,0.0,Autumn,No,Yes,Al Rawdah Branch,Non-Fiction,Premium,Wednesday,10,25,1,Warm,0
2023-10-25,11,51.0,31.7,75.8,4.8,1264.0,0.01,0.0,Autumn,No,Yes,Al Rawdah Branch,Fiction,Walk-In,Wednesday,10,25,1,Warm,0
2023-10-25,12,47.0,33.8,62.1,7.2,915.0,1.52,0.0,Autumn,No,Yes,Al Rawdah Branch,Business,Regular,Wednesday,10,25,0,Warm,0
2023-10-25,13,26.0,34.8,73.6,6.4,938.0,1.3,0.0,Autumn,No,Yes,Corniche Kiosk,Non-Fiction,Regular,Wednesday,10,25,0,Warm,0
2023-10-25,14,43.0,36.2,40.8,5.6,1967.0,0.38,0.0,Autumn,No,Yes,Al Hamra Branch,Technology,Regular,Wednesday,10,25,0,Hot,0
2023-10-25,15,29.0,35.0,58.2,0.9,1333.0,1.48,0.0,Autumn,No,Yes,Corniche Kiosk,Technology,Student,Wednesday,10,25,0,Warm,0
2023-10-25,18,100.0,31.2,57.0,4.7,1607.0,3.2,1.1,Autumn,No,Yes,Downtown Central,Fiction,Student,Wednesday,10,25,1,Warm,0
2023-10-25,20,62.0,29.7,58.4,6.9,979.0,0.0,0.0,Autumn,No,Yes,Downtown Central,Non-Fiction,Regular,Wednesday,10,25,0,Warm,0
2023-10-25,22,57.0,29.3,44.3,1.8,1785.0,0.0,0.0,Autumn,No,Yes,University Branch,Business,Student,Wednesday,10,25,0,Warm,0
2023-10-26,9,67.0,26.7,72.4,3.0,802.0,1.09,0.0,Autumn,No,Yes,Al Hamra Branch,Children,Student,Thursday,10,26,1,Warm,0
2023-10-26,10,39.0,27.0,65.9,2.3,1918.0,2.58,0.0,Autumn,No,Yes,Corniche Kiosk,Science,Regular,Thursday,10,26,1,Warm,0
2023-10-26,11,66.0,29.1,68.8,7.0,1707.0,1.24,0.0,Autumn,No,Yes,Al Hamra Branch,Business,Student,Thursday,10,26,1,Warm,0
2023-10-26,14,68.0,31.6,67.7,4.7,910.0,1.64,0.0,Autumn,No,Yes,Downtown Central,Technology,Regular,Thursday,10,26,0,Warm,0
2023-10-26,16,60.0,31.6,64.5,6.6,1487.0,0.93,0.0,Autumn,No,Yes,Al Hamra Branch,Fiction,Regular,Thursday,10,26,1,Warm,0
2023-10-26,18,91.0,28.4,47.5,3.2,1221.0,1.28,0.0,Autumn,No,Yes,Downtown Central,Non-Fiction,Regular,Thursday,10,26,1,Warm,0
2023-10-26,19,57.0,28.7,60.3,3.7,1161.0,0.0,0.0,Autumn,No,Yes,Al Hamra Branch,Fiction,Regular,Thursday,10,26,1,Warm,0
2023-10-26,21,40.0,25.4,50.2,5.3,1996.0,0.0,0.0,Autumn,No,Yes,Al Hamra Branch,Non-Fiction,Regular,Thursday,10,26,0,Warm,0
2023-10-26,22,24.0,26.0,71.6,4.3,1843.0,0.0,0.0,Autumn,No,Yes,Corniche Kiosk,Non-Fiction,Student,Thursday,10,26,0,Warm,0
2023-10-27,8,33.0,33.6,66.8,2.1,1837.0,0.8,0.0,Autumn,Yes,Yes,Downtown Central,Children,Regular,Friday,10,27,0,Warm,1
2023-10-27,9,61.0,32.5,65.6,4.1,855.0,2.26,0.0,Autumn,Yes,Yes,University Branch,History,Premium,Friday,10,27,1,Warm,1
2023-10-27,10,45.0,34.1,48.2,5.6,818.0,1.14,2.1,Autumn,Yes,Yes,University Branch,Technology,Regular,Friday,10,27,1,Warm,1
2023-10-27,11,49.0,34.0,44.4,5.1,1645.0,0.99,0.0,Autumn,Yes,Yes,University Branch,Non-Fiction,Regular,Friday,10,27,1,Warm,1
2023-10-27,12,21.0,37.9,60.4,0.5,1189.0,1.85,0.0,Autumn,Yes,Yes,Al Rawdah Branch,Business,Regular,Friday,10,27,0,Hot,1
2023-10-27,13,28.0,37.4,79.6,3.2,952.0,1.11,0.0,Autumn,Yes,Yes,University Branch,Business,Regular,Friday,10,27,0,Hot,1
2023-10-27,14,21.0,38.0,70.5,5.2,1594.0,2.05,0.0,Autumn,Yes,Yes,University Branch,Arabic Literature,Walk-In,Friday,10,27,0,Hot,1
2023-10-27,16,22.0,39.2,42.0,2.8,803.0,0.25,0.0,Autumn,Yes,Yes,Al Hamra Branch,Children,Walk-In,Friday,10,27,1,Hot,1
2023-10-27,17,59.0,34.4,41.5,2.0,853.0,2.76,0.0,Autumn,Yes,Yes,Al Rawdah Branch,History,Student,Friday,10,27,1,Warm,1
2023-10-27,19,22.0,36.1,60.0,7.4,1186.0,0.0,0.0,Autumn,Yes,Yes,Corniche Kiosk,Arabic Literature,Regular,Friday,10,27,1,Hot,1
2023-10-27,20,17.0,33.8,70.2,6.8,830.0,0.0,0.0,Autumn,Yes,Yes,Al Rawdah Branch,Science,Walk-In,Friday,10,27,0,Warm,1
2023-10-27,22,9.0,34.4,63.1,4.5,1549.0,0.0,0.0,Autumn,Yes,Yes,Corniche Kiosk,History,Premium,Friday,10,27,0,Warm,1
2023-10-28,8,22.0,30.0,49.9,5.6,1618.0,0.27,0.0,Autumn,No,Yes,Corniche Kiosk,Children,Regular,Saturday,10,28,0,Warm,1
2023-10-28,10,72.0,32.4,67.0,7.9,1941.0,1.5,0.0,Autumn,No,Yes,University Branch,Fiction,Regular,Saturday,10,28,1,Warm,1
2023-10-28,12,44.0,35.8,52.6,5.9,956.0,3.15,0.0,Autumn,No,Yes,Al Hamra Branch,History,Nan,Saturday,10,28,0,Hot,1
2023-10-28,13,22.0,36.6,36.1,2.9,907.0,2.7,0.0,Autumn,No,Yes,Corniche Kiosk,Fiction,Premium,Saturday,10,28,0,Hot,1
2023-10-28,14,67.0,36.0,42.5,5.1,1522.0,1.71,0.0,Autumn,No,Yes,Downtown Central,Business,Student,Saturday,10,28,0,Hot,1
2023-10-28,15,26.0,36.6,57.7,0.8,1776.0,1.87,0.0,Autumn,No,Yes,Al Hamra Branch,Non-Fiction,Walk-In,Saturday,10,28,0,Hot,1
2023-10-28,17,31.0,31.7,66.1,3.1,1169.0,0.73,0.0,Autumn,No,Yes,Corniche Kiosk,Fiction,Regular,Saturday,10,28,1,Warm,1
2023-10-28,19,60.0,32.6,56.0,1.9,955.0,0.0,0.0,Autumn,No,Yes,Al Hamra Branch,Technology,Student,Saturday,10,28,1,Warm,1
2023-10-28,20,50.0,30.2,40.5,5.5,1535.0,0.0,0.0,Autumn,No,Yes,Downtown Central,Non-Fiction,Regular,Saturday,10,28,0,Warm,1
2023-10-28,22,52.0,29.9,58.8,1.4,1788.0,0.0,0.0,Autumn,No,Yes,University Branch,Business,Student,Saturday,10,28,0,Warm,1
2023-10-29,8,46.0,29.9,54.9,6.3,1350.0,0.17,0.0,Autumn,No,Yes,Al Hamra Branch,Children,Student,Sunday,10,29,0,Warm,0
2023-10-29,9,70.0,28.8,48.5,5.3,814.0,1.24,0.0,Autumn,No,Yes,Al Hamra Branch,Arabic Literature,Student,Sunday,10,29,1,Warm,0
2023-10-29,10,63.0,31.5,51.6,8.0,1892.0,0.51,0.0,Autumn,No,Yes,Al Rawdah Branch,Children,Premium,Sunday,10,29,1,Warm,0
2023-10-29,13,39.0,36.5,43.1,5.6,1780.0,0.33,0.0,Autumn,No,Yes,Al Rawdah Branch,Children,Regular,Sunday,10,29,0,Hot,0
2023-10-29,15,50.0,34.7,59.5,5.5,1393.0,2.26,0.0,Autumn,No,Yes,Al Hamra Branch,Non-Fiction,Student,Sunday,10,29,0,Warm,0
2023-10-29,16,34.0,34.5,59.5,7.5,1242.0,3.07,0.0,Autumn,No,Yes,Corniche Kiosk,Technology,Regular,Sunday,10,29,1,Warm,0
2023-10-29,17,31.0,32.8,55.6,5.7,1529.0,1.09,0.0,Autumn,No,Yes,Corniche Kiosk,Business,Walk-In,Sunday,10,29,1,Warm,0
2023-10-29,18,63.0,31.5,43.5,6.3,1085.0,0.46,0.0,Autumn,No,Yes,Al Hamra Branch,Business,Premium,Sunday,10,29,1,Warm,0
2023-10-29,19,65.0,33.4,42.5,0.8,1286.0,0.0,0.0,Autumn,No,Yes,University Branch,History,Walk-In,Sunday,10,29,1,Warm,0
2023-10-29,20,46.0,29.8,67.4,3.2,1036.0,0.0,0.0,Autumn,No,Yes,Al Rawdah Branch,Non-Fiction,Regular,Sunday,10,29,0,Warm,0
2023-10-29,21,60.0,29.9,60.8,0.5,1182.0,0.0,0.0,Autumn,No,Yes,University Branch,Fiction,Nan,Sunday,10,29,0,Warm,0
2023-10-29,22,57.0,29.4,60.9,1.8,1189.0,0.0,0.0,Autumn,No,Yes,Downtown Central,Technology,Premium,Sunday,10,29,0,Warm,0
2023-10-30,8,35.0,34.5,38.2,5.6,949.0,2.16,0.0,Autumn,No,Yes,Al Hamra Branch,Science,Walk-In,Monday,10,30,0,Warm,0
2023-10-30,10,55.0,32.2,62.9,4.4,1941.0,3.43,0.0,Autumn,No,Yes,Al Rawdah Branch,Children,Premium,Monday,10,30,1,Warm,0
2023-10-30,12,15.0,39.9,58.6,3.9,986.0,2.45,0.0,Autumn,No,Yes,Corniche Kiosk,Non-Fiction,Regular,Monday,10,30,0,Hot,0
2023-10-30,13,50.0,40.2,60.9,3.3,1566.0,1.77,0.0,Autumn,No,Yes,University Branch,Arabic Literature,Student,Monday,10,30,0,Hot,0
2023-10-30,14,36.0,39.6,66.1,4.0,1587.0,2.8,1.0,Autumn,No,Yes,University Branch,Fiction,Premium,Monday,10,30,0,Hot,0
2023-10-30,17,93.0,36.8,49.6,6.9,1323.0,2.37,0.0,Autumn,No,Yes,University Branch,Arabic Literature,Student,Monday,10,30,1,Hot,0
2023-10-30,18,64.0,38.3,52.3,6.3,1774.0,1.13,0.0,Autumn,No,Yes,Downtown Central,Business,Walk-In,Monday,10,30,1,Hot,0
2023-10-30,19,46.0,37.7,69.4,5.2,1756.0,0.0,0.0,Autumn,No,Yes,Al Rawdah Branch,Technology,Regular,Monday,10,30,1,Hot,0
2023-10-30,21,38.0,35.9,52.5,6.4,1737.0,0.0,0.0,Autumn,No,Yes,Downtown Central,Non-Fiction,Walk-In,Monday,10,30,0,Hot,0
2023-10-31,8,52.0,32.7,53.9,1.3,1313.0,0.1,0.0,Autumn,No,Yes,Al Rawdah Branch,Business,Student,Tuesday,10,31,0,Warm,0
2023-10-31,10,51.0,34.7,67.5,2.9,1063.0,0.29,0.0,Autumn,No,Yes,Al Rawdah Branch,Business,Nan,Tuesday,10,31,1,Warm,0
2023-10-31,11,85.0,32.7,43.1,7.0,1416.0,2.62,0.0,Autumn,No,Yes,University Branch,Science,Premium,Tuesday,10,31,1,Warm,0
2023-10-31,13,62.0,36.1,44.7,7.8,1623.0,3.37,0.0,Autumn,No,Yes,Downtown Central,Children,Regular,Tuesday,10,31,0,Hot,0
2023-10-31,14,61.0,37.3,48.5,1.5,838.0,1.4,0.0,Autumn,No,Yes,Downtown Central,History,Student,Tuesday,10,31,0,Hot,0
2023-10-31,15,27.0,37.3,58.5,1.7,895.0,2.67,0.0,Autumn,No,Yes,Corniche Kiosk,Fiction,Premium,Tuesday,10,31,0,Hot,0
2023-10-31,16,50.0,38.4,66.3,6.9,1194.0,2.69,0.0,Autumn,No,Yes,Al Hamra Branch,History,Regular,Tuesday,10,31,1,Hot,0
2023-10-31,19,43.0,33.2,50.1,6.3,1217.0,0.0,0.0,Autumn,No,Yes,Corniche Kiosk,Non-Fiction,Student,Tuesday,10,31,1,Warm,0
2023-10-31,21,39.0,33.4,70.2,0.6,1959.0,0.0,0.0,Autumn,No,Yes,Al Rawdah Branch,Business,Student,Tuesday,10,31,0,Warm,0
2023-10-31,22,51.0,31.6,54.4,7.8,910.0,0.0,0.0,Autumn,No,Yes,University Branch,Fiction,Premium,Tuesday,10,31,0,Warm,0
2023-11-01,8,78.0,28.7,66.0,6.4,1518.0,2.12,0.0,Autumn,No,Yes,University Branch,Technology,Student,Wednesday,11,1,0,Warm,0
2023-11-01,9,101.0,28.7,69.5,4.0,1897.0,0.53,0.0,Autumn,No,Yes,Downtown Central,Arabic Literature,Student,Wednesday,11,1,1,Warm,0
2023-11-01,12,74.0,31.7,65.0,2.6,1612.0,3.09,0.0,Autumn,No,Yes,University Branch,Non-Fiction,Premium,Wednesday,11,1,0,Warm,0
2023-11-01,13,44.0,32.3,55.7,3.9,1967.0,2.33,0.0,Autumn,No,Yes,Al Rawdah Branch,Non-Fiction,Walk-In,Wednesday,11,1,0,Warm,0
2023-11-01,17,53.0,29.2,65.7,4.7,1020.0,0.96,0.0,Autumn,No,Yes,Al Rawdah Branch,Fiction,Walk-In,Wednesday,11,1,1,Warm,0
2023-11-01,21,23.0,27.4,46.4,4.7,1506.0,0.0,0.0,Autumn,No,Yes,Corniche Kiosk,History,Premium,Wednesday,11,1,0,Warm,0
2023-11-01,22,31.0,27.0,49.9,2.5,1825.0,0.0,0.0,Autumn,No,Yes,Al Hamra Branch,History,Walk-In,Wednesday,11,1,0,Warm,0
2023-11-02,12,18.0,40.5,51.9,7.3,1890.0,1.98,0.0,Autumn,No,Yes,Corniche Kiosk,History,Regular,Thursday,11,2,0,Hot,0
2023-11-02,13,35.0,40.3,37.4,3.5,1652.0,3.34,0.0,Autumn,No,Yes,Downtown Central,Non-Fiction,Walk-In,Thursday,11,2,0,Hot,0
2023-11-02,14,45.0,40.0,43.5,2.0,1059.0,2.1,0.0,Autumn,No,Yes,University Branch,Fiction,Premium,Thursday,11,2,0,Hot,0
2023-11-02,16,66.0,39.3,60.8,1.9,1119.0,1.53,0.0,Autumn,No,Yes,University Branch,Business,Premium,Thursday,11,2,1,Hot,0
2023-11-02,17,39.0,37.4,51.7,5.4,1176.0,2.15,0.0,Autumn,No,Yes,Al Hamra Branch,History,Walk-In,Thursday,11,2,1,Hot,0
2023-11-02,18,32.0,35.7,62.4,5.1,1169.0,0.34,0.0,Autumn,No,Yes,Corniche Kiosk,Science,Walk-In,Thursday,11,2,1,Hot,0
2023-11-02,19,35.0,35.2,65.9,2.6,1983.0,0.0,1.8,Autumn,No,Yes,Al Hamra Branch,Business,Walk-In,Thursday,11,2,1,Hot,0
2023-11-03,8,23.0,30.6,48.2,3.9,1935.0,0.46,0.0,Autumn,Yes,Yes,Al Hamra Branch,Fiction,Walk-In,Friday,11,3,0,Warm,1
2023-11-03,10,26.0,31.9,74.9,1.6,813.0,0.16,0.0,Autumn,Yes,Yes,Corniche Kiosk,Technology,Student,Friday,11,3,1,Warm,1
2023-11-03,12,20.0,34.9,56.8,2.1,1916.0,3.03,0.0,Autumn,Yes,Yes,Corniche Kiosk,Children,Walk-In,Friday,11,3,0,Warm,1
2023-11-03,16,31.0,33.4,50.3,4.1,1158.0,0.71,1.0,Autumn,Yes,Yes,Al Hamra Branch,Technology,Regular,Friday,11,3,1,Warm,1
2023-11-03,18,71.0,32.4,72.3,6.7,1324.0,1.26,0.0,Autumn,Yes,Yes,University Branch,Non-Fiction,Student,Friday,11,3,1,Warm,1
2023-11-03,22,44.0,28.4,40.6,4.3,972.0,0.0,0.0,Autumn,Yes,Yes,Downtown Central,Business,Student,Friday,11,3,0,Warm,1
2023-11-04,9,30.0,26.9,45.0,3.1,1767.0,0.61,1.4,Autumn,No,Yes,Corniche Kiosk,Technology,Walk-In,Saturday,11,4,1,Warm,1
2023-11-04,11,76.0,30.8,73.2,2.8,1089.0,3.4,0.0,Autumn,No,Yes,University Branch,Science,Regular,Saturday,11,4,1,Warm,1
2023-11-04,12,39.0,31.9,68.3,5.3,1130.0,3.45,0.0,Autumn,No,Yes,Corniche Kiosk,Arabic Literature,Student,Saturday,11,4,0,Warm,1
2023-11-04,14,29.0,34.2,40.1,2.7,1272.0,2.3,0.0,Autumn,No,Yes,Corniche Kiosk,Fiction,Walk-In,Saturday,11,4,0,Warm,1
2023-11-04,15,34.0,32.1,52.7,2.8,947.0,2.49,0.0,Autumn,No,Yes,Corniche Kiosk,History,Student,Saturday,11,4,0,Warm,1
2023-11-04,17,37.0,29.0,52.3,4.4,845.0,0.71,0.0,Autumn,No,Yes,Corniche Kiosk,Technology,Premium,Saturday,11,4,1,Warm,1
2023-11-04,18,76.0,29.6,58.9,0.8,1746.0,0.17,3.8,Autumn,No,Yes,University Branch,Non-Fiction,Premium,Saturday,11,4,1,Warm,1
2023-11-04,22,54.0,28.5,72.8,7.1,1391.0,0.0,0.0,Autumn,No,Yes,University Branch,Arabic Literature,Student,Saturday,11,4,0,Warm,1
2023-11-05,8,63.0,34.0,54.0,3.4,965.0,0.51,0.0,Autumn,No,Yes,Downtown Central,Technology,Premium,Sunday,11,5,0,Warm,0
2023-11-05,9,28.0,33.4,54.0,5.0,1372.0,1.21,0.0,Autumn,No,Yes,Corniche Kiosk,Arabic Literature,Walk-In,Sunday,11,5,1,Warm,0
2023-11-05,11,58.0,33.9,54.0,1.1,1658.0,0.2,0.0,Autumn,No,Yes,Al Hamra Branch,Business,Premium,Sunday,11,5,1,Warm,0
2023-11-05,16,66.0,37.2,63.3,0.6,1219.0,1.34,0.0,Autumn,No,Yes,Al Rawdah Branch,Arabic Literature,Premium,Sunday,11,5,1,Hot,0
2023-11-05,17,69.0,33.9,55.1,4.4,833.0,0.23,0.0,Autumn,No,Yes,University Branch,Arabic Literature,Walk-In,Sunday,11,5,1,Warm,0
2023-11-05,18,92.0,34.0,50.5,4.6,1906.0,0.67,0.0,Autumn,No,Yes,University Branch,Arabic Literature,Student,Sunday,11,5,1,Warm,0
2023-11-05,19,30.0,34.1,57.3,5.2,1337.0,0.0,0.0,Autumn,No,Yes,Corniche Kiosk,Technology,Walk-In,Sunday,11,5,1,Warm,0
2023-11-05,20,41.0,32.9,68.6,5.2,1386.0,0.0,0.0,Autumn,No,Yes,Al Rawdah Branch,Technology,Premium,Sunday,11,5,0,Warm,0
2023-11-05,22,60.0,33.1,40.9,7.3,1501.0,0.0,0.0,Nan,No,Yes,Downtown Central,Arabic Literature,Student,Sunday,11,5,0,Warm,0
2023-11-06,8,19.0,28.4,66.9,7.2,913.0,0.38,0.0,Autumn,No,Yes,Corniche Kiosk,Science,Walk-In,Monday,11,6,0,Warm,0
2023-11-06,9,82.0,30.2,59.4,1.9,1713.0,1.11,0.0,Autumn,No,Yes,Downtown Central,History,Regular,Monday,11,6,1,Warm,0
2023-11-06,10,59.0,32.6,58.7,7.1,1172.0,0.5,0.0,Autumn,No,Yes,Al Rawdah Branch,Technology,Regular,Monday,11,6,1,Warm,0
2023-11-06,12,36.0,34.0,63.4,1.6,1492.0,0.69,4.6,Autumn,No,Yes,Al Hamra Branch,Science,Student,Monday,11,6,0,Warm,0
2023-11-06,14,45.0,35.4,77.1,6.0,1527.0,2.57,0.0,Autumn,No,Yes,Al Hamra Branch,Arabic Literature,Nan,Monday,11,6,0,Hot,0
2023-11-06,15,46.0,35.4,60.2,5.0,935.0,2.99,0.0,Autumn,No,Yes,Al Hamra Branch,History,Premium,Monday,11,6,0,Hot,0
2023-11-06,17,64.0,31.2,50.2,6.8,1839.0,0.25,0.0,Autumn,No,Yes,Al Rawdah Branch,Technology,Regular,Monday,11,6,1,Warm,0
2023-11-06,18,102.0,31.8,63.7,7.7,1228.0,1.66,0.0,Autumn,No,Yes,University Branch,History,Student,Monday,11,6,1,Warm,0
2023-11-06,19,75.0,31.3,69.9,3.0,1363.0,0.0,0.0,Autumn,No,Yes,Al Rawdah Branch,Business,Student,Monday,11,6,1,Warm,0
2023-11-06,21,44.0,29.0,62.3,5.6,1888.0,0.0,0.0,Autumn,No,Yes,Al Rawdah Branch,History,Regular,Monday,11,6,0,Warm,0
2023-11-07,8,65.0,35.0,73.0,6.6,1579.0,0.89,0.0,Autumn,No,Yes,Downtown Central,Science,Student,Tuesday,11,7,0,Warm,0
2023-11-07,10,95.0,36.7,51.2,4.9,851.0,1.82,0.0,Autumn,No,Yes,Downtown Central,Non-Fiction,Student,Tuesday,11,7,1,Hot,0
2023-11-07,11,66.0,35.3,74.6,7.9,1856.0,3.09,0.0,Autumn,No,Yes,Al Rawdah Branch,Non-Fiction,Premium,Tuesday,11,7,1,Hot,0
2023-11-07,12,52.0,39.5,63.0,6.4,1326.0,3.01,0.0,Autumn,No,Yes,Downtown Central,Business,Premium,Tuesday,11,7,0,Hot,0
2023-11-07,13,52.0,38.7,45.3,7.8,1133.0,1.82,0.0,Autumn,No,Yes,Downtown Central,Arabic Literature,Walk-In,Tuesday,11,7,0,Hot,0
2023-11-07,15,34.0,39.6,42.4,7.6,1583.0,2.65,4.6,Autumn,No,Yes,University Branch,Science,Premium,Tuesday,11,7,0,Hot,0
2023-11-07,16,64.0,37.8,67.3,4.0,1193.0,1.88,0.0,Autumn,No,Yes,Al Rawdah Branch,Business,Student,Tuesday,11,7,1,Hot,0
2023-11-07,17,70.0,35.8,73.0,5.4,1238.0,1.03,0.0,Autumn,No,Yes,Al Rawdah Branch,Business,Student,Tuesday,11,7,1,Hot,0
2023-11-07,20,33.0,33.4,47.6,2.3,1237.0,0.0,0.0,Autumn,No,Yes,Corniche Kiosk,Business,Student,Tuesday,11,7,0,Warm,0
2023-11-07,21,23.0,35.5,67.5,1.2,1758.0,0.0,0.0,Nan,No,Yes,Al Hamra Branch,Technology,Walk-In,Tuesday,11,7,0,Hot,0
2023-11-08,8,41.0,27.0,44.4,1.4,1084.0,0.0,0.0,Autumn,No,Yes,Al Hamra Branch,Science,Regular,Wednesday,11,8,0,Warm,0
2023-11-08,10,45.0,28.1,62.1,2.7,1640.0,1.03,0.0,Autumn,No,Yes,Al Hamra Branch,Children,Walk-In,Wednesday,11,8,1,Warm,0
2023-11-08,12,68.0,32.2,61.4,3.3,1133.0,0.84,0.0,Autumn,No,Yes,University Branch,Non-Fiction,Regular,Wednesday,11,8,0,Warm,0
2023-11-08,14,86.0,33.5,52.1,3.6,1453.0,3.27,0.0,Autumn,No,Yes,Downtown Central,Arabic Literature,Premium,Wednesday,11,8,0,Warm,0
2023-11-08,15,56.0,31.3,51.9,4.1,1334.0,0.24,0.0,Autumn,No,Yes,University Branch,Technology,Walk-In,Wednesday,11,8,0,Warm,0
2023-11-08,16,103.0,32.7,44.6,2.7,1199.0,2.77,0.0,Autumn,No,Yes,University Branch,Fiction,Student,Wednesday,11,8,1,Warm,0
2023-11-08,19,48.0,30.7,73.6,4.6,1736.0,0.0,0.0,Autumn,No,Yes,Al Hamra Branch,Non-Fiction,Walk-In,Wednesday,11,8,1,Warm,0
2023-11-08,20,31.0,28.8,54.8,3.5,1110.0,0.0,0.0,Autumn,No,Yes,Corniche Kiosk,Fiction,Student,Wednesday,11,8,0,Warm,0
2023-11-08,21,47.0,26.1,68.2,2.6,1157.0,0.0,0.0,Autumn,No,Yes,Downtown Central,Fiction,Regular,Wednesday,11,8,0,Warm,0
2023-11-08,22,44.0,28.8,40.7,5.0,1618.0,0.0,0.0,Autumn,No,Yes,Al Rawdah Branch,Children,Premium,Wednesday,11,8,0,Warm,0
2023-11-09,8,52.0,35.1,54.6,3.3,1814.0,2.46,0.0,Autumn,No,Yes,Downtown Central,Science,Walk-In,Thursday,11,9,0,Hot,0
2023-11-09,9,41.0,34.7,57.4,1.5,1270.0,1.66,0.0,Autumn,No,Yes,Corniche Kiosk,Fiction,Student,Thursday,11,9,1,Warm,0
2023-11-09,12,32.0,39.0,43.1,3.1,841.0,1.35,0.0,Autumn,No,Yes,Al Rawdah Branch,Business,Walk-In,Thursday,11,9,0,Hot,0
2023-11-09,13,18.0,40.5,47.8,5.0,1189.0,0.07,0.0,Autumn,No,Yes,Corniche Kiosk,Children,Student,Thursday,11,9,0,Hot,0
2023-11-09,17,62.0,37.2,41.2,7.5,1922.0,3.5,0.0,Autumn,No,Yes,Al Rawdah Branch,Technology,Regular,Thursday,11,9,1,Hot,0
2023-11-09,18,64.0,38.2,57.4,7.8,1055.0,3.28,0.0,Autumn,No,Yes,Al Hamra Branch,Business,Student,Thursday,11,9,1,Hot,0
2023-11-09,20,19.0,35.7,52.4,1.6,1131.0,0.0,0.0,Autumn,No,Yes,Corniche Kiosk,Children,Walk-In,Thursday,11,9,0,Hot,0
2023-11-09,21,33.0,36.0,43.9,7.1,1931.0,0.0,0.0,Autumn,No,Yes,Al Rawdah Branch,Children,Premium,Thursday,11,9,0,Hot,0
2023-11-10,9,56.0,27.3,62.5,4.4,1845.0,0.16,0.0,Autumn,Yes,Yes,University Branch,Technology,Nan,Friday,11,10,1,Warm,1
2023-11-10,14,25.0,30.6,46.8,7.5,1194.0,0.23,0.0,Autumn,Yes,Yes,Corniche Kiosk,Business,Premium,Friday,11,10,0,Warm,1
2023-11-10,18,43.0,28.4,69.5,2.9,1498.0,0.05,3.1,Autumn,Yes,Yes,Al Rawdah Branch,Fiction,Premium,Friday,11,10,1,Warm,1
2023-11-10,19,55.0,32.2,73.2,6.8,1018.0,0.0,4.7,Autumn,Yes,Yes,University Branch,Arabic Literature,Regular,Friday,11,10,1,Warm,1
2023-11-10,20,32.0,27.0,43.3,3.7,1875.0,0.0,0.0,Nan,Yes,Yes,Al Rawdah Branch,History,Walk-In,Friday,11,10,0,Warm,1
2023-11-10,21,32.0,25.3,40.9,1.9,1113.0,0.0,0.0,Autumn,Yes,Yes,University Branch,Technology,Premium,Friday,11,10,0,Warm,1
2023-11-11,8,33.0,29.4,48.5,7.1,1512.0,2.08,0.0,Autumn,No,Yes,Corniche Kiosk,Arabic Literature,Student,Saturday,11,11,0,Warm,1
2023-11-11,10,104.0,31.0,51.6,6.5,1889.0,3.07,0.0,Autumn,No,Yes,Downtown Central,Science,Student,Saturday,11,11,1,Warm,1
2023-11-11,11,84.0,31.4,66.9,3.3,1591.0,3.11,0.0,Autumn,No,Yes,University Branch,Science,Premium,Saturday,11,11,1,Warm,1
2023-11-11,12,45.0,32.2,58.8,1.2,1025.0,1.3,0.0,Autumn,No,Yes,Al Rawdah Branch,Fiction,Student,Saturday,11,11,0,Warm,1
2023-11-11,13,57.0,34.5,65.5,6.5,898.0,2.6,0.0,Autumn,No,Yes,Al Rawdah Branch,Arabic Literature,Student,Saturday,11,11,0,Warm,1
2023-11-11,14,38.0,33.9,59.2,1.3,892.0,0.64,0.0,Autumn,No,Yes,Al Hamra Branch,Business,Regular,Saturday,11,11,0,Warm,1
2023-11-11,15,40.0,34.8,56.4,6.1,895.0,2.55,0.0,Autumn,No,Yes,Al Hamra Branch,Arabic Literature,Regular,Saturday,11,11,0,Warm,1
2023-11-11,16,77.0,35.3,63.8,3.2,1498.0,2.32,0.0,Autumn,No,Yes,Downtown Central,Arabic Literature,Regular,Saturday,11,11,1,Hot,1
2023-11-11,18,50.0,31.8,55.8,3.5,1260.0,2.7,0.0,Autumn,No,Yes,Corniche Kiosk,Children,Student,Saturday,11,11,1,Warm,1
2023-11-11,19,78.0,32.4,66.9,3.2,1454.0,0.0,0.0,Autumn,No,Yes,Downtown Central,Arabic Literature,Premium,Saturday,11,11,1,Warm,1
2023-11-11,21,46.0,30.3,54.1,2.5,1651.0,0.0,0.0,Autumn,No,Yes,Downtown Central,Fiction,Regular,Saturday,11,11,0,Warm,1
2023-11-12,8,55.0,33.0,63.9,5.2,1449.0,0.21,0.0,Autumn,No,Yes,University Branch,Business,Premium,Sunday,11,12,0,Warm,0
2023-11-12,9,77.0,35.3,74.1,4.4,1476.0,1.8,0.0,Autumn,No,Yes,University Branch,Arabic Literature,Premium,Sunday,11,12,1,Hot,0
2023-11-12,10,79.0,35.6,68.2,2.0,1025.0,2.78,0.0,Autumn,No,Yes,University Branch,Arabic Literature,Regular,Sunday,11,12,1,Hot,0
2023-11-12,11,56.0,37.2,62.2,2.0,1248.0,2.98,0.0,Autumn,No,Yes,Al Hamra Branch,Arabic Literature,Student,Sunday,11,12,1,Hot,0
2023-11-12,12,39.0,37.9,55.2,0.9,896.0,1.75,0.0,Autumn,No,Yes,University Branch,Arabic Literature,Walk-In,Sunday,11,12,0,Hot,0
2023-11-12,13,35.0,39.8,70.7,0.6,1338.0,2.7,0.0,Autumn,No,Yes,Al Rawdah Branch,Business,Student,Sunday,11,12,0,Hot,0
2023-11-12,15,50.0,39.3,73.4,2.1,1780.0,2.19,0.0,Autumn,No,Yes,University Branch,Technology,Premium,Sunday,11,12,0,Hot,0
2023-11-12,18,25.0,36.7,66.3,4.1,1688.0,1.62,0.0,Autumn,No,Yes,Corniche Kiosk,Arabic Literature,Walk-In,Sunday,11,12,1,Hot,0
2023-11-12,19,45.0,35.9,62.0,4.8,1566.0,0.0,0.1,Autumn,No,Yes,Al Hamra Branch,Non-Fiction,Student,Sunday,11,12,1,Hot,0
2023-11-12,21,20.0,34.5,40.1,2.7,1289.0,0.0,0.0,Autumn,No,Yes,Corniche Kiosk,Arabic Literature,Walk-In,Sunday,11,12,0,Warm,0
2023-11-12,22,41.0,34.5,55.6,3.9,1486.0,0.0,0.0,Autumn,No,Yes,University Branch,Technology,Walk-In,Sunday,11,12,0,Warm,0
2023-11-13,8,31.0,34.6,76.1,5.7,1399.0,0.74,0.0,Autumn,No,Yes,Al Hamra Branch,Children,Regular,Monday,11,13,0,Warm,0
2023-11-13,9,76.0,34.4,42.7,4.5,1053.0,0.82,0.0,Autumn,No,Yes,University Branch,Business,Premium,Monday,11,13,1,Warm,0
2023-11-13,11,83.0,37.2,46.8,2.8,1567.0,2.42,0.0,Autumn,No,Yes,University Branch,Children,Student,Monday,11,13,1,Hot,0
2023-11-13,12,57.0,39.4,44.9,4.8,1811.0,1.23,0.0,Autumn,No,Yes,University Branch,Business,Student,Monday,11,13,0,Hot,0
2023-11-13,13,41.0,38.5,51.2,1.5,1617.0,0.91,0.0,Autumn,No,Yes,Al Rawdah Branch,Business,Student,Monday,11,13,0,Hot,0
2023-11-13,14,53.0,38.6,45.7,6.7,1563.0,1.5,0.0,Autumn,No,Yes,University Branch,Science,Premium,Monday,11,13,0,Hot,0
2023-11-13,15,29.0,40.5,66.1,1.9,1661.0,2.6,0.0,Autumn,No,Yes,Al Hamra Branch,Children,Premium,Monday,11,13,0,Hot,0
2023-11-13,17,63.0,37.0,59.6,1.6,953.0,2.27,0.0,Autumn,No,Yes,Downtown Central,Technology,Walk-In,Monday,11,13,1,Hot,0
2023-11-13,21,22.0,32.2,46.5,2.1,938.0,0.0,3.3,Autumn,No,Yes,Al Hamra Branch,Fiction,Walk-In,Monday,11,13,0,Warm,0
2023-11-13,22,38.0,34.9,51.9,1.1,1662.0,0.0,0.0,Autumn,No,Yes,Al Rawdah Branch,Business,Premium,Monday,11,13,0,Warm,0
2023-11-14,8,80.0,27.8,61.9,3.8,1300.0,3.2,0.0,Autumn,No,Yes,University Branch,Fiction,Student,Tuesday,11,14,0,Warm,0
2023-11-14,10,45.0,28.3,74.5,2.4,1423.0,0.48,0.0,Autumn,No,Yes,Al Hamra Branch,Business,Walk-In,Tuesday,11,14,1,Warm,0
2023-11-14,17,67.0,30.6,68.5,1.2,1207.0,1.6,0.0,Autumn,No,Yes,Al Rawdah Branch,History,Premium,Tuesday,11,14,1,Warm,0
2023-11-14,18,68.0,29.8,46.0,6.3,1568.0,1.64,0.0,Autumn,No,Yes,Al Hamra Branch,Science,Premium,Tuesday,11,14,1,Warm,0
2023-11-14,19,66.0,30.0,68.7,5.6,1504.0,0.0,0.0,Autumn,No,Yes,University Branch,Fiction,Walk-In,Tuesday,11,14,1,Warm,0
2023-11-14,21,32.0,26.1,73.9,5.9,1203.0,0.0,0.0,Autumn,No,Yes,Al Hamra Branch,Business,Premium,Tuesday,11,14,0,Warm,0
2023-11-15,10,61.0,33.5,56.5,2.7,1305.0,0.8,0.0,Autumn,No,Yes,Al Rawdah Branch,Non-Fiction,Regular,Wednesday,11,15,1,Warm,0
2023-11-15,12,70.0,36.8,55.4,2.3,1876.0,1.31,0.0,Autumn,No,Yes,Downtown Central,Science,Student,Wednesday,11,15,0,Hot,0
2023-11-15,13,47.0,36.7,78.2,5.2,1416.0,3.25,0.0,Autumn,No,Yes,University Branch,Technology,Walk-In,Wednesday,11,15,0,Hot,0
2023-11-15,18,67.0,32.6,54.0,3.5,904.0,2.25,0.0,Autumn,No,Yes,Al Hamra Branch,Business,Premium,Wednesday,11,15,1,Warm,0
2023-11-15,19,71.0,33.1,43.1,4.6,891.0,0.0,0.0,Autumn,No,Yes,Downtown Central,Non-Fiction,Walk-In,Wednesday,11,15,1,Warm,0
2023-11-15,22,28.0,31.4,49.1,1.6,1533.0,0.0,0.0,Autumn,No,Yes,Al Hamra Branch,Arabic Literature,Walk-In,Wednesday,11,15,0,Warm,0
2023-11-16,9,80.0,32.2,49.4,6.5,1687.0,0.39,0.0,Autumn,No,Yes,Downtown Central,Non-Fiction,Regular,Thursday,11,16,1,Warm,0
2023-11-16,11,35.0,36.5,41.0,5.1,1395.0,2.8,0.0,Autumn,No,Yes,Corniche Kiosk,Non-Fiction,Walk-In,Thursday,11,16,1,Hot,0
2023-11-16,12,44.0,39.6,45.6,4.0,840.0,1.3,0.0,Autumn,No,Yes,Al Rawdah Branch,Business,Regular,Thursday,11,16,0,Hot,0
2023-11-16,13,40.0,38.1,43.2,3.2,1470.0,1.19,0.0,Autumn,No,Yes,Al Hamra Branch,Arabic Literature,Student,Thursday,11,16,0,Hot,0
2023-11-16,14,37.0,38.9,53.3,7.4,866.0,3.46,0.0,Autumn,No,Yes,Al Hamra Branch,Children,Premium,Thursday,11,16,0,Hot,0
2023-11-16,15,43.0,39.8,54.8,3.1,1724.0,0.32,0.0,Autumn,No,Yes,University Branch,Science,Student,Thursday,11,16,0,Hot,0
2023-11-16,16,73.0,38.5,75.9,1.7,1399.0,3.2,0.0,Autumn,No,Yes,University Branch,History,Premium,Thursday,11,16,1,Hot,0
2023-11-16,17,91.0,34.9,55.9,5.5,1507.0,0.64,0.0,Autumn,No,Yes,University Branch,History,Student,Thursday,11,16,1,Warm,0
2023-11-16,18,70.0,34.2,61.8,6.8,1119.0,2.76,0.0,Autumn,No,Yes,Al Rawdah Branch,Children,Premium,Thursday,11,16,1,Warm,0
2023-11-16,19,30.0,34.6,40.6,2.6,1118.0,0.0,0.0,Autumn,No,Yes,Corniche Kiosk,Arabic Literature,Walk-In,Thursday,11,16,1,Warm,0
2023-11-16,20,63.0,34.1,74.4,2.8,1257.0,0.0,0.0,Autumn,No,Yes,Downtown Central,Business,Premium,Thursday,11,16,0,Warm,0
2023-11-16,22,39.0,34.6,40.9,3.5,1632.0,0.0,0.0,Autumn,No,Yes,University Branch,Business,Walk-In,Thursday,11,16,0,Warm,0
2023-11-17,8,32.0,29.8,52.9,6.7,1028.0,0.8,0.0,Autumn,Yes,Yes,Al Rawdah Branch,Fiction,Regular,Friday,11,17,0,Warm,1
2023-11-17,9,49.0,30.5,43.7,5.4,1648.0,2.72,0.0,Autumn,Yes,Yes,Al Hamra Branch,Children,Premium,Friday,11,17,1,Warm,1
2023-11-17,11,51.0,33.1,60.8,5.7,1009.0,0.05,0.0,Autumn,Yes,Yes,Downtown Central,Technology,Walk-In,Friday,11,17,1,Warm,1
2023-11-17,12,15.0,35.7,59.0,3.4,1874.0,0.53,0.0,Autumn,Yes,Yes,Corniche Kiosk,Children,Regular,Friday,11,17,0,Hot,1
2023-11-17,13,36.0,36.8,46.0,1.1,1265.0,0.94,0.0,Autumn,Yes,Yes,Downtown Central,Non-Fiction,Regular,Friday,11,17,0,Hot,1
2023-11-17,18,58.0,31.7,70.2,2.8,828.0,1.41,0.0,Autumn,Yes,Yes,Al Rawdah Branch,Science,Student,Friday,11,17,1,Warm,1
2023-11-17,19,66.0,32.1,61.0,5.2,1692.0,0.0,0.0,Autumn,Yes,Yes,University Branch,Business,Premium,Friday,11,17,1,Warm,1
2023-11-17,20,29.0,31.5,48.9,5.8,1159.0,0.0,0.0,Autumn,Yes,Yes,Al Rawdah Branch,Arabic Literature,Regular,Friday,11,17,0,Warm,1
2023-11-17,22,30.0,30.5,46.7,6.7,1941.0,0.0,2.3,Autumn,Yes,Yes,Downtown Central,Non-Fiction,Student,Friday,11,17,0,Warm,1
2023-11-18,8,42.0,30.5,72.0,0.8,1698.0,3.06,0.0,Autumn,No,Yes,University Branch,Business,Walk-In,Saturday,11,18,0,Warm,1
2023-11-18,9,65.0,30.2,54.3,3.2,1532.0,2.24,0.0,Autumn,No,Yes,University Branch,Arabic Literature,Walk-In,Saturday,11,18,1,Warm,1
2023-11-18,10,104.0,30.1,47.9,1.8,1958.0,0.5,0.0,Autumn,No,Yes,Downtown Central,History,Student,Saturday,11,18,1,Warm,1
2023-11-18,11,45.0,32.7,47.7,7.5,891.0,0.91,0.0,Autumn,No,Yes,Al Hamra Branch,Non-Fiction,Walk-In,Saturday,11,18,1,Warm,1
2023-11-18,13,76.0,32.2,53.5,4.9,1243.0,3.5,0.0,Autumn,No,Yes,Downtown Central,History,Student,Saturday,11,18,0,Warm,1
2023-11-18,15,59.0,34.0,42.2,5.0,1159.0,1.63,2.8,Autumn,No,Yes,Downtown Central,Non-Fiction,Student,Saturday,11,18,0,Warm,1
2023-11-18,19,76.0,32.6,48.4,3.2,1207.0,0.0,0.0,Autumn,No,Yes,University Branch,Business,Regular,Saturday,11,18,1,Warm,1
2023-11-19,8,35.0,31.6,67.5,5.5,1424.0,0.2,0.6,Autumn,No,Yes,Al Rawdah Branch,Children,Student,Sunday,11,19,0,Warm,0
2023-11-19,9,55.0,29.3,73.4,4.9,1157.0,0.96,0.0,Autumn,No,Yes,Al Rawdah Branch,History,Regular,Sunday,11,19,1,Warm,0
2023-11-19,10,62.0,32.3,72.5,6.9,1170.0,0.76,0.0,Autumn,No,Yes,Al Rawdah Branch,Science,Premium,Sunday,11,19,1,Warm,0
2023-11-19,11,35.0,33.5,68.1,7.9,1359.0,1.07,0.0,Autumn,No,Yes,Corniche Kiosk,Business,Premium,Sunday,11,19,1,Warm,0
2023-11-19,12,36.0,36.7,65.7,6.1,1831.0,2.52,0.0,Autumn,No,Yes,Al Rawdah Branch,Non-Fiction,Walk-In,Sunday,11,19,0,Hot,0
2023-11-19,13,39.0,35.6,54.9,7.4,1546.0,3.0,2.5,Autumn,No,Yes,Al Rawdah Branch,History,Regular,Sunday,11,19,0,Hot,0
2023-11-19,14,47.0,34.5,67.8,2.6,1551.0,1.53,0.0,Autumn,No,Yes,Al Hamra Branch,Children,Student,Sunday,11,19,0,Warm,0
2023-11-19,16,74.0,35.5,54.8,3.0,1764.0,1.38,2.7,Autumn,No,Yes,Downtown Central,Fiction,Premium,Sunday,11,19,1,Hot,0
2023-11-19,17,40.0,33.3,66.4,2.5,1918.0,2.53,0.0,Autumn,No,Yes,Corniche Kiosk,Non-Fiction,Premium,Sunday,11,19,1,Warm,0
2023-11-19,18,64.0,32.2,61.1,5.5,1834.0,1.89,0.0,Autumn,No,Yes,Al Hamra Branch,Science,Premium,Sunday,11,19,1,Warm,0
2023-11-19,19,58.0,32.2,71.9,5.9,1835.0,0.0,0.0,Autumn,No,Yes,Al Hamra Branch,Science,Regular,Sunday,11,19,1,Warm,0
2023-11-19,22,33.0,31.1,50.4,4.9,1047.0,0.0,0.0,Autumn,No,Yes,Al Hamra Branch,Children,Regular,Sunday,11,19,0,Warm,0
2023-11-20,8,34.0,30.2,58.9,2.5,1152.0,0.11,0.0,Autumn,No,Yes,Corniche Kiosk,Fiction,Student,Monday,11,20,0,Warm,0
2023-11-20,9,35.0,30.6,60.6,5.8,962.0,2.23,0.0,Autumn,No,Yes,Corniche Kiosk,Business,Regular,Monday,11,20,1,Warm,0
2023-11-20,11,91.0,31.8,58.0,5.8,1852.0,0.93,0.0,Autumn,No,Yes,Downtown Central,Non-Fiction,Premium,Monday,11,20,1,Warm,0
2023-11-20,13,43.0,37.3,43.6,1.3,1735.0,2.2,0.0,Autumn,No,Yes,Al Rawdah Branch,Fiction,Premium,Monday,11,20,0,Hot,0
2023-11-20,15,20.0,36.4,60.2,2.6,1951.0,0.21,1.0,Autumn,No,Yes,Corniche Kiosk,Non-Fiction,Premium,Monday,11,20,0,Hot,0
2023-11-20,16,103.0,34.7,58.8,4.7,1582.0,2.42,0.0,Autumn,No,Yes,Downtown Central,History,Premium,Monday,11,20,1,Warm,0
2023-11-20,17,103.0,33.7,71.0,7.8,1397.0,1.58,0.0,Autumn,No,Yes,Downtown Central,Science,Student,Monday,11,20,1,Warm,0
2023-11-20,18,70.0,33.2,75.2,1.2,1509.0,0.49,0.0,Autumn,No,Yes,Downtown Central,History,Walk-In,Monday,11,20,1,Warm,0
2023-11-20,19,50.0,32.0,48.1,4.2,1927.0,0.0,0.0,Autumn,No,Yes,Al Rawdah Branch,Fiction,Walk-In,Monday,11,20,1,Warm,0
2023-11-20,20,49.0,31.2,41.4,5.8,905.0,0.0,0.0,Autumn,No,Yes,Al Rawdah Branch,Non-Fiction,Premium,Monday,11,20,0,Warm,0
2023-11-20,21,58.0,31.8,51.9,1.8,1463.0,0.0,0.0,Autumn,No,Yes,University Branch,Arabic Literature,Student,Monday,11,20,0,Warm,0
2023-11-20,22,27.0,32.4,54.9,2.6,1077.0,0.0,0.0,Autumn,No,Yes,Al Hamra Branch,Technology,Walk-In,Monday,11,20,0,Warm,0
2023-11-21,8,66.0,29.5,59.0,1.6,1041.0,1.92,0.0,Autumn,No,Yes,University Branch,Non-Fiction,Premium,Tuesday,11,21,0,Warm,0
2023-11-21,10,101.0,31.6,43.1,3.3,1877.0,3.0,0.0,Autumn,No,Yes,Downtown Central,Science,Premium,Tuesday,11,21,1,Warm,0
2023-11-21,11,71.0,31.6,60.1,1.9,1471.0,2.41,0.0,Autumn,No,Yes,Al Rawdah Branch,History,Student,Tuesday,11,21,1,Warm,0
2023-11-21,13,30.0,34.9,49.7,3.1,999.0,1.21,0.0,Autumn,No,Yes,Al Hamra Branch,History,Walk-In,Tuesday,11,21,0,Warm,0
2023-11-21,14,77.0,36.2,45.0,2.5,1468.0,1.83,0.0,Autumn,No,Yes,Downtown Central,Children,Student,Tuesday,11,21,0,Hot,0
2023-11-21,18,80.0,33.5,47.6,3.2,1291.0,1.39,0.0,Autumn,No,Yes,Downtown Central,Arabic Literature,Walk-In,Tuesday,11,21,1,Warm,0
2023-11-21,19,84.0,31.8,76.5,5.4,893.0,0.0,0.0,Autumn,No,Yes,University Branch,Business,Regular,Tuesday,11,21,1,Warm,0
2023-11-21,20,23.0,31.5,49.5,4.5,1909.0,0.0,0.0,Autumn,No,Yes,Corniche Kiosk,Non-Fiction,Walk-In,Tuesday,11,21,0,Warm,0
2023-11-21,22,61.0,31.4,63.9,4.6,1387.0,0.0,0.0,Autumn,No,Yes,Downtown Central,Fiction,Student,Tuesday,11,21,0,Warm,0
2023-11-22,9,67.0,31.3,36.9,1.4,1702.0,2.63,0.0,Autumn,No,Yes,Al Rawdah Branch,Technology,Regular,Wednesday,11,22,1,Warm,0
2023-11-22,10,49.0,34.8,60.1,5.2,1676.0,2.05,0.0,Autumn,No,Yes,Al Rawdah Branch,Arabic Literature,Walk-In,Wednesday,11,22,1,Warm,0
2023-11-22,12,51.0,37.3,52.2,1.5,943.0,0.03,0.0,Autumn,No,Yes,University Branch,History,Premium,Wednesday,11,22,0,Hot,0
2023-11-22,13,31.0,37.4,71.0,6.9,1812.0,3.17,0.0,Autumn,No,Yes,Corniche Kiosk,Science,Student,Wednesday,11,22,0,Hot,0
2023-11-22,14,42.0,38.0,60.2,7.8,1696.0,2.01,0.0,Autumn,No,Yes,Al Rawdah Branch,Arabic Literature,Student,Wednesday,11,22,0,Hot,0
2023-11-22,15,56.0,37.6,42.5,0.9,1898.0,2.79,0.0,Autumn,No,Yes,University Branch,Arabic Literature,Regular,Wednesday,11,22,0,Hot,0
2023-11-22,16,63.0,37.3,41.2,3.8,1598.0,1.89,0.0,Autumn,No,Yes,Al Rawdah Branch,Non-Fiction,Student,Wednesday,11,22,1,Hot,0
2023-11-22,17,69.0,34.7,48.6,0.9,1121.0,2.3,0.0,Autumn,No,Yes,Al Rawdah Branch,Children,Premium,Wednesday,11,22,1,Warm,0
2023-11-22,18,48.0,32.9,51.8,3.2,1929.0,3.31,0.0,Autumn,No,Yes,Corniche Kiosk,Children,Student,Wednesday,11,22,1,Warm,0
2023-11-22,19,60.0,34.8,71.3,7.2,861.0,0.0,1.0,Autumn,No,Yes,Downtown Central,Fiction,Walk-In,Wednesday,11,22,1,Warm,0
2023-11-22,20,40.0,33.9,62.7,3.0,1559.0,0.0,0.0,Autumn,No,Yes,Al Hamra Branch,Technology,Premium,Wednesday,11,22,0,Warm,0
2023-11-22,22,27.0,33.8,67.3,2.3,1167.0,0.0,0.0,Autumn,No,Yes,Al Hamra Branch,Science,Walk-In,Wednesday,11,22,0,Warm,0
2023-11-23,8,55.0,26.8,53.4,0.9,1078.0,0.4,0.0,Nan,Yes,Yes,University Branch,Business,Student,Thursday,11,23,0,Warm,0
2023-11-23,9,67.0,25.6,70.5,2.7,1725.0,2.86,0.0,Autumn,Yes,Yes,University Branch,Science,Regular,Thursday,11,23,1,Warm,0
2023-11-23,11,58.0,27.6,72.9,1.7,1917.0,0.72,0.0,Autumn,Yes,Yes,Al Rawdah Branch,Children,Student,Thursday,11,23,1,Warm,0
2023-11-23,12,36.0,30.8,67.3,5.2,999.0,3.07,0.0,Autumn,Yes,Yes,Al Hamra Branch,Children,Regular,Thursday,11,23,0,Warm,0
2023-11-23,14,61.0,32.2,52.0,3.6,1951.0,3.07,0.0,Autumn,Yes,Yes,Downtown Central,History,Regular,Thursday,11,23,0,Warm,0
2023-11-23,16,32.0,31.4,59.4,3.6,1233.0,1.87,0.4,Autumn,Yes,Yes,Corniche Kiosk,Fiction,Premium,Thursday,11,23,1,Warm,0
2023-11-23,17,76.0,27.4,41.3,4.3,1898.0,0.66,0.0,Autumn,Yes,Yes,University Branch,History,Regular,Thursday,11,23,1,Warm,0
2023-11-23,19,53.0,29.3,39.9,7.1,1060.0,0.0,0.0,Autumn,Yes,Yes,Al Hamra Branch,Arabic Literature,Regular,Thursday,11,23,1,Warm,0
2023-11-23,20,23.0,27.8,67.4,7.5,922.0,0.0,0.0,Autumn,Yes,Yes,Corniche Kiosk,History,Premium,Thursday,11,23,0,Warm,0
2023-11-23,22,30.0,27.7,44.2,4.6,1094.0,0.0,0.0,Autumn,Yes,Yes,Al Hamra Branch,Technology,Regular,Thursday,11,23,0,Warm,0
2023-11-24,8,18.0,35.7,71.3,2.7,1669.0,2.13,0.0,Autumn,Yes,Yes,Al Hamra Branch,Non-Fiction,Walk-In,Friday,11,24,0,Hot,1
2023-11-24,9,61.0,35.1,72.4,5.3,1902.0,1.9,0.0,Autumn,Yes,Yes,Downtown Central,Business,Premium,Friday,11,24,1,Hot,1
2023-11-24,10,22.0,36.5,51.9,1.9,1883.0,3.36,0.0,Autumn,Yes,Yes,Corniche Kiosk,Arabic Literature,Regular,Friday,11,24,1,Hot,1
2023-11-24,12,21.0,40.5,52.6,3.9,1573.0,1.12,0.0,Autumn,Yes,Yes,Downtown Central,Arabic Literature,Student,Friday,11,24,0,Hot,1
2023-11-24,13,18.0,41.6,53.1,6.9,1606.0,3.06,0.0,Autumn,Yes,Yes,Al Hamra Branch,History,Walk-In,Friday,11,24,0,Hot,1
2023-11-24,14,17.0,41.3,68.7,2.8,1766.0,0.43,0.0,Autumn,Yes,Yes,University Branch,Technology,Premium,Friday,11,24,0,Hot,1
2023-11-24,16,16.0,41.5,53.9,7.1,1487.0,2.55,0.0,Autumn,Yes,Yes,Corniche Kiosk,Business,Walk-In,Friday,11,24,1,Hot,1
2023-11-24,17,22.0,38.3,74.2,6.6,1399.0,2.39,0.0,Autumn,Yes,Yes,Corniche Kiosk,Children,Regular,Friday,11,24,1,Hot,1
2023-11-24,18,48.0,36.4,51.3,4.0,1045.0,2.45,0.0,Autumn,Yes,Yes,Al Rawdah Branch,Children,Premium,Friday,11,24,1,Hot,1
2023-11-24,19,46.0,37.8,56.1,5.7,967.0,0.0,0.0,Autumn,Yes,Yes,University Branch,Technology,Walk-In,Friday,11,24,1,Hot,1
2023-11-24,21,21.0,34.1,71.3,4.8,1467.0,0.0,0.0,Autumn,Yes,Yes,Al Rawdah Branch,Fiction,Student,Friday,11,24,0,Warm,1
2023-11-25,9,73.0,35.1,60.3,0.7,1130.0,0.75,0.0,Autumn,No,Yes,Downtown Central,Technology,Nan,Saturday,11,25,1,Hot,1
2023-11-25,10,39.0,38.0,56.4,3.7,985.0,2.74,0.0,Autumn,No,Yes,Al Hamra Branch,Non-Fiction,Walk-In,Saturday,11,25,1,Hot,1
2023-11-25,11,56.0,36.0,64.4,6.2,879.0,1.07,0.0,Autumn,No,Yes,University Branch,Arabic Literature,Walk-In,Saturday,11,25,1,Hot,1
2023-11-25,12,24.0,40.0,47.1,1.8,877.0,1.0,0.0,Autumn,No,Yes,Al Rawdah Branch,Science,Regular,Saturday,11,25,0,Hot,1
2023-11-25,13,37.0,40.7,40.0,5.7,1935.0,1.23,0.0,Autumn,No,Yes,University Branch,History,Student,Saturday,11,25,0,Hot,1
2023-11-25,14,18.0,39.0,53.2,4.7,1128.0,1.34,0.0,Autumn,No,Yes,Corniche Kiosk,Children,Premium,Saturday,11,25,0,Hot,1
2023-11-25,17,23.0,38.1,69.0,7.7,1878.0,0.49,0.0,Autumn,No,Yes,Corniche Kiosk,Business,Regular,Saturday,11,25,1,Hot,1
2023-11-25,18,41.0,36.1,50.2,3.8,1017.0,2.88,4.6,Autumn,No,Yes,Al Rawdah Branch,Children,Walk-In,Saturday,11,25,1,Hot,1
2023-11-25,19,59.0,38.1,78.1,2.9,1015.0,0.0,0.0,Autumn,No,Yes,University Branch,Arabic Literature,Premium,Saturday,11,25,1,Hot,1
2023-11-25,20,21.0,35.5,68.5,2.4,853.0,0.0,1.7,Autumn,No,Yes,Al Rawdah Branch,Technology,Premium,Saturday,11,25,0,Hot,1
2023-11-25,21,25.0,34.7,50.1,5.5,1291.0,0.0,0.0,Autumn,No,Yes,Corniche Kiosk,Arabic Literature,Student,Saturday,11,25,0,Warm,1
2023-11-25,22,23.0,34.7,46.9,4.9,1282.0,0.0,0.0,Autumn,No,Yes,Al Rawdah Branch,Fiction,Walk-In,Saturday,11,25,0,Warm,1
2023-11-26,8,31.0,30.5,59.8,5.8,860.0,0.9,0.0,Autumn,No,Yes,Corniche Kiosk,Business,Premium,Sunday,11,26,0,Warm,0
2023-11-26,9,58.0,31.0,74.0,4.6,1941.0,2.63,0.0,Autumn,No,Yes,Al Hamra Branch,Business,Premium,Sunday,11,26,1,Warm,0
2023-11-26,11,48.0,32.2,51.6,5.1,1428.0,1.19,0.0,Autumn,No,Yes,Al Rawdah Branch,Technology,Walk-In,Sunday,11,26,1,Warm,0
2023-11-26,14,42.0,36.3,69.0,6.1,1334.0,3.3,0.0,Autumn,No,Yes,Al Hamra Branch,Non-Fiction,Regular,Sunday,11,26,0,Hot,0
2023-11-26,15,67.0,36.9,44.3,4.2,1548.0,2.02,0.0,Autumn,No,Yes,Downtown Central,Arabic Literature,Premium,Sunday,11,26,0,Hot,0
2023-11-26,16,80.0,36.8,64.0,0.6,919.0,1.28,0.0,Autumn,No,Yes,University Branch,History,Premium,Sunday,11,26,1,Hot,0
2023-11-26,17,33.0,33.5,68.0,1.1,1180.0,3.39,0.0,Autumn,No,Yes,Corniche Kiosk,History,Walk-In,Sunday,11,26,1,Warm,0
2023-11-26,18,68.0,35.1,55.5,5.0,1905.0,2.95,0.0,Nan,No,Yes,University Branch,Science,Walk-In,Sunday,11,26,1,Hot,0
2023-11-26,19,92.0,32.8,50.3,2.8,1464.0,0.0,0.0,Autumn,No,Yes,Downtown Central,Science,Premium,Sunday,11,26,1,Warm,0
2023-11-26,20,50.0,32.1,48.3,2.5,1232.0,0.0,0.0,Autumn,No,Yes,Al Rawdah Branch,Technology,Regular,Sunday,11,26,0,Warm,0
2023-11-26,21,31.0,32.5,61.9,1.9,1733.0,0.0,0.0,Autumn,No,Yes,Al Hamra Branch,Science,Regular,Sunday,11,26,0,Warm,0
2023-11-26,22,45.0,33.1,53.5,2.2,1373.0,0.0,0.0,Autumn,No,Yes,Downtown Central,Business,Walk-In,Sunday,11,26,0,Warm,0
2023-11-27,10,86.0,33.1,49.8,5.2,825.0,1.86,0.0,Autumn,No,Yes,University Branch,Children,Premium,Monday,11,27,1,Warm,0
2023-11-27,11,58.0,31.9,56.0,7.3,1784.0,1.74,0.0,Autumn,No,Yes,Al Rawdah Branch,Science,Regular,Monday,11,27,1,Warm,0
2023-11-27,12,58.0,37.2,49.6,6.0,1521.0,0.49,0.0,Autumn,No,Yes,Downtown Central,Children,Premium,Monday,11,27,0,Hot,0
2023-11-27,16,83.0,34.9,53.4,3.4,1447.0,2.4,0.0,Autumn,No,Yes,Downtown Central,Non-Fiction,Regular,Monday,11,27,1,Warm,0
2023-11-27,17,86.0,31.6,38.4,1.3,927.0,3.41,0.0,Autumn,No,Yes,Downtown Central,History,Nan,Monday,11,27,1,Warm,0
2023-11-27,19,61.0,33.0,53.3,7.0,1548.0,0.0,0.0,Autumn,No,Yes,Al Hamra Branch,History,Student,Monday,11,27,1,Warm,0
2023-11-27,21,44.0,29.9,60.2,2.4,1968.0,0.0,0.0,Autumn,No,Yes,University Branch,Children,Regular,Monday,11,27,0,Warm,0
2023-11-27,22,54.0,30.8,43.3,3.0,1036.0,0.0,0.0,Autumn,No,Yes,Downtown Central,Fiction,Regular,Monday,11,27,0,Warm,0
2023-11-28,9,84.0,28.8,56.3,4.5,1992.0,1.15,0.0,Autumn,No,Yes,University Branch,Fiction,Nan,Tuesday,11,28,1,Warm,0
2023-11-28,10,86.0,31.1,77.5,5.0,1768.0,2.91,0.0,Autumn,No,Yes,Downtown Central,Business,Regular,Tuesday,11,28,1,Warm,0
2023-11-28,11,62.0,29.8,48.4,5.5,1494.0,2.38,0.0,Autumn,No,Yes,Al Hamra Branch,Non-Fiction,Premium,Tuesday,11,28,1,Warm,0
2023-11-28,12,49.0,33.6,72.6,4.9,1614.0,3.27,0.0,Autumn,No,Yes,Al Hamra Branch,Fiction,Premium,Tuesday,11,28,0,Warm,0
2023-11-28,13,57.0,34.1,62.4,3.6,1156.0,1.86,0.0,Autumn,No,Yes,Downtown Central,Science,Walk-In,Tuesday,11,28,0,Warm,0
2023-11-28,15,42.0,32.1,58.8,7.7,1035.0,2.62,0.0,Autumn,No,Yes,Corniche Kiosk,Business,Student,Tuesday,11,28,0,Warm,0
2023-11-28,16,46.0,33.6,47.5,5.1,1238.0,2.14,0.0,Autumn,No,Yes,Corniche Kiosk,Business,Premium,Tuesday,11,28,1,Warm,0
2023-11-28,17,77.0,31.4,42.1,3.7,1037.0,3.09,0.0,Autumn,No,Yes,Downtown Central,Science,Walk-In,Tuesday,11,28,1,Warm,0
2023-11-28,18,105.0,31.7,42.8,1.3,1136.0,1.87,0.0,Nan,No,Yes,Downtown Central,Fiction,Premium,Tuesday,11,28,1,Warm,0
2023-11-28,19,70.0,31.6,60.6,7.0,1401.0,0.0,0.0,Autumn,No,Yes,Al Hamra Branch,Arabic Literature,Student,Tuesday,11,28,1,Warm,0
2023-11-28,21,62.0,27.0,70.6,1.1,1665.0,0.0,0.0,Autumn,No,Yes,University Branch,Arabic Literature,Student,Tuesday,11,28,0,Warm,0
2023-11-28,22,27.0,29.7,45.9,4.5,1713.0,0.0,0.0,Autumn,No,Yes,Al Rawdah Branch,Arabic Literature,Walk-In,Tuesday,11,28,0,Warm,0
2023-11-29,8,44.0,35.1,64.3,1.8,1065.0,3.3,0.0,Autumn,No,Yes,Al Rawdah Branch,Technology,Regular,Wednesday,11,29,0,Hot,0
2023-11-29,12,26.0,39.5,41.3,7.3,981.0,0.18,0.0,Autumn,No,Yes,Al Hamra Branch,Non-Fiction,Walk-In,Wednesday,11,29,0,Hot,0
2023-11-29,16,60.0,38.2,52.4,1.3,938.0,1.64,0.0,Autumn,No,Yes,Downtown Central,Technology,Walk-In,Wednesday,11,29,1,Hot,0
2023-11-29,18,54.0,36.2,70.5,7.5,1888.0,0.11,0.0,Autumn,No,Yes,University Branch,Non-Fiction,Walk-In,Wednesday,11,29,1,Hot,0
2023-11-29,19,46.0,35.8,64.4,5.8,937.0,0.0,0.0,Autumn,No,Yes,Al Rawdah Branch,Technology,Walk-In,Wednesday,11,29,1,Hot,0
2023-11-29,20,56.0,34.3,53.5,4.3,934.0,0.0,0.0,Autumn,No,Yes,University Branch,Arabic Literature,Student,Wednesday,11,29,0,Warm,0
2023-11-29,21,22.0,35.2,64.1,7.4,1506.0,0.0,0.0,Autumn,No,Yes,Corniche Kiosk,Non-Fiction,Premium,Wednesday,11,29,0,Hot,0
2023-11-29,22,39.0,34.3,56.2,1.3,826.0,0.0,0.0,Autumn,No,Yes,Al Hamra Branch,Technology,Premium,Wednesday,11,29,0,Warm,0
2023-11-30,11,80.0,33.0,69.3,4.4,1091.0,1.24,0.0,Autumn,No,Yes,Downtown Central,Business,Regular,Thursday,11,30,1,Warm,0
2023-11-30,12,31.0,38.0,63.5,2.4,1930.0,1.33,0.0,Autumn,No,Yes,Al Hamra Branch,Arabic Literature,Walk-In,Thursday,11,30,0,Hot,0
2023-11-30,15,20.0,37.1,50.1,3.1,1763.0,2.92,0.0,Autumn,No,Yes,Corniche Kiosk,Science,Regular,Thursday,11,30,0,Hot,0
2023-11-30,16,55.0,36.3,60.9,4.4,1904.0,0.95,0.0,Autumn,No,Yes,Al Rawdah Branch,Business,Regular,Thursday,11,30,1,Hot,0
2023-11-30,17,38.0,35.4,56.8,4.2,1359.0,2.35,0.8,Autumn,No,Yes,Corniche Kiosk,Business,Premium,Thursday,11,30,1,Hot,0
2023-11-30,20,35.0,33.3,54.7,3.8,884.0,0.0,4.6,Autumn,No,Yes,University Branch,Fiction,Walk-In,Thursday,11,30,0,Warm,0
2023-11-30,21,32.0,33.1,65.3,1.2,1464.0,0.0,0.0,Autumn,No,Yes,Al Rawdah Branch,Business,Walk-In,Thursday,11,30,0,Warm,0
2023-11-30,22,37.0,31.4,68.3,2.6,973.0,0.0,0.0,Autumn,No,Yes,Al Hamra Branch,Science,Premium,Thursday,11,30,0,Warm,0
2023-12-02,8,34.0,22.4,65.5,5.7,1019.0,0.45,0.0,Winter,No,Yes,Al Hamra Branch,Business,Premium,Saturday,12,2,0,Cool,1
2023-12-02,10,43.0,24.6,47.8,7.0,1229.0,2.18,0.0,Winter,No,Yes,Al Hamra Branch,Arabic Literature,Walk-In,Saturday,12,2,1,Cool,1
2023-12-02,12,38.0,25.3,74.4,1.4,1820.0,2.11,0.0,Winter,No,Yes,Al Rawdah Branch,Fiction,Walk-In,Saturday,12,2,0,Warm,1
2023-12-02,16,43.0,25.5,78.1,4.5,1769.0,1.2,0.0,Winter,No,Yes,Corniche Kiosk,Arabic Literature,Student,Saturday,12,2,1,Warm,1
2023-12-02,18,58.0,23.2,55.3,3.9,1075.0,1.8,0.0,Winter,No,Yes,Al Hamra Branch,Children,Regular,Saturday,12,2,1,Cool,1
2023-12-02,20,26.0,20.2,50.2,3.5,1581.0,0.0,0.0,Winter,No,Yes,Al Rawdah Branch,Business,Walk-In,Saturday,12,2,0,Cool,1
2023-12-02,21,25.0,20.2,69.4,6.2,1911.0,0.0,0.0,Winter,No,Yes,Al Rawdah Branch,Arabic Literature,Student,Saturday,12,2,0,Cool,1
2023-12-03,10,82.0,21.7,69.7,5.5,957.0,3.15,0.0,Winter,No,Yes,Downtown Central,Fiction,Regular,Sunday,12,3,1,Cool,0
2023-12-03,11,47.0,21.6,62.0,5.4,1138.0,1.58,0.0,Winter,No,Yes,Al Rawdah Branch,Science,Walk-In,Sunday,12,3,1,Cool,0
2023-12-03,12,32.0,24.1,56.2,0.5,935.0,0.59,0.0,Winter,No,Yes,Corniche Kiosk,Business,Regular,Sunday,12,3,0,Cool,0
2023-12-03,13,50.0,22.8,60.2,1.2,1619.0,3.18,0.0,Winter,No,Yes,Al Hamra Branch,History,Regular,Sunday,12,3,0,Cool,0
2023-12-03,15,39.0,23.7,73.7,4.8,1238.0,2.68,0.0,Winter,No,Yes,Corniche Kiosk,Fiction,Student,Sunday,12,3,0,Cool,0
2023-12-03,16,84.0,23.7,70.4,1.4,1916.0,2.12,0.0,Winter,No,Yes,University Branch,Business,Regular,Sunday,12,3,1,Cool,0
2023-12-03,17,95.0,20.3,39.4,5.8,1570.0,2.4,0.0,Winter,No,Yes,Downtown Central,Science,Premium,Sunday,12,3,1,Cool,0
2023-12-03,18,64.0,21.2,57.0,6.7,1080.0,2.23,0.0,Winter,No,Yes,Al Rawdah Branch,Business,Regular,Sunday,12,3,1,Cool,0
2023-12-03,19,56.0,19.2,62.3,4.2,1435.0,0.0,0.0,Winter,No,Yes,Al Hamra Branch,Business,Student,Sunday,12,3,1,Cool,0
2023-12-03,20,35.0,19.8,51.6,7.3,1149.0,0.0,0.0,Winter,No,Yes,Al Hamra Branch,Non-Fiction,Regular,Sunday,12,3,0,Cool,0
2023-12-03,21,23.0,17.7,65.3,1.1,1851.0,0.0,0.0,Winter,No,Yes,Al Rawdah Branch,Science,Student,Sunday,12,3,0,Cool,0
2023-12-03,22,33.0,19.9,50.9,1.5,918.0,0.0,0.0,Winter,No,Yes,Al Hamra Branch,Arabic Literature,Premium,Sunday,12,3,0,Cool,0
2023-12-04,9,80.0,22.4,44.2,6.4,1779.0,0.27,0.0,Winter,No,Yes,Downtown Central,Arabic Literature,Regular,Monday,12,4,1,Cool,0
2023-12-04,11,54.0,24.2,46.8,1.9,1916.0,0.37,0.0,Winter,No,Yes,Al Rawdah Branch,Technology,Regular,Monday,12,4,1,Cool,0
2023-12-04,15,91.0,27.2,71.7,2.7,1723.0,1.085,0.0,Winter,No,Yes,Downtown Central,Technology,Student,Monday,12,4,0,Warm,0
2023-12-04,17,96.0,23.7,70.4,5.3,1309.0,1.11,0.0,Winter,No,Yes,University Branch,Technology,Student,Monday,12,4,1,Cool,0
2023-12-04,18,88.0,23.1,47.1,2.1,1251.0,1.39,3.9,Winter,No,Yes,Downtown Central,Technology,Premium,Monday,12,4,1,Cool,0
2023-12-04,20,37.0,22.8,52.3,5.8,1399.0,0.0,0.0,Winter,No,Yes,Al Hamra Branch,Children,Regular,Monday,12,4,0,Cool,0
2023-12-05,9,61.0,21.7,60.2,1.3,1994.0,2.95,0.0,Winter,No,Yes,Al Hamra Branch,History,Premium,Tuesday,12,5,1,Cool,0
2023-12-05,10,71.0,25.2,50.6,5.1,1658.0,0.84,0.0,Winter,No,Yes,Al Rawdah Branch,Arabic Literature,Student,Tuesday,12,5,1,Warm,0
2023-12-05,14,31.0,28.1,47.9,6.6,930.0,0.21,0.0,Winter,No,Yes,Corniche Kiosk,Fiction,Regular,Tuesday,12,5,0,Warm,0
2023-12-05,18,68.0,23.4,58.6,0.8,1871.0,0.09,0.0,Winter,No,Yes,Downtown Central,Children,Walk-In,Tuesday,12,5,1,Cool,0
2023-12-05,22,16.0,23.3,54.0,3.0,1960.0,0.0,0.0,Winter,No,Yes,Corniche Kiosk,Arabic Literature,Walk-In,Tuesday,12,5,0,Cool,0
2023-12-06,9,60.0,20.8,59.2,4.1,1475.0,3.32,0.0,Winter,No,Yes,Al Hamra Branch,History,Student,Wednesday,12,6,1,Cool,0
2023-12-06,10,48.0,22.9,59.2,4.2,1699.0,1.97,0.0,Winter,No,Yes,Al Rawdah Branch,History,Walk-In,Wednesday,12,6,1,Cool,0
2023-12-06,12,50.0,25.7,60.7,2.3,1142.0,0.02,0.0,Winter,No,Yes,Al Rawdah Branch,Business,Premium,Wednesday,12,6,0,Warm,0
2023-12-06,13,56.0,27.1,46.3,4.2,1720.0,1.53,0.0,Winter,No,Yes,Al Rawdah Branch,Technology,Regular,Wednesday,12,6,0,Warm,0
2023-12-06,14,61.0,27.1,37.9,7.1,1500.0,0.38,0.0,Winter,No,Yes,Al Rawdah Branch,Arabic Literature,Student,Wednesday,12,6,0,Warm,0
2023-12-06,15,62.0,25.7,40.7,2.0,1547.0,0.0,0.0,Winter,No,Yes,Al Rawdah Branch,Non-Fiction,Student,Wednesday,12,6,0,Warm,0
2023-12-06,16,87.0,27.6,69.4,6.9,1582.0,2.41,0.0,Winter,No,Yes,University Branch,Non-Fiction,Regular,Wednesday,12,6,1,Warm,0
2023-12-06,17,50.0,24.8,73.3,1.7,1834.0,0.94,0.0,Winter,No,Yes,Al Hamra Branch,Children,Nan,Wednesday,12,6,1,Cool,0
2023-12-06,20,47.0,21.0,49.6,1.6,1154.0,0.0,0.0,Winter,No,Yes,Downtown Central,Arabic Literature,Walk-In,Wednesday,12,6,0,Cool,0
2023-12-06,21,39.0,21.9,65.7,7.2,1820.0,0.0,0.0,Winter,No,Yes,Al Rawdah Branch,Business,Premium,Wednesday,12,6,0,Cool,0
2023-12-06,22,22.0,23.4,49.4,5.4,1219.0,0.0,0.0,Winter,No,Yes,Corniche Kiosk,Technology,Walk-In,Wednesday,12,6,0,Cool,0
2023-12-07,8,52.0,22.1,57.6,3.4,1839.0,2.34,0.0,Winter,No,Yes,Downtown Central,Children,Walk-In,Thursday,12,7,0,Cool,0
2023-12-07,10,64.0,25.1,66.0,0.6,1607.0,0.94,0.0,Winter,No,Yes,Al Rawdah Branch,Science,Premium,Thursday,12,7,1,Warm,0
2023-12-07,12,43.0,29.9,69.7,2.3,1506.0,2.21,3.1,Winter,No,Yes,University Branch,History,Walk-In,Thursday,12,7,0,Warm,0
2023-12-07,14,90.0,28.1,53.5,3.5,1939.0,3.5,0.0,Winter,No,Yes,Downtown Central,Fiction,Premium,Thursday,12,7,0,Warm,0
2023-12-07,15,56.0,29.9,50.7,5.7,1177.0,2.98,0.0,Winter,No,Yes,Al Hamra Branch,Non-Fiction,Student,Thursday,12,7,0,Warm,0
2023-12-07,16,91.0,29.6,52.8,6.3,1036.0,1.48,0.0,Winter,No,Yes,University Branch,Children,Regular,Thursday,12,7,1,Warm,0
2023-12-07,19,67.0,24.3,53.1,5.4,1641.0,0.0,0.0,Winter,No,Yes,Al Rawdah Branch,Science,Regular,Thursday,12,7,1,Cool,0
2023-12-07,20,45.0,23.2,63.3,1.1,1961.0,0.0,0.0,Winter,No,Yes,Al Rawdah Branch,Arabic Literature,Student,Thursday,12,7,0,Cool,0
2023-12-07,21,56.0,22.6,67.2,1.3,1507.0,0.0,0.0,Winter,No,Yes,Downtown Central,Science,Student,Thursday,12,7,0,Cool,0
2023-12-07,22,31.0,23.7,48.3,7.1,1073.0,0.0,0.0,Winter,No,Yes,Al Hamra Branch,Science,Walk-In,Thursday,12,7,0,Cool,0
2023-12-08,10,59.0,24.8,37.5,5.8,909.0,2.34,0.0,Winter,Yes,Yes,Downtown Central,Non-Fiction,Walk-In,Friday,12,8,1,Cool,1
2023-12-08,12,62.0,27.3,59.5,5.1,1290.0,0.29,0.0,Winter,Yes,Yes,Downtown Central,Fiction,Student,Friday,12,8,0,Warm,1
2023-12-08,13,47.0,27.1,43.7,7.5,1979.0,2.83,0.0,Winter,Yes,Yes,University Branch,Arabic Literature,Walk-In,Friday,12,8,0,Warm,1
2023-12-08,14,22.0,28.4,42.5,1.7,878.0,1.85,2.9,Winter,Yes,Yes,Corniche Kiosk,Technology,Premium,Friday,12,8,0,Warm,1
2023-12-08,16,28.0,27.2,47.8,4.2,923.0,0.99,0.0,Winter,Yes,Yes,Corniche Kiosk,Children,Regular,Friday,12,8,1,Warm,1
2023-12-08,19,28.0,26.1,49.0,5.5,1614.0,1.085,0.0,Winter,Yes,Yes,Corniche Kiosk,History,Walk-In,Friday,12,8,1,Warm,1
2023-12-08,20,10.0,22.9,63.6,4.6,1203.0,0.0,0.0,Winter,Yes,Yes,Al Hamra Branch,Fiction,Walk-In,Friday,12,8,0,Cool,1
2023-12-08,21,12.0,23.9,42.5,7.8,1456.0,0.0,0.0,Winter,Yes,Yes,Corniche Kiosk,History,Premium,Friday,12,8,0,Cool,1
2023-12-09,8,46.0,24.6,57.6,4.2,1482.0,0.94,0.0,Winter,No,Yes,Al Rawdah Branch,Arabic Literature,Student,Saturday,12,9,0,Cool,1
2023-12-09,9,83.0,24.8,72.7,5.2,1139.0,1.3,0.0,Winter,No,Yes,University Branch,Business,Student,Saturday,12,9,1,Cool,1
2023-12-09,10,89.0,24.0,54.6,2.5,1088.0,2.21,0.0,Winter,No,Yes,Downtown Central,Technology,Premium,Saturday,12,9,1,Cool,1
2023-12-09,12,32.0,29.2,47.8,4.6,826.0,1.05,0.0,Winter,No,Yes,Corniche Kiosk,Non-Fiction,Regular,Saturday,12,9,0,Warm,1
2023-12-09,13,50.0,28.6,51.3,5.2,1818.0,0.22,0.0,Winter,No,Yes,University Branch,Children,Walk-In,Saturday,12,9,0,Warm,1
2023-12-09,14,26.0,27.1,56.4,6.9,1856.0,1.27,0.0,Winter,No,Yes,Corniche Kiosk,Business,Walk-In,Saturday,12,9,0,Warm,1
2023-12-09,17,74.0,24.6,45.0,2.1,1087.0,0.26,0.0,Winter,No,Yes,Downtown Central,History,Walk-In,Saturday,12,9,1,Cool,1
2023-12-09,19,72.0,23.9,47.3,7.2,1843.0,0.0,0.2,Winter,No,Yes,University Branch,Technology,Regular,Saturday,12,9,1,Cool,1
2023-12-09,20,25.0,24.6,46.0,3.9,837.0,0.0,0.0,Winter,No,Yes,Corniche Kiosk,History,Premium,Saturday,12,9,0,Cool,1
2023-12-09,21,53.0,23.0,46.6,3.2,1817.0,0.0,0.0,Winter,No,Yes,Downtown Central,History,Student,Saturday,12,9,0,Cool,1
2023-12-09,22,28.0,32.2,40.4,4.0,1299.0,0.0,0.0,Winter,No,Yes,Al Rawdah Branch,Technology,Walk-In,Saturday,12,9,0,Warm,1
2023-12-10,11,63.0,27.2,70.5,5.2,1095.0,3.11,0.0,Winter,No,Yes,Al Rawdah Branch,History,Regular,Sunday,12,10,1,Warm,0
2023-12-10,13,89.0,32.2,54.0,3.5,1024.0,2.61,0.0,Winter,No,Yes,Downtown Central,Technology,Student,Sunday,12,10,0,Warm,0
2023-12-10,16,92.0,28.3,54.4,2.1,1970.0,2.27,0.0,Winter,No,Yes,University Branch,Business,Premium,Sunday,12,10,1,Warm,0
2023-12-10,17,72.0,25.3,58.5,3.2,1687.0,1.7,0.0,Winter,No,Yes,Al Rawdah Branch,Children,Premium,Sunday,12,10,1,Warm,0
2023-12-10,18,46.0,26.9,73.5,4.7,1203.0,3.16,0.0,Winter,No,Yes,Corniche Kiosk,Fiction,Premium,Sunday,12,10,1,Warm,0
2023-12-10,19,38.0,26.6,56.7,4.2,1814.0,0.0,0.0,Winter,No,Yes,Corniche Kiosk,Arabic Literature,Premium,Sunday,12,10,1,Warm,0
2023-12-10,20,55.0,25.5,56.6,6.1,1114.0,0.0,0.0,Winter,No,Yes,Al Rawdah Branch,Children,Student,Sunday,12,10,0,Warm,0
2023-12-10,21,54.0,25.7,42.2,5.6,1210.0,0.0,0.0,Winter,No,Yes,University Branch,Business,Premium,Sunday,12,10,0,Warm,0
2023-12-11,9,86.0,24.3,61.2,4.0,1093.0,1.96,0.0,Winter,No,Yes,University Branch,Technology,Premium,Monday,12,11,1,Cool,0
2023-12-11,10,52.0,26.3,69.0,5.1,1182.0,1.81,0.0,Winter,No,Yes,Al Rawdah Branch,History,Walk-In,Monday,12,11,1,Warm,0
2023-12-11,12,61.0,28.3,50.1,6.2,1942.0,3.5,0.0,Nan,No,Yes,University Branch,Business,Walk-In,Monday,12,11,0,Warm,0
2023-12-11,14,77.0,28.8,48.7,3.2,1438.0,0.18,0.0,Nan,No,Yes,University Branch,Fiction,Student,Monday,12,11,0,Warm,0
2023-12-11,15,57.0,28.8,53.8,4.8,1199.0,0.89,4.5,Winter,No,Yes,Al Rawdah Branch,Business,Student,Monday,12,11,0,Warm,0
2023-12-11,17,92.0,24.8,59.1,5.4,1957.0,3.34,0.0,Winter,No,Yes,University Branch,Fiction,Regular,Monday,12,11,1,Cool,0
2023-12-11,18,36.0,26.4,45.6,3.5,1648.0,1.98,0.0,Winter,No,Yes,Corniche Kiosk,Technology,Walk-In,Monday,12,11,1,Warm,0
2023-12-11,19,38.0,26.5,65.5,1.0,1166.0,0.0,0.0,Winter,No,Yes,Corniche Kiosk,History,Regular,Monday,12,11,1,Warm,0
2023-12-11,20,38.0,25.1,70.0,1.9,1386.0,0.0,0.0,Winter,No,Yes,Al Hamra Branch,Arabic Literature,Walk-In,Monday,12,11,0,Warm,0
2023-12-11,21,30.0,23.8,47.1,7.8,1265.0,0.0,0.0,Winter,No,Yes,Corniche Kiosk,Children,Student,Monday,12,11,0,Cool,0
2023-12-12,8,43.0,22.1,48.4,7.6,809.0,2.99,0.0,Winter,No,Yes,Al Hamra Branch,Children,Regular,Tuesday,12,12,0,Cool,0
2023-12-12,9,63.0,22.4,43.8,3.2,1832.0,2.72,0.0,Winter,No,Yes,Al Hamra Branch,Technology,Premium,Tuesday,12,12,1,Cool,0
2023-12-12,10,39.0,24.6,66.4,5.4,1215.0,0.19,0.0,Winter,No,Yes,Corniche Kiosk,Children,Premium,Tuesday,12,12,1,Cool,0
2023-12-12,12,74.0,26.9,54.8,1.0,1709.0,0.7,0.0,Winter,No,Yes,Downtown Central,History,Regular,Tuesday,12,12,0,Warm,0
2023-12-12,14,60.0,27.7,49.2,2.5,1375.0,0.9,0.0,Winter,No,Yes,Downtown Central,Fiction,Walk-In,Tuesday,12,12,0,Warm,0
2023-12-12,20,38.0,22.8,49.2,2.2,1467.0,0.0,0.0,Winter,No,Yes,Al Hamra Branch,Business,Premium,Tuesday,12,12,0,Cool,0
2023-12-13,9,93.0,22.9,65.4,2.2,1057.0,2.51,0.0,Winter,No,Yes,University Branch,Fiction,Student,Wednesday,12,13,1,Cool,0
2023-12-13,10,43.0,25.3,48.2,5.5,1612.0,1.19,0.0,Winter,No,Yes,Corniche Kiosk,Science,Student,Wednesday,12,13,1,Warm,0
2023-12-13,11,44.0,24.5,60.2,0.5,1382.0,1.8,0.0,Winter,No,Yes,Corniche Kiosk,History,Nan,Wednesday,12,13,1,Cool,0
2023-12-13,14,38.0,27.4,46.4,0.7,1393.0,2.52,0.0,Winter,No,Yes,Corniche Kiosk,Fiction,Regular,Wednesday,12,13,0,Warm,0
2023-12-13,15,40.0,28.2,48.0,6.2,844.0,3.07,1.8,Winter,No,Yes,Corniche Kiosk,Fiction,Student,Wednesday,12,13,0,Warm,0
2023-12-13,17,43.0,24.7,67.3,7.6,1738.0,2.32,0.0,Winter,No,Yes,Corniche Kiosk,History,Premium,Wednesday,12,13,1,Cool,0
2023-12-13,18,36.0,25.5,62.8,2.2,1024.0,2.67,4.2,Winter,No,Yes,Corniche Kiosk,Science,Student,Wednesday,12,13,1,Warm,0
2023-12-13,19,79.0,26.1,45.6,3.9,1611.0,0.0,0.0,Winter,No,Yes,Al Rawdah Branch,Non-Fiction,Student,Wednesday,12,13,1,Warm,0
2023-12-13,20,31.0,21.7,58.3,2.2,859.0,0.0,0.0,Winter,No,Yes,Al Hamra Branch,Science,Premium,Wednesday,12,13,0,Cool,0
2023-12-13,21,37.0,22.0,56.3,3.5,1213.0,0.0,0.0,Winter,No,Yes,Al Hamra Branch,History,Student,Wednesday,12,13,0,Cool,0
2023-12-13,22,34.0,22.3,45.8,4.2,1246.0,0.0,0.0,Winter,No,Yes,University Branch,Arabic Literature,Walk-In,Wednesday,12,13,0,Cool,0
2023-12-14,9,63.0,24.1,47.5,1.4,1816.0,0.68,0.0,Winter,No,Yes,Al Rawdah Branch,Fiction,Premium,Thursday,12,14,1,Cool,0
2023-12-14,11,78.0,28.3,46.3,4.6,1091.0,2.88,0.0,Winter,No,Yes,Downtown Central,Fiction,Walk-In,Thursday,12,14,1,Warm,0
2023-12-14,12,53.0,30.2,53.1,4.4,1805.0,0.98,0.0,Winter,No,Yes,Al Hamra Branch,Fiction,Premium,Thursday,12,14,0,Warm,0
2023-12-14,14,52.0,30.7,42.0,5.2,1696.0,0.36,0.0,Winter,No,Yes,Al Hamra Branch,Business,Student,Thursday,12,14,0,Warm,0
2023-12-14,15,43.0,29.4,51.3,6.2,1749.0,0.11,0.3,Winter,No,Yes,Al Hamra Branch,Children,Premium,Thursday,12,14,0,Warm,0
2023-12-14,17,96.0,27.5,73.2,6.0,1858.0,0.69,0.0,Winter,No,Yes,Downtown Central,Science,Premium,Thursday,12,14,1,Warm,0
2023-12-14,19,49.0,32.2,70.5,2.6,997.0,0.0,0.0,Winter,No,Yes,Al Hamra Branch,Fiction,Walk-In,Thursday,12,14,1,Warm,0
2023-12-14,20,60.0,25.7,48.3,0.6,1930.0,0.0,0.0,Winter,No,Yes,University Branch,Non-Fiction,Regular,Thursday,12,14,0,Warm,0
2023-12-14,21,18.0,26.6,70.4,2.7,1554.0,0.0,0.0,Winter,No,Yes,Corniche Kiosk,Technology,Regular,Thursday,12,14,0,Warm,0
2023-12-14,22,39.0,24.0,77.0,7.1,1701.0,0.0,0.0,Winter,No,Yes,University Branch,Science,Walk-In,Thursday,12,14,0,Cool,0
2023-12-15,8,30.0,25.5,49.3,2.5,935.0,2.72,0.0,Winter,Yes,Yes,Al Hamra Branch,History,Regular,Friday,12,15,0,Warm,1
2023-12-15,12,70.0,31.4,43.8,6.8,1108.0,3.07,0.0,Winter,Yes,Yes,Downtown Central,Non-Fiction,Student,Friday,12,15,0,Warm,1
2023-12-15,13,43.0,28.5,59.9,5.0,1952.0,1.86,0.0,Winter,Yes,Yes,Al Hamra Branch,Children,Premium,Friday,12,15,0,Warm,1
2023-12-15,16,71.0,29.0,54.9,7.9,1420.0,2.72,0.0,Winter,Yes,Yes,University Branch,Arabic Literature,Regular,Friday,12,15,1,Warm,1
2023-12-15,20,21.0,24.4,50.5,4.1,1455.0,0.0,0.0,Winter,Yes,Yes,Corniche Kiosk,Science,Student,Friday,12,15,0,Cool,1
2023-12-15,22,19.0,23.9,62.9,5.8,1118.0,0.0,0.0,Winter,Yes,Yes,Al Hamra Branch,Technology,Regular,Friday,12,15,0,Cool,1
2023-12-16,8,47.0,24.6,70.1,0.9,1660.0,1.46,0.0,Winter,No,Yes,Downtown Central,Non-Fiction,Walk-In,Saturday,12,16,0,Cool,1
2023-12-16,9,90.0,23.7,69.8,6.7,1159.0,3.45,0.0,Winter,No,Yes,Downtown Central,Children,Premium,Saturday,12,16,1,Cool,1
2023-12-16,13,26.0,29.5,60.1,3.8,1480.0,0.88,0.0,Winter,No,Yes,Corniche Kiosk,Technology,Regular,Saturday,12,16,0,Warm,1
2023-12-16,15,60.0,31.2,66.9,4.6,1286.0,2.74,0.0,Winter,No,Yes,Downtown Central,Children,Walk-In,Saturday,12,16,0,Warm,1
2023-12-16,17,60.0,28.3,71.2,3.7,1672.0,1.7,0.0,Winter,No,Yes,Al Hamra Branch,Non-Fiction,Premium,Saturday,12,16,1,Warm,1
2023-12-16,18,45.0,27.3,64.2,7.5,1412.0,2.37,2.1,Winter,No,Yes,Corniche Kiosk,Children,Student,Saturday,12,16,1,Warm,1
2023-12-16,19,63.0,28.4,67.2,5.3,1921.0,0.0,0.0,Winter,No,Yes,Al Rawdah Branch,Technology,Premium,Saturday,12,16,1,Warm,1
2023-12-16,20,22.0,26.3,68.4,4.4,1623.0,0.0,0.0,Winter,No,Yes,Corniche Kiosk,Arabic Literature,Regular,Saturday,12,16,0,Warm,1
2023-12-16,22,47.0,23.7,42.7,4.0,1913.0,0.0,0.0,Winter,No,Yes,University Branch,Children,Premium,Saturday,12,16,0,Cool,1
2023-12-17,8,74.0,25.3,46.3,4.9,1596.0,2.49,0.0,Winter,No,Yes,Downtown Central,Children,Regular,Sunday,12,17,0,Warm,0
2023-12-17,12,79.0,30.2,62.2,2.2,1366.0,2.86,0.0,Winter,No,Yes,University Branch,Fiction,Premium,Sunday,12,17,0,Warm,0
2023-12-17,13,66.0,28.0,69.8,2.9,1299.0,2.09,0.0,Winter,No,Yes,Al Rawdah Branch,Non-Fiction,Student,Sunday,12,17,0,Warm,0
2023-12-17,14,47.0,30.2,40.7,0.6,1429.0,1.08,0.0,Winter,No,Yes,Al Rawdah Branch,Fiction,Regular,Sunday,12,17,0,Warm,0
2023-12-17,15,81.0,29.9,61.3,0.8,1359.0,2.5,0.0,Winter,No,Yes,Downtown Central,Business,Premium,Sunday,12,17,0,Warm,0
2023-12-17,18,85.0,27.1,63.1,5.3,1725.0,0.89,0.0,Winter,No,Yes,University Branch,Non-Fiction,Regular,Sunday,12,17,1,Warm,0
2023-12-19,8,48.0,22.7,60.1,2.9,1420.0,2.39,0.0,Winter,No,Yes,Al Hamra Branch,History,Premium,Tuesday,12,19,0,Cool,0
2023-12-19,9,93.0,24.6,67.6,2.8,1942.0,1.92,0.0,Winter,No,Yes,University Branch,Arabic Literature,Student,Tuesday,12,19,1,Cool,0
2023-12-19,11,61.0,26.3,58.3,1.1,1595.0,2.61,0.0,Winter,No,Yes,Al Hamra Branch,Fiction,Regular,Tuesday,12,19,1,Warm,0
2023-12-19,13,36.0,28.5,56.1,0.7,1015.0,1.98,0.0,Winter,No,Yes,Corniche Kiosk,Arabic Literature,Premium,Tuesday,12,19,0,Warm,0
2023-12-19,14,32.0,28.6,44.3,2.8,1605.0,2.1,0.0,Winter,No,Yes,Corniche Kiosk,Science,Regular,Tuesday,12,19,0,Warm,0
2023-12-19,15,57.0,27.2,66.1,3.2,1941.0,1.69,0.0,Winter,No,Yes,Al Hamra Branch,Science,Student,Tuesday,12,19,0,Warm,0
2023-12-19,17,58.0,25.8,73.8,1.6,1926.0,2.57,0.0,Winter,No,Yes,Al Rawdah Branch,History,Walk-In,Tuesday,12,19,1,Warm,0
2023-12-19,18,41.0,25.7,71.5,5.0,1111.0,2.51,0.0,Winter,No,Yes,Corniche Kiosk,Non-Fiction,Regular,Tuesday,12,19,1,Warm,0
2023-12-19,19,103.0,25.5,47.8,7.4,1508.0,0.0,0.0,Winter,No,Yes,University Branch,Arabic Literature,Nan,Tuesday,12,19,1,Warm,0
2023-12-19,20,47.0,23.5,54.6,0.6,1109.0,1.085,0.0,Winter,No,Yes,Al Rawdah Branch,History,Student,Tuesday,12,19,0,Cool,0
2023-12-20,11,42.0,23.2,56.5,5.8,1599.0,2.38,0.0,Winter,No,Yes,Corniche Kiosk,Fiction,Premium,Wednesday,12,20,1,Cool,0
2023-12-20,12,32.0,27.5,72.1,2.2,966.0,2.1,0.0,Winter,No,Yes,Corniche Kiosk,Technology,Regular,Wednesday,12,20,0,Warm,0
2023-12-20,13,39.0,26.5,51.8,2.4,1505.0,0.44,0.0,Winter,No,Yes,Al Hamra Branch,Technology,Walk-In,Wednesday,12,20,0,Warm,0
2023-12-20,14,44.0,25.8,62.4,1.8,1628.0,3.14,0.0,Winter,No,Yes,Corniche Kiosk,Business,Walk-In,Wednesday,12,20,0,Warm,0
2023-12-20,19,74.0,24.2,55.6,2.7,1457.0,0.0,0.0,Winter,No,Yes,Al Rawdah Branch,History,Student,Wednesday,12,20,1,Cool,0
2023-12-20,20,45.0,23.1,66.1,1.0,895.0,0.0,0.0,Winter,No,Yes,Al Rawdah Branch,Arabic Literature,Premium,Wednesday,12,20,0,Cool,0
2023-12-20,21,30.0,20.4,38.8,7.5,1609.0,0.0,0.0,Winter,No,Yes,Al Rawdah Branch,Business,Regular,Wednesday,12,20,0,Cool,0
2023-12-21,9,50.0,20.7,52.8,4.7,1654.0,0.31,0.0,Winter,No,Yes,Al Hamra Branch,Science,Premium,Thursday,12,21,1,Cool,0
2023-12-21,10,64.0,21.4,57.4,1.9,1537.0,0.94,0.0,Winter,No,Yes,Al Hamra Branch,Technology,Student,Thursday,12,21,1,Cool,0
2023-12-21,11,32.0,23.3,58.5,7.2,1060.0,2.87,0.0,Winter,No,Yes,Corniche Kiosk,Business,Walk-In,Thursday,12,21,1,Cool,0
2023-12-21,13,76.0,24.9,60.8,4.3,1287.0,0.01,0.0,Winter,No,Yes,Downtown Central,Business,Premium,Thursday,12,21,0,Cool,0
2023-12-21,14,70.0,24.4,48.2,5.4,1253.0,0.03,0.0,Winter,No,Yes,Downtown Central,Technology,Regular,Thursday,12,21,0,Cool,0
2023-12-21,15,71.0,25.6,40.9,1.3,1536.0,0.07,0.0,Winter,No,Yes,University Branch,History,Regular,Thursday,12,21,0,Warm,0
2023-12-21,16,51.0,25.4,48.2,4.0,1049.0,3.14,0.0,Winter,No,Yes,Corniche Kiosk,Business,Student,Thursday,12,21,1,Warm,0
2023-12-21,17,36.0,22.3,60.7,4.9,1465.0,2.94,1.2,Winter,No,Yes,Corniche Kiosk,Children,Premium,Thursday,12,21,1,Cool,0
2023-12-21,19,87.0,23.7,55.5,4.3,1569.0,0.0,0.0,Winter,No,Yes,Downtown Central,Science,Regular,Thursday,12,21,1,Cool,0
2023-12-21,20,32.0,20.8,43.9,3.2,1853.0,0.0,0.0,Winter,No,Yes,Al Rawdah Branch,Business,Walk-In,Thursday,12,21,0,Cool,0
2023-12-21,21,49.0,20.2,55.2,4.2,999.0,0.0,0.0,Winter,No,Yes,University Branch,Arabic Literature,Student,Thursday,12,21,0,Cool,0
2023-12-21,22,54.0,21.4,62.7,1.0,1692.0,0.0,0.0,Winter,No,Yes,Downtown Central,Science,Premium,Thursday,12,21,0,Cool,0
2023-12-22,9,48.0,24.7,63.2,2.0,1760.0,1.085,0.0,Winter,Yes,Yes,Al Rawdah Branch,Arabic Literature,Regular,Friday,12,22,1,Cool,1
2023-12-22,12,43.0,29.9,69.8,3.4,1845.0,1.34,0.0,Winter,Yes,Yes,Al Hamra Branch,Fiction,Student,Friday,12,22,0,Warm,1
2023-12-22,13,41.0,28.3,57.2,1.5,1139.0,1.33,0.0,Winter,Yes,Yes,University Branch,Science,Walk-In,Friday,12,22,0,Warm,1
2023-12-22,14,42.0,32.2,67.1,7.8,1040.0,2.32,0.0,Winter,Yes,Yes,Al Hamra Branch,History,Student,Friday,12,22,0,Warm,1
2023-12-22,16,64.0,29.4,47.3,1.9,1569.0,0.44,0.9,Winter,Yes,Yes,University Branch,Technology,Student,Friday,12,22,1,Warm,1
2023-12-22,17,57.0,27.1,60.2,7.4,875.0,1.8,0.0,Winter,Yes,Yes,University Branch,Non-Fiction,Walk-In,Friday,12,22,1,Warm,1
2023-12-22,18,28.0,27.2,41.5,5.7,1092.0,1.81,0.0,Winter,Yes,Yes,Corniche Kiosk,Science,Nan,Friday,12,22,1,Warm,1
2023-12-22,21,23.0,24.3,56.9,5.3,1679.0,0.0,0.0,Winter,Yes,Yes,Al Rawdah Branch,Business,Premium,Friday,12,22,0,Cool,1
2023-12-23,8,70.0,24.2,36.8,7.1,1214.0,0.88,0.0,Winter,No,Yes,University Branch,History,Student,Saturday,12,23,0,Cool,1
2023-12-23,9,69.0,24.9,68.5,2.9,1399.0,3.17,0.0,Winter,No,Yes,Al Rawdah Branch,Business,Student,Saturday,12,23,1,Cool,1
2023-12-23,10,47.0,26.4,69.3,7.5,1485.0,2.01,0.0,Winter,No,Yes,Al Rawdah Branch,History,Walk-In,Saturday,12,23,1,Warm,1
2023-12-23,11,88.0,27.1,66.4,6.3,996.0,3.13,0.0,Winter,No,Yes,Downtown Central,Fiction,Regular,Saturday,12,23,1,Warm,1
2023-12-23,14,33.0,30.3,72.4,4.2,1818.0,1.28,4.7,Winter,No,Yes,Al Rawdah Branch,Arabic Literature,Regular,Saturday,12,23,0,Warm,1
2023-12-23,16,30.0,29.9,50.1,6.6,1007.0,1.37,0.0,Winter,No,Yes,Corniche Kiosk,Science,Walk-In,Saturday,12,23,1,Warm,1
2023-12-23,17,62.0,25.9,48.4,3.4,1341.0,2.74,0.0,Winter,No,Yes,Al Rawdah Branch,Business,Regular,Saturday,12,23,1,Warm,1
2023-12-23,18,74.0,26.2,71.1,4.1,1675.0,0.59,0.0,Winter,No,Yes,University Branch,Children,Regular,Saturday,12,23,1,Warm,1
2023-12-23,19,90.0,25.0,54.6,0.6,1454.0,0.0,0.0,Winter,No,Yes,Downtown Central,Arabic Literature,Premium,Saturday,12,23,1,Warm,1
2023-12-25,9,47.0,18.8,61.9,6.7,1895.0,2.88,0.0,Winter,No,Yes,Al Rawdah Branch,Science,Walk-In,Monday,12,25,1,Cool,0
2023-12-25,10,57.0,19.5,61.9,6.1,1367.0,2.79,0.0,Winter,No,Yes,Al Hamra Branch,Non-Fiction,Student,Monday,12,25,1,Cool,0
2023-12-25,13,25.0,24.7,71.7,4.8,1212.0,0.22,0.0,Winter,No,Yes,Corniche Kiosk,Technology,Walk-In,Monday,12,25,0,Cool,0
2023-12-25,15,33.0,23.6,41.9,2.7,1425.0,0.1,0.0,Winter,No,Yes,Corniche Kiosk,Children,Regular,Monday,12,25,0,Cool,0
2023-12-25,17,26.0,19.4,50.0,1.1,852.0,1.92,0.0,Winter,No,Yes,Corniche Kiosk,History,Walk-In,Monday,12,25,1,Cool,0
2023-12-25,19,76.0,20.6,57.7,5.9,1781.0,0.0,3.1,Winter,No,Yes,University Branch,Science,Student,Monday,12,25,1,Cool,0
2023-12-25,20,29.0,18.7,43.0,3.0,1672.0,0.0,0.0,Winter,No,Yes,Al Rawdah Branch,Science,Walk-In,Monday,12,25,0,Cool,0
2023-12-25,21,11.0,18.4,55.3,1.1,1078.0,0.0,0.0,Winter,No,Yes,Corniche Kiosk,Fiction,Walk-In,Monday,12,25,0,Cool,0
2023-12-26,8,39.0,19.9,37.3,4.8,1832.0,1.54,0.0,Winter,No,Yes,Al Hamra Branch,History,Premium,Tuesday,12,26,0,Cool,0
2023-12-26,9,53.0,20.2,63.5,4.8,1640.0,0.18,0.0,Winter,No,Yes,Al Hamra Branch,Technology,Student,Tuesday,12,26,1,Cool,0
2023-12-26,10,39.0,21.3,60.2,1.6,1186.0,0.58,0.0,Winter,No,Yes,Corniche Kiosk,History,Student,Tuesday,12,26,1,Cool,0
2023-12-26,12,72.0,27.0,75.2,1.1,811.0,2.73,0.0,Winter,No,Yes,Downtown Central,History,Nan,Tuesday,12,26,0,Warm,0
2023-12-26,14,58.0,26.8,62.7,3.7,1213.0,3.47,0.0,Winter,No,Yes,Al Hamra Branch,Arabic Literature,Student,Tuesday,12,26,0,Warm,0
2023-12-26,15,65.0,27.0,49.2,6.9,963.0,3.01,0.0,Winter,No,Yes,Al Rawdah Branch,Non-Fiction,Premium,Tuesday,12,26,0,Warm,0
2023-12-26,16,66.0,24.8,42.6,4.9,1378.0,2.81,0.0,Winter,No,Yes,Al Hamra Branch,History,Regular,Tuesday,12,26,1,Cool,0
2023-12-26,18,96.0,24.1,61.0,4.1,1140.0,2.91,0.0,Winter,No,Yes,Downtown Central,History,Regular,Tuesday,12,26,1,Cool,0
2023-12-26,19,64.0,21.4,43.8,1.7,1948.0,0.0,0.0,Winter,No,Yes,Al Rawdah Branch,Fiction,Premium,Tuesday,12,26,1,Cool,0
2023-12-26,20,38.0,21.4,57.5,1.4,1243.0,0.0,0.0,Winter,No,Yes,Al Hamra Branch,Fiction,Premium,Tuesday,12,26,0,Cool,0
2023-12-26,21,38.0,20.6,64.2,4.1,957.0,0.0,0.0,Winter,No,Yes,Downtown Central,Non-Fiction,Regular,Tuesday,12,26,0,Cool,0
2023-12-26,22,44.0,20.2,55.6,5.3,1387.0,0.0,0.0,Winter,No,Yes,Al Rawdah Branch,Fiction,Walk-In,Tuesday,12,26,0,Cool,0
2023-12-27,8,46.0,19.1,61.0,6.7,1566.0,0.49,0.0,Winter,No,Yes,Downtown Central,Arabic Literature,Regular,Wednesday,12,27,0,Cool,0
2023-12-27,9,53.0,18.7,67.0,4.2,1359.0,2.8,0.0,Winter,No,Yes,Al Rawdah Branch,History,Regular,Wednesday,12,27,1,Cool,0
2023-12-27,10,65.0,23.1,42.0,2.3,1262.0,1.49,0.0,Nan,No,Yes,Al Rawdah Branch,History,Premium,Wednesday,12,27,1,Cool,0
2023-12-27,15,33.0,24.1,52.5,1.0,1994.0,3.46,0.0,Winter,No,Yes,Corniche Kiosk,Children,Premium,Wednesday,12,27,0,Cool,0
2023-12-27,16,38.0,23.3,51.2,7.5,1015.0,2.08,0.0,Winter,No,Yes,Corniche Kiosk,History,Regular,Wednesday,12,27,1,Cool,0
2023-12-27,18,41.0,21.9,44.4,3.4,1292.0,0.14,0.0,Winter,No,Yes,Corniche Kiosk,Non-Fiction,Nan,Wednesday,12,27,1,Cool,0
2023-12-27,19,38.0,21.7,46.8,1.5,1560.0,0.0,0.0,Winter,No,Yes,Corniche Kiosk,Children,Regular,Wednesday,12,27,1,Cool,0
2023-12-27,21,28.0,19.0,55.3,7.2,967.0,0.0,0.0,Winter,No,Yes,Al Rawdah Branch,Non-Fiction,Regular,Wednesday,12,27,0,Cool,0
2023-12-28,9,63.0,19.1,57.6,6.8,1166.0,1.57,0.0,Winter,No,Yes,Downtown Central,History,Walk-In,Thursday,12,28,1,Cool,0
2023-12-28,13,30.0,25.2,58.7,1.1,1383.0,0.6,0.0,Winter,No,Yes,Corniche Kiosk,History,Premium,Thursday,12,28,0,Warm,0
2023-12-28,14,38.0,24.6,72.6,6.4,1774.0,3.08,0.0,Winter,No,Yes,Al Hamra Branch,Fiction,Walk-In,Thursday,12,28,0,Cool,0
2023-12-28,16,75.0,32.2,58.7,1.8,1067.0,3.23,0.0,Winter,No,Yes,Al Rawdah Branch,Fiction,Nan,Thursday,12,28,1,Warm,0
2023-12-28,18,44.0,21.2,43.0,1.8,1040.0,3.47,0.0,Winter,No,Yes,Downtown Central,History,Walk-In,Thursday,12,28,1,Cool,0
2023-12-28,21,9.0,20.5,53.1,3.1,1824.0,0.0,3.7,Winter,No,Yes,Corniche Kiosk,Non-Fiction,Walk-In,Thursday,12,28,0,Cool,0
2023-12-28,22,29.0,19.5,49.6,6.9,1294.0,0.0,0.0,Winter,No,Yes,University Branch,Arabic Literature,Walk-In,Thursday,12,28,0,Cool,0
2023-12-29,8,15.0,18.4,73.9,5.6,1675.0,0.48,0.0,Winter,Yes,Yes,Corniche Kiosk,Technology,Walk-In,Friday,12,29,0,Cool,1
2023-12-29,9,39.0,17.0,58.5,7.2,1395.0,2.37,0.0,Winter,Yes,Yes,University Branch,Children,Regular,Friday,12,29,1,Cool,1
2023-12-29,10,44.0,20.4,54.0,1.4,1720.0,1.59,0.0,Winter,Yes,Yes,Downtown Central,Technology,Regular,Friday,12,29,1,Cool,1
2023-12-29,12,22.0,24.9,55.0,4.5,1428.0,0.98,0.0,Winter,Yes,Yes,Corniche Kiosk,Arabic Literature,Premium,Friday,12,29,0,Cool,1
2023-12-29,13,34.0,22.2,72.4,4.5,1686.0,0.88,0.0,Winter,Yes,Yes,Al Rawdah Branch,Technology,Student,Friday,12,29,0,Cool,1
2023-12-29,17,42.0,19.6,44.6,2.5,1870.0,1.96,2.4,Winter,Yes,Yes,University Branch,Fiction,Walk-In,Friday,12,29,1,Cool,1
2023-12-29,18,39.0,19.5,73.9,2.4,1003.0,0.53,3.2,Winter,Yes,Yes,University Branch,Non-Fiction,Premium,Friday,12,29,1,Cool,1
2023-12-29,19,30.0,20.3,57.3,0.9,1999.0,0.0,0.0,Winter,Yes,Yes,Al Hamra Branch,Fiction,Walk-In,Friday,12,29,1,Cool,1
2023-12-29,20,8.0,17.0,51.3,7.0,1000.0,1.085,0.0,Winter,Yes,Yes,Al Hamra Branch,Arabic Literature,Walk-In,Friday,12,29,0,Cool,1
2023-12-29,21,6.0,19.1,55.7,7.1,1320.0,0.0,4.6,Winter,Yes,Yes,Al Hamra Branch,Fiction,Student,Friday,12,29,0,Cool,1
2023-12-29,22,0.0,17.0,60.2,2.5,1050.0,0.0,0.0,Winter,Yes,Yes,Corniche Kiosk,Business,Student,Friday,12,29,0,Cool,1
2023-12-30,8,42.0,24.4,66.5,0.9,1495.0,3.1,0.0,Winter,No,Yes,University Branch,Children,Walk-In,Saturday,12,30,0,Cool,1
2023-12-30,12,39.0,28.9,40.4,6.7,1188.0,2.07,0.0,Winter,No,Yes,Al Hamra Branch,Science,Walk-In,Saturday,12,30,0,Warm,1
2023-12-30,14,54.0,29.9,46.8,4.6,801.0,1.62,0.0,Winter,No,Yes,Al Rawdah Branch,Science,Premium,Saturday,12,30,0,Warm,1
2023-12-30,16,80.0,28.0,38.9,5.2,1854.0,1.62,0.0,Winter,No,Yes,Downtown Central,Arabic Literature,Walk-In,Saturday,12,30,1,Warm,1
2023-12-30,19,83.0,27.8,70.6,3.2,1458.0,0.0,0.0,Winter,No,Yes,Downtown Central,History,Regular,Saturday,12,30,1,Warm,1
2023-12-30,22,49.0,24.6,52.3,2.2,1215.0,0.0,0.0,Winter,No,Yes,University Branch,Science,Premium,Saturday,12,30,0,Cool,1
2023-12-31,8,50.0,20.3,52.7,1.4,1383.0,1.93,0.0,Winter,No,Yes,Downtown Central,Children,Regular,Sunday,12,31,0,Cool,0
2023-12-31,9,58.0,19.2,67.2,7.2,1002.0,1.0,0.0,Winter,No,Yes,Al Rawdah Branch,Science,Student,Sunday,12,31,1,Cool,0
2023-12-31,10,65.0,23.1,57.7,6.7,963.0,3.17,0.0,Nan,No,Yes,Al Rawdah Branch,Business,Regular,Sunday,12,31,1,Cool,0
2023-12-31,11,39.0,23.7,58.1,1.4,1080.0,1.39,0.0,Winter,No,Yes,Corniche Kiosk,History,Premium,Sunday,12,31,1,Cool,0
2023-12-31,12,61.0,24.1,70.8,5.9,1981.0,1.41,0.0,Winter,No,Yes,Downtown Central,Fiction,Walk-In,Sunday,12,31,0,Cool,0
2023-12-31,13,36.0,26.7,61.4,4.7,1354.0,1.1,0.0,Winter,No,Yes,Corniche Kiosk,Technology,Student,Sunday,12,31,0,Warm,0
2023-12-31,15,48.0,24.6,68.5,6.7,1475.0,0.36,0.0,Winter,No,Yes,Al Hamra Branch,History,Premium,Sunday,12,31,0,Cool,0
2023-12-31,16,52.0,26.2,63.9,2.4,1130.0,2.42,0.0,Winter,No,Yes,Corniche Kiosk,Science,Student,Sunday,12,31,1,Warm,0
2023-12-31,20,31.0,18.9,56.1,4.0,1588.0,0.0,0.0,Winter,No,Yes,Al Rawdah Branch,Technology,Premium,Sunday,12,31,0,Cool,0
2023-12-31,21,30.0,20.6,67.8,7.0,1393.0,0.0,0.0,Winter,No,Yes,University Branch,Business,Walk-In,Sunday,12,31,0,Cool,0
2024-01-01,9,44.0,23.3,55.4,3.8,1680.0,3.13,0.0,Winter,No,Yes,Corniche Kiosk,History,Student,Monday,1,1,1,Cool,0
2024-01-01,11,88.0,26.0,48.3,2.5,1854.0,0.25,0.0,Winter,No,Yes,Downtown Central,Arabic Literature,Premium,Monday,1,1,1,Warm,0
2024-01-01,13,87.0,27.3,47.8,0.7,1337.0,2.88,0.0,Winter,No,Yes,University Branch,Children,Student,Monday,1,1,0,Warm,0
2024-01-01,15,74.0,27.3,58.5,5.7,1580.0,1.5,0.0,Winter,No,Yes,University Branch,Business,Premium,Monday,1,1,0,Warm,0
2024-01-01,16,40.0,26.9,60.6,2.3,807.0,2.44,0.0,Winter,No,Yes,Corniche Kiosk,History,Walk-In,Monday,1,1,1,Warm,0
2024-01-01,17,36.0,24.2,70.4,6.9,1389.0,0.51,0.0,Winter,No,Yes,Corniche Kiosk,History,Regular,Monday,1,1,1,Cool,0
2024-01-01,18,82.0,25.3,69.8,6.1,989.0,1.33,0.0,Winter,No,Yes,University Branch,Business,Regular,Monday,1,1,1,Warm,0
2024-01-01,19,53.0,23.7,68.5,5.9,1672.0,0.0,0.0,Winter,No,Yes,Al Hamra Branch,Non-Fiction,Regular,Monday,1,1,1,Cool,0
2024-01-01,20,44.0,22.2,35.9,2.8,1238.0,0.0,0.0,Winter,No,Yes,Al Rawdah Branch,Arabic Literature,Premium,Monday,1,1,0,Cool,0
2024-01-01,21,37.0,21.6,51.8,6.5,1592.0,0.0,0.0,Winter,No,Yes,Al Hamra Branch,Business,Regular,Monday,1,1,0,Cool,0
2024-01-01,22,40.0,23.0,57.7,7.1,889.0,1.085,0.0,Winter,No,Yes,University Branch,Technology,Regular,Monday,1,1,0,Cool,0
2024-01-02,9,60.0,19.5,70.7,7.1,1282.0,1.21,0.0,Winter,No,Yes,University Branch,History,Walk-In,Tuesday,1,2,1,Cool,0
2024-01-02,12,59.0,26.4,51.2,3.9,1843.0,1.67,0.0,Winter,No,Yes,Al Hamra Branch,Technology,Student,Tuesday,1,2,0,Warm,0
2024-01-02,13,32.0,26.0,65.2,2.4,1996.0,1.59,0.0,Winter,No,Yes,Corniche Kiosk,Children,Premium,Tuesday,1,2,0,Warm,0
2024-01-02,16,49.0,24.9,52.0,7.4,1870.0,0.12,0.0,Winter,No,Yes,Al Hamra Branch,History,Walk-In,Tuesday,1,2,1,Cool,0
2024-01-02,19,61.0,21.4,65.3,6.9,1302.0,0.0,0.0,Winter,No,Yes,University Branch,Children,Walk-In,Tuesday,1,2,1,Cool,0
2024-01-02,21,25.0,19.6,58.6,0.7,1821.0,0.0,0.0,Winter,No,Yes,Al Hamra Branch,Non-Fiction,Regular,Tuesday,1,2,0,Cool,0
2024-01-02,22,29.0,18.9,66.6,4.8,1551.0,0.0,0.0,Winter,No,Yes,Al Rawdah Branch,Arabic Literature,Walk-In,Tuesday,1,2,0,Cool,0
2024-01-03,9,58.0,23.8,54.2,4.2,1974.0,3.47,0.0,Nan,No,Yes,Al Hamra Branch,Non-Fiction,Walk-In,Wednesday,1,3,1,Cool,0
2024-01-03,11,66.0,24.4,64.4,3.7,1728.0,3.39,0.0,Winter,No,Yes,Al Hamra Branch,Non-Fiction,Student,Wednesday,1,3,1,Cool,0
2024-01-03,17,56.0,25.0,47.1,5.3,1379.0,0.6,0.0,Winter,No,Yes,Al Rawdah Branch,Fiction,Walk-In,Wednesday,1,3,1,Warm,0
2024-01-03,18,36.0,26.8,62.4,1.2,1041.0,3.28,0.0,Winter,No,Yes,Corniche Kiosk,History,Walk-In,Wednesday,1,3,1,Warm,0
2024-01-03,19,61.0,26.8,54.0,1.2,989.0,0.0,0.0,Nan,No,Yes,Al Hamra Branch,Business,Regular,Wednesday,1,3,1,Warm,0
2024-01-03,21,20.0,22.6,62.3,7.3,1204.0,0.0,0.0,Winter,No,Yes,Corniche Kiosk,Non-Fiction,Premium,Wednesday,1,3,0,Cool,0
2024-01-04,8,23.0,21.9,46.2,7.1,993.0,2.44,0.0,Winter,No,Yes,Corniche Kiosk,Arabic Literature,Walk-In,Thursday,1,4,0,Cool,0
2024-01-04,9,31.0,23.0,52.7,4.1,947.0,3.25,0.0,Winter,No,Yes,Corniche Kiosk,History,Walk-In,Thursday,1,4,1,Cool,0
2024-01-04,11,30.0,23.7,69.0,1.1,1832.0,1.35,0.0,Winter,No,Yes,Corniche Kiosk,Science,Walk-In,Thursday,1,4,1,Cool,0
2024-01-04,14,35.0,27.6,35.9,2.1,878.0,1.18,0.0,Winter,No,Yes,Corniche Kiosk,History,Premium,Thursday,1,4,0,Warm,0
2024-01-04,15,82.0,27.5,46.2,6.4,1940.0,0.21,0.0,Winter,No,Yes,University Branch,History,Student,Thursday,1,4,0,Warm,0
2024-01-04,16,92.0,28.9,40.9,1.2,1837.0,2.58,0.0,Winter,No,Yes,University Branch,Technology,Regular,Thursday,1,4,1,Warm,0
2024-01-04,19,92.0,25.9,49.8,5.3,1965.0,0.0,0.0,Winter,No,Yes,Downtown Central,Business,Regular,Thursday,1,4,1,Warm,0
2024-01-04,20,25.0,32.2,47.7,4.4,1407.0,0.0,4.8,Winter,No,Yes,Corniche Kiosk,History,Premium,Thursday,1,4,0,Warm,0
2024-01-04,21,36.0,23.9,46.3,7.2,1714.0,0.0,0.0,Winter,No,Yes,Al Rawdah Branch,Business,Regular,Thursday,1,4,0,Cool,0
2024-01-05,8,35.0,24.8,36.1,2.1,1957.0,1.88,0.0,Winter,Yes,Yes,Al Rawdah Branch,Arabic Literature,Regular,Friday,1,5,0,Cool,1
2024-01-05,9,31.0,25.2,48.2,6.5,1525.0,0.29,0.0,Winter,Yes,Yes,Al Hamra Branch,History,Walk-In,Friday,1,5,1,Warm,1
2024-01-05,10,29.0,25.7,65.4,7.1,819.0,2.31,0.0,Winter,Yes,Yes,Corniche Kiosk,Non-Fiction,Regular,Friday,1,5,1,Warm,1
2024-01-05,11,63.0,26.2,68.8,1.9,1843.0,1.49,0.0,Winter,Yes,Yes,University Branch,Non-Fiction,Premium,Friday,1,5,1,Warm,1
2024-01-05,12,47.0,28.5,43.6,4.1,1640.0,2.44,0.0,Winter,Yes,Yes,Al Rawdah Branch,History,Premium,Friday,1,5,0,Warm,1
2024-01-05,14,26.0,29.5,73.2,1.1,946.0,1.57,0.0,Winter,Yes,Yes,Corniche Kiosk,Science,Student,Friday,1,5,0,Warm,1
2024-01-05,15,15.0,30.1,60.6,4.3,1928.0,1.09,0.0,Winter,Yes,Yes,Corniche Kiosk,Arabic Literature,Walk-In,Friday,1,5,0,Warm,1
2024-01-05,16,66.0,29.0,70.8,1.0,1015.0,2.84,0.0,Winter,Yes,Yes,Downtown Central,History,Walk-In,Friday,1,5,1,Warm,1
2024-01-05,17,85.0,25.6,70.6,5.9,1039.0,2.79,0.0,Winter,Yes,Yes,University Branch,Fiction,Student,Friday,1,5,1,Warm,1
2024-01-05,19,28.0,25.9,75.5,4.6,1952.0,0.0,0.0,Winter,Yes,Yes,Corniche Kiosk,Children,Walk-In,Friday,1,5,1,Warm,1
2024-01-05,20,12.0,24.5,57.3,5.0,894.0,0.0,0.0,Winter,Yes,Yes,Corniche Kiosk,Business,Walk-In,Friday,1,5,0,Cool,1
2024-01-05,21,22.0,23.7,53.0,7.3,1550.0,0.0,0.0,Winter,Yes,Yes,Al Hamra Branch,History,Premium,Friday,1,5,0,Cool,1
2024-01-06,9,23.0,21.0,37.8,1.2,1129.0,2.09,0.0,Winter,Yes,Yes,Corniche Kiosk,History,Walk-In,Saturday,1,6,1,Cool,1
2024-01-06,10,66.0,23.7,64.5,2.9,1681.0,1.02,0.0,Winter,Yes,Yes,Downtown Central,Business,Premium,Saturday,1,6,1,Cool,1
2024-01-06,11,41.0,24.7,67.9,7.0,1476.0,2.71,0.0,Winter,Yes,Yes,Al Rawdah Branch,Technology,Walk-In,Saturday,1,6,1,Cool,1
2024-01-06,12,27.0,26.9,38.0,4.7,1288.0,1.4,0.0,Winter,Yes,Yes,Corniche Kiosk,Science,Regular,Saturday,1,6,0,Warm,1
2024-01-06,13,64.0,26.0,44.8,6.9,1752.0,2.35,0.0,Winter,Yes,Yes,Downtown Central,Technology,Premium,Saturday,1,6,0,Warm,1
2024-01-06,14,47.0,26.9,51.5,6.8,1678.0,0.29,0.0,Winter,Yes,Yes,Downtown Central,Non-Fiction,Regular,Saturday,1,6,0,Warm,1
2024-01-06,15,25.0,27.7,47.8,4.5,1969.0,1.2,4.3,Winter,Yes,Yes,Al Rawdah Branch,Arabic Literature,Walk-In,Saturday,1,6,0,Warm,1
2024-01-06,16,74.0,26.2,65.0,5.5,902.0,0.66,0.0,Winter,Yes,Yes,Downtown Central,Business,Regular,Saturday,1,6,1,Warm,1
2024-01-06,17,37.0,22.4,70.7,2.8,1131.0,1.61,0.0,Winter,Yes,Yes,Al Hamra Branch,Non-Fiction,Walk-In,Saturday,1,6,1,Cool,1
2024-01-06,19,60.0,24.3,47.7,4.2,1412.0,0.0,0.0,Winter,Yes,Yes,Downtown Central,History,Walk-In,Saturday,1,6,1,Cool,1
2024-01-06,20,33.0,22.1,41.1,7.1,1729.0,0.0,0.0,Winter,Yes,Yes,Downtown Central,Non-Fiction,Regular,Saturday,1,6,0,Cool,1
2024-01-06,21,18.0,20.6,74.8,4.4,1128.0,0.0,0.0,Winter,Yes,Yes,Downtown Central,Children,Walk-In,Saturday,1,6,0,Cool,1
2024-01-07,9,103.0,24.1,65.5,3.5,1827.0,3.03,0.0,Winter,No,Yes,Downtown Central,Business,Student,Sunday,1,7,1,Cool,0
2024-01-07,10,83.0,26.4,60.4,4.4,1576.0,0.35,0.0,Winter,No,Yes,Downtown Central,Science,Regular,Sunday,1,7,1,Warm,0
2024-01-07,11,41.0,25.8,53.5,2.0,1617.0,2.77,0.0,Winter,No,Yes,Corniche Kiosk,Science,Student,Sunday,1,7,1,Warm,0
2024-01-07,13,32.0,29.0,38.9,6.0,1921.0,1.83,0.0,Winter,No,Yes,Corniche Kiosk,Arabic Literature,Regular,Sunday,1,7,0,Warm,0
2024-01-07,14,70.0,28.4,55.4,6.4,1647.0,3.27,0.0,Winter,No,Yes,Al Hamra Branch,Arabic Literature,Student,Sunday,1,7,0,Warm,0
2024-01-07,16,66.0,27.6,69.7,4.3,1260.0,0.74,0.0,Winter,No,Yes,Al Rawdah Branch,Fiction,Premium,Sunday,1,7,1,Warm,0
2024-01-07,17,71.0,26.9,77.8,0.7,1274.0,2.22,0.0,Winter,No,Yes,Al Rawdah Branch,Business,Regular,Sunday,1,7,1,Warm,0
2024-01-07,18,115.0,26.9,76.7,2.1,1046.0,3.1,0.0,Winter,No,Yes,Downtown Central,History,Student,Sunday,1,7,1,Warm,0
2024-01-07,19,64.0,26.7,48.8,5.7,1324.0,0.0,0.0,Winter,No,Yes,Al Rawdah Branch,Fiction,Regular,Sunday,1,7,1,Warm,0
2024-01-07,21,25.0,24.9,59.0,2.7,981.0,0.0,0.0,Winter,No,Yes,Al Hamra Branch,Children,Walk-In,Sunday,1,7,0,Cool,0
2024-01-07,22,31.0,22.6,52.3,4.4,1608.0,0.0,0.0,Winter,No,Yes,Al Rawdah Branch,Technology,Walk-In,Sunday,1,7,0,Cool,0
2024-01-08,8,30.0,21.7,72.5,2.8,1071.0,1.77,0.0,Winter,No,Yes,Corniche Kiosk,Fiction,Premium,Monday,1,8,0,Cool,0
2024-01-08,9,44.0,20.2,65.9,0.9,1382.0,1.46,0.0,Winter,No,Yes,Al Rawdah Branch,Fiction,Walk-In,Monday,1,8,1,Cool,0
2024-01-08,10,63.0,24.3,58.6,0.8,824.0,1.71,0.0,Winter,No,Yes,University Branch,History,Walk-In,Monday,1,8,1,Cool,0
2024-01-08,11,62.0,22.1,54.3,4.6,1882.0,1.17,0.0,Winter,No,Yes,Al Rawdah Branch,Business,Premium,Monday,1,8,1,Cool,0
2024-01-08,12,76.0,27.7,43.0,2.2,967.0,0.55,0.0,Winter,No,Yes,Downtown Central,Business,Premium,Monday,1,8,0,Warm,0
2024-01-08,13,26.0,26.7,58.6,2.8,1658.0,0.14,0.0,Winter,No,Yes,Corniche Kiosk,Science,Walk-In,Monday,1,8,0,Warm,0
2024-01-08,14,57.0,26.6,74.0,6.4,1260.0,0.34,0.0,Winter,No,Yes,Al Rawdah Branch,Arabic Literature,Student,Monday,1,8,0,Warm,0
2024-01-08,15,62.0,25.2,70.9,2.7,1524.0,0.67,0.0,Winter,No,Yes,University Branch,History,Regular,Monday,1,8,0,Warm,0
2024-01-08,16,76.0,27.6,53.8,6.6,1314.0,0.3,0.0,Winter,No,Yes,Downtown Central,Technology,Walk-In,Monday,1,8,1,Warm,0
2024-01-08,17,71.0,23.7,59.6,4.0,1250.0,3.47,0.0,Winter,No,Yes,Al Rawdah Branch,Non-Fiction,Premium,Monday,1,8,1,Cool,0
2024-01-08,19,101.0,22.2,60.8,6.2,1439.0,0.0,0.0,Winter,No,Yes,Downtown Central,Fiction,Student,Monday,1,8,1,Cool,0
2024-01-08,21,24.0,22.5,46.3,4.5,1842.0,0.0,0.0,Winter,No,Yes,Corniche Kiosk,Arabic Literature,Walk-In,Monday,1,8,0,Cool,0
2024-01-09,8,26.0,18.7,54.3,2.5,1262.0,2.11,0.0,Winter,No,Yes,Corniche Kiosk,Fiction,Regular,Tuesday,1,9,0,Cool,0
2024-01-09,9,58.0,19.9,55.6,5.7,1272.0,3.12,0.0,Winter,No,Yes,Al Rawdah Branch,Business,Regular,Tuesday,1,9,1,Cool,0
2024-01-09,10,43.0,21.3,60.2,5.3,1190.0,2.87,2.9,Winter,No,Yes,Al Rawdah Branch,Arabic Literature,Walk-In,Tuesday,1,9,1,Cool,0
2024-01-09,12,35.0,23.8,41.6,2.5,1600.0,0.41,0.0,Winter,No,Yes,Corniche Kiosk,Fiction,Premium,Tuesday,1,9,0,Cool,0
2024-01-09,13,54.0,23.9,59.8,5.6,1796.0,0.63,0.0,Winter,No,Yes,Al Rawdah Branch,Business,Student,Tuesday,1,9,0,Cool,0
2024-01-09,14,29.0,23.1,60.0,4.9,1285.0,2.51,0.0,Winter,No,Yes,Corniche Kiosk,Business,Regular,Tuesday,1,9,0,Cool,0
2024-01-09,15,62.0,25.1,53.1,1.7,1629.0,3.16,0.0,Winter,No,Yes,Al Hamra Branch,History,Student,Tuesday,1,9,0,Warm,0
2024-01-09,16,64.0,23.8,61.6,4.3,1900.0,3.43,0.0,Winter,No,Yes,Al Hamra Branch,Children,Regular,Tuesday,1,9,1,Cool,0
2024-01-09,17,75.0,22.0,73.8,2.6,1296.0,1.6,0.0,Winter,No,Yes,University Branch,Non-Fiction,Regular,Tuesday,1,9,1,Cool,0
2024-01-09,18,49.0,21.7,65.6,7.9,945.0,2.17,0.0,Winter,No,Yes,Al Hamra Branch,History,Walk-In,Tuesday,1,9,1,Cool,0
2024-01-09,19,78.0,20.1,78.1,4.2,1015.0,0.0,0.0,Winter,No,Yes,University Branch,Non-Fiction,Student,Tuesday,1,9,1,Cool,0
2024-01-09,21,27.0,18.4,44.7,7.2,1251.0,0.0,0.0,Winter,No,Yes,Al Rawdah Branch,Science,Student,Tuesday,1,9,0,Cool,0
2024-01-10,8,28.0,17.4,72.0,7.8,1342.0,3.45,0.0,Winter,No,Yes,Al Hamra Branch,Science,Premium,Wednesday,1,10,0,Cool,0
2024-01-10,9,57.0,19.7,63.8,1.1,1051.0,2.78,0.0,Winter,No,Yes,Al Hamra Branch,Fiction,Student,Wednesday,1,10,1,Cool,0
2024-01-10,10,23.0,21.3,63.2,3.6,1496.0,0.85,0.0,Winter,No,Yes,Corniche Kiosk,Non-Fiction,Walk-In,Wednesday,1,10,1,Cool,0
2024-01-10,11,48.0,20.7,69.8,3.0,1302.0,0.83,0.0,Winter,No,Yes,Al Hamra Branch,Technology,Regular,Wednesday,1,10,1,Cool,0
2024-01-10,12,45.0,24.5,62.9,3.7,1349.0,1.39,0.0,Winter,No,Yes,Al Hamra Branch,Technology,Regular,Wednesday,1,10,0,Cool,0
2024-01-10,13,68.0,23.0,73.1,6.4,1193.0,2.68,0.0,Winter,No,Yes,University Branch,Business,Premium,Wednesday,1,10,0,Cool,0
2024-01-10,18,78.0,21.0,45.3,1.4,1083.0,2.27,0.0,Winter,No,Yes,University Branch,Arabic Literature,Regular,Wednesday,1,10,1,Cool,0
2024-01-10,19,47.0,20.8,60.2,2.4,1678.0,0.0,0.0,Winter,No,Yes,Al Hamra Branch,Arabic Literature,Walk-In,Wednesday,1,10,1,Cool,0
2024-01-10,20,44.0,19.9,57.3,2.6,1136.0,0.0,0.0,Winter,No,Yes,University Branch,Arabic Literature,Regular,Wednesday,1,10,0,Cool,0
2024-01-10,21,30.0,18.7,75.4,2.0,1856.0,0.0,0.0,Winter,No,Yes,Al Rawdah Branch,History,Student,Wednesday,1,10,0,Cool,0
2024-01-10,22,29.0,18.7,60.2,7.0,951.0,0.0,0.0,Winter,No,Yes,Al Rawdah Branch,History,Premium,Wednesday,1,10,0,Cool,0
2024-01-11,8,46.0,22.8,55.5,7.2,1677.0,2.83,0.0,Winter,No,Yes,Al Rawdah Branch,Science,Regular,Thursday,1,11,0,Cool,0
2024-01-11,9,92.0,22.3,49.9,2.6,808.0,2.54,0.0,Winter,No,Yes,University Branch,Science,Student,Thursday,1,11,1,Cool,0
2024-01-11,10,37.0,25.3,64.8,5.5,938.0,3.09,0.0,Winter,No,Yes,Corniche Kiosk,Science,Regular,Thursday,1,11,1,Warm,0
2024-01-11,11,54.0,26.0,76.1,2.8,1488.0,0.64,0.0,Winter,No,Yes,Al Rawdah Branch,Technology,Regular,Thursday,1,11,1,Warm,0
2024-01-11,12,67.0,29.0,47.4,6.6,1350.0,2.3,0.0,Winter,No,Yes,Al Rawdah Branch,Arabic Literature,Student,Thursday,1,11,0,Warm,0
2024-01-11,14,45.0,27.8,46.4,2.9,1715.0,3.0,0.0,Winter,No,Yes,Al Hamra Branch,Science,Regular,Thursday,1,11,0,Warm,0
2024-01-11,15,84.0,28.5,44.0,6.3,1683.0,1.45,0.0,Winter,No,Yes,Downtown Central,Business,Premium,Thursday,1,11,0,Warm,0
2024-01-11,17,51.0,26.7,46.3,4.9,1847.0,1.27,0.0,Winter,No,Yes,Corniche Kiosk,Children,Student,Thursday,1,11,1,Warm,0
2024-01-11,18,96.0,26.2,49.9,7.9,894.0,1.38,0.0,Winter,No,Yes,Downtown Central,Science,Regular,Thursday,1,11,1,Warm,0
2024-01-11,20,25.0,23.6,68.5,2.3,1859.0,0.0,0.0,Winter,No,Yes,Corniche Kiosk,Fiction,Premium,Thursday,1,11,0,Cool,0
2024-01-11,21,51.0,23.6,60.2,3.9,1882.0,0.0,0.0,Winter,No,Yes,University Branch,History,Premium,Thursday,1,11,0,Cool,0
2024-01-11,22,15.0,24.1,70.8,2.1,1885.0,0.0,4.8,Winter,No,Yes,Corniche Kiosk,Arabic Literature,Regular,Thursday,1,11,0,Cool,0
2024-01-12,9,66.0,20.0,51.8,7.2,1280.0,2.45,0.0,Winter,Yes,Yes,University Branch,History,Student,Friday,1,12,1,Cool,1
2024-01-12,10,52.0,22.9,55.9,3.3,1032.0,3.27,0.0,Winter,Yes,Yes,Al Rawdah Branch,Children,Student,Friday,1,12,1,Cool,1
2024-01-12,11,24.0,32.2,42.5,5.0,1765.0,0.64,0.0,Winter,Yes,Yes,Corniche Kiosk,Business,Walk-In,Friday,1,12,1,Warm,1
2024-01-12,13,12.0,24.7,44.6,4.2,976.0,2.89,4.8,Winter,Yes,Yes,Corniche Kiosk,Business,Walk-In,Friday,1,12,0,Cool,1
2024-01-12,14,37.0,23.9,54.3,7.6,1652.0,2.1,0.0,Winter,Yes,Yes,University Branch,Technology,Walk-In,Friday,1,12,0,Cool,1
2024-01-12,15,32.0,24.0,52.3,2.1,905.0,1.41,2.9,Winter,Yes,Yes,University Branch,Science,Regular,Friday,1,12,0,Cool,1
2024-01-12,18,34.0,22.6,61.4,3.4,1108.0,2.98,0.0,Winter,Yes,Yes,Corniche Kiosk,Non-Fiction,Student,Friday,1,12,1,Cool,1
2024-01-12,19,43.0,22.2,48.8,1.7,1428.0,0.0,0.0,Winter,Yes,Yes,Al Rawdah Branch,Children,Regular,Friday,1,12,1,Cool,1
2024-01-12,21,24.0,20.3,38.8,6.8,1263.0,0.0,0.0,Winter,Yes,Yes,University Branch,Children,Walk-In,Friday,1,12,0,Cool,1
2024-01-13,9,41.0,19.1,47.2,5.9,1817.0,0.34,0.0,Winter,No,Yes,Al Hamra Branch,Science,Premium,Saturday,1,13,1,Cool,1
2024-01-13,13,31.0,25.4,46.1,4.7,1583.0,0.41,0.0,Winter,Yes,Yes,Corniche Kiosk,Non-Fiction,Student,Saturday,1,13,0,Warm,1
2024-01-13,14,86.0,25.2,41.6,5.1,838.0,3.42,0.0,Winter,No,Yes,Downtown Central,Arabic Literature,Premium,Saturday,1,13,0,Warm,1
2024-01-13,15,50.0,25.3,57.3,5.5,945.0,2.01,0.0,Winter,No,Yes,Al Hamra Branch,History,Student,Saturday,1,13,0,Warm,1
2024-01-13,17,72.0,21.3,47.0,7.6,1160.0,1.2,0.0,Winter,No,Yes,University Branch,History,Regular,Saturday,1,13,1,Cool,1
2024-01-13,18,60.0,20.3,63.2,3.9,1030.0,1.98,0.0,Winter,No,Yes,Al Hamra Branch,Fiction,Student,Saturday,1,13,1,Cool,1
2024-01-13,19,57.0,20.8,66.3,7.5,1161.0,0.0,0.0,Winter,No,Yes,Al Rawdah Branch,Non-Fiction,Premium,Saturday,1,13,1,Cool,1
2024-01-13,20,13.0,19.5,51.6,6.7,1196.0,0.0,0.0,Winter,No,Yes,Corniche Kiosk,Business,Premium,Saturday,1,13,0,Cool,1
2024-01-13,21,28.0,32.2,58.4,2.7,1103.0,0.0,0.0,Winter,No,Yes,University Branch,Non-Fiction,Walk-In,Saturday,1,13,0,Warm,1
2024-01-14,10,34.0,20.9,60.8,2.8,970.0,2.36,0.0,Winter,No,Yes,Corniche Kiosk,Children,Walk-In,Sunday,1,14,1,Cool,0
2024-01-14,12,50.0,24.6,57.2,1.4,1784.0,2.93,0.0,Winter,No,Yes,Al Hamra Branch,Fiction,Regular,Sunday,1,14,0,Cool,0
2024-01-14,13,58.0,24.5,42.6,6.4,1952.0,1.54,0.0,Winter,No,Yes,University Branch,Science,Walk-In,Sunday,1,14,0,Cool,0
2024-01-14,14,60.0,22.9,35.9,1.5,1137.0,1.49,0.0,Winter,No,Yes,Al Rawdah Branch,Arabic Literature,Student,Sunday,1,14,0,Cool,0
2024-01-14,17,43.0,21.7,44.9,1.8,1064.0,0.09,0.0,Winter,No,Yes,Corniche Kiosk,Non-Fiction,Premium,Sunday,1,14,1,Cool,0
2024-01-14,18,89.0,21.8,77.9,8.0,1692.0,1.5,0.0,Winter,No,Yes,University Branch,Fiction,Premium,Sunday,1,14,1,Cool,0
2024-01-14,19,38.0,19.7,70.9,6.8,1431.0,0.0,3.3,Winter,No,Yes,Al Hamra Branch,Business,Regular,Sunday,1,14,1,Cool,0
2024-01-14,20,39.0,19.6,40.5,3.4,1677.0,0.0,0.0,Winter,No,Yes,University Branch,Business,Walk-In,Sunday,1,14,0,Cool,0
2024-01-14,21,26.0,17.6,43.7,5.7,1041.0,0.0,0.0,Winter,No,Yes,Al Hamra Branch,Non-Fiction,Regular,Sunday,1,14,0,Cool,0
2024-01-14,22,41.0,20.3,52.3,3.0,856.0,0.0,0.0,Winter,No,Yes,University Branch,Fiction,Regular,Sunday,1,14,0,Cool,0
2024-01-15,9,75.0,19.5,65.6,6.2,1917.0,3.09,0.0,Winter,No,Yes,Downtown Central,Business,Regular,Monday,1,15,1,Cool,0
2024-01-15,11,35.0,21.5,40.9,4.5,1827.0,3.26,0.0,Winter,No,Yes,Corniche Kiosk,Arabic Literature,Regular,Monday,1,15,1,Cool,0
2024-01-15,12,31.0,24.6,52.0,5.5,860.0,0.57,0.0,Winter,No,Yes,Corniche Kiosk,Non-Fiction,Student,Monday,1,15,0,Cool,0
2024-01-15,13,64.0,24.3,42.7,7.3,1960.0,3.32,0.0,Winter,No,Yes,Al Rawdah Branch,Business,Student,Monday,1,15,0,Cool,0
2024-01-15,16,82.0,24.0,53.6,1.0,1690.0,1.2,0.0,Winter,No,Yes,University Branch,Arabic Literature,Regular,Monday,1,15,1,Cool,0
2024-01-15,17,71.0,22.5,40.9,5.0,1736.0,2.15,0.0,Winter,No,Yes,Downtown Central,Children,Walk-In,Monday,1,15,1,Cool,0
2024-01-15,19,56.0,19.7,54.0,4.5,939.0,0.0,0.0,Winter,No,Yes,University Branch,Technology,Walk-In,Monday,1,15,1,Cool,0
2024-01-15,21,16.0,20.1,66.5,0.8,1131.0,0.0,0.0,Winter,No,Yes,Corniche Kiosk,Non-Fiction,Regular,Monday,1,15,0,Cool,0
2024-01-17,8,35.0,25.0,42.2,6.1,1010.0,0.79,0.0,Winter,No,Yes,Al Hamra Branch,History,Regular,Wednesday,1,17,0,Warm,0
2024-01-17,12,58.0,28.8,65.8,5.3,976.0,2.65,0.0,Winter,No,Yes,Downtown Central,Science,Walk-In,Wednesday,1,17,0,Warm,0
2024-01-17,15,63.0,28.6,42.4,3.8,1154.0,1.085,0.0,Winter,No,Yes,Al Rawdah Branch,Non-Fiction,Student,Wednesday,1,17,0,Warm,0
2024-01-17,16,50.0,29.2,44.2,0.7,1930.0,0.52,0.0,Winter,No,Yes,Al Hamra Branch,Fiction,Walk-In,Wednesday,1,17,1,Warm,0
2024-01-17,17,50.0,26.2,38.8,6.3,1689.0,1.85,0.0,Winter,No,Yes,Corniche Kiosk,Fiction,Premium,Wednesday,1,17,1,Warm,0
2024-01-17,18,31.0,26.8,53.7,7.5,811.0,0.96,4.0,Winter,No,Yes,Corniche Kiosk,Technology,Regular,Wednesday,1,17,1,Warm,0
2024-01-17,21,23.0,23.1,72.5,1.0,952.0,0.0,0.0,Winter,No,Yes,Corniche Kiosk,Non-Fiction,Regular,Wednesday,1,17,0,Cool,0
2024-01-17,22,38.0,24.3,43.4,6.9,888.0,0.0,0.0,Winter,No,Yes,Al Hamra Branch,Non-Fiction,Premium,Wednesday,1,17,0,Cool,0
2024-01-18,9,33.0,19.6,55.2,1.8,1107.0,3.28,0.0,Winter,No,Yes,Corniche Kiosk,Non-Fiction,Student,Thursday,1,18,1,Cool,0
2024-01-18,14,58.0,24.8,61.2,6.9,1211.0,1.7,0.0,Winter,No,Yes,Al Hamra Branch,Non-Fiction,Student,Thursday,1,18,0,Cool,0
2024-01-18,17,49.0,19.8,46.5,5.5,1186.0,0.29,0.0,Winter,No,Yes,Al Rawdah Branch,Science,Walk-In,Thursday,1,18,1,Cool,0
2024-01-18,18,50.0,22.6,51.0,3.2,1123.0,0.04,0.0,Winter,No,Yes,Al Rawdah Branch,Science,Walk-In,Thursday,1,18,1,Cool,0
2024-01-18,20,49.0,18.2,40.0,0.7,1223.0,0.0,0.0,Winter,No,Yes,Downtown Central,Business,Premium,Thursday,1,18,0,Cool,0
2024-01-18,21,21.0,20.7,69.5,6.0,1093.0,0.0,0.0,Winter,No,Yes,Al Rawdah Branch,Arabic Literature,Walk-In,Thursday,1,18,0,Cool,0
2024-01-18,22,15.0,18.3,52.5,5.7,1881.0,0.0,0.0,Winter,No,Yes,Corniche Kiosk,Fiction,Regular,Thursday,1,18,0,Cool,0
2024-01-19,8,47.0,21.9,45.5,4.4,1722.0,3.25,0.0,Winter,Yes,Yes,University Branch,Science,Regular,Friday,1,19,0,Cool,1
2024-01-19,9,65.0,20.8,44.2,0.6,1122.0,3.14,0.0,Winter,Yes,Yes,University Branch,Science,Premium,Friday,1,19,1,Cool,1
2024-01-19,13,57.0,27.0,67.1,7.8,1752.0,2.55,0.0,Winter,Yes,Yes,University Branch,Children,Student,Friday,1,19,0,Warm,1
2024-01-19,14,61.0,25.7,46.1,3.2,1727.0,0.72,0.0,Winter,Yes,Yes,Downtown Central,Business,Student,Friday,1,19,0,Warm,1
2024-01-19,15,37.0,27.4,44.2,5.4,1780.0,2.16,0.0,Winter,Yes,Yes,Al Hamra Branch,Science,Premium,Friday,1,19,0,Warm,1
2024-01-19,16,52.0,25.7,62.2,1.2,1732.0,0.6,0.0,Winter,Yes,Yes,Al Rawdah Branch,Arabic Literature,Premium,Friday,1,19,1,Warm,1
2024-01-19,17,54.0,22.0,62.0,3.2,1396.0,2.27,0.0,Winter,Yes,Yes,Al Hamra Branch,Non-Fiction,Student,Friday,1,19,1,Cool,1
2024-01-19,19,66.0,24.2,63.4,6.4,1446.0,0.0,0.0,Winter,Yes,Yes,University Branch,Science,Premium,Friday,1,19,1,Cool,1
2024-01-19,20,20.0,22.4,49.3,4.0,1188.0,0.0,0.0,Winter,Yes,Yes,Al Hamra Branch,Business,Walk-In,Friday,1,19,0,Cool,1
2024-01-19,22,22.0,20.5,53.2,1.6,1457.0,0.0,0.0,Nan,Yes,Yes,Downtown Central,Fiction,Walk-In,Friday,1,19,0,Cool,1
2024-01-20,9,61.0,24.1,64.6,3.4,999.0,1.28,0.0,Winter,No,Yes,Al Rawdah Branch,Fiction,Premium,Saturday,1,20,1,Cool,1
2024-01-20,10,46.0,28.4,62.4,4.8,1197.0,1.67,0.0,Winter,No,Yes,Al Rawdah Branch,Children,Walk-In,Saturday,1,20,1,Warm,1
2024-01-20,12,77.0,28.6,46.0,1.2,1325.0,0.11,0.0,Winter,No,Yes,University Branch,Science,Student,Saturday,1,20,0,Warm,1
2024-01-20,13,30.0,29.6,47.8,1.8,1663.0,1.52,0.0,Winter,No,Yes,Corniche Kiosk,Arabic Literature,Walk-In,Saturday,1,20,0,Warm,1
2024-01-20,14,86.0,28.7,48.9,6.9,1648.0,2.85,0.0,Winter,No,Yes,University Branch,Business,Student,Saturday,1,20,0,Warm,1
2024-01-20,15,52.0,30.2,43.1,6.3,1941.0,1.26,0.0,Winter,No,Yes,Al Hamra Branch,Science,Student,Saturday,1,20,0,Warm,1
2024-01-20,17,56.0,26.6,60.9,1.3,1662.0,2.53,0.0,Winter,No,Yes,Al Hamra Branch,Non-Fiction,Regular,Saturday,1,20,1,Warm,1
2024-01-20,20,31.0,26.1,62.4,0.9,1588.0,0.0,0.0,Winter,No,Yes,Corniche Kiosk,Science,Student,Saturday,1,20,0,Warm,1
2024-01-20,21,22.0,23.8,45.9,5.3,1795.0,0.0,4.7,Winter,No,Yes,University Branch,History,Walk-In,Saturday,1,20,0,Cool,1
2024-01-20,22,48.0,26.2,59.9,3.6,1436.0,0.0,0.0,Winter,No,Yes,University Branch,Children,Premium,Saturday,1,20,0,Warm,1
2024-01-21,8,22.0,24.0,68.3,0.9,1573.0,3.19,0.0,Winter,Yes,Yes,Corniche Kiosk,Business,Regular,Sunday,1,21,0,Cool,0
2024-01-21,9,51.0,23.1,61.0,0.6,1621.0,1.085,0.0,Winter,Yes,Yes,Al Hamra Branch,Non-Fiction,Student,Sunday,1,21,1,Cool,0
2024-01-21,10,60.0,23.5,42.0,5.0,1140.0,0.19,0.0,Winter,Yes,Yes,Downtown Central,History,Walk-In,Sunday,1,21,1,Cool,0
2024-01-21,13,44.0,28.0,56.3,6.9,1411.0,1.5,0.0,Winter,Yes,Yes,Al Rawdah Branch,Children,Premium,Sunday,1,21,0,Warm,0
2024-01-21,16,36.0,28.7,56.7,3.0,1580.0,0.48,0.0,Winter,Yes,Yes,Al Hamra Branch,Business,Walk-In,Sunday,1,21,1,Warm,0
2024-01-21,17,62.0,25.4,42.5,1.8,1233.0,2.9,0.0,Winter,Yes,Yes,Al Rawdah Branch,Technology,Premium,Sunday,1,21,1,Warm,0
2024-01-21,18,55.0,23.9,66.3,6.9,1326.0,2.33,0.0,Winter,Yes,Yes,Al Rawdah Branch,Fiction,Regular,Sunday,1,21,1,Cool,0
2024-01-21,19,62.0,23.3,54.8,3.6,1344.0,0.0,0.0,Winter,Yes,Yes,University Branch,Business,Regular,Sunday,1,21,1,Cool,0
2024-01-21,20,25.0,23.1,50.6,5.1,1986.0,0.0,0.0,Winter,Yes,Yes,Al Hamra Branch,Technology,Premium,Sunday,1,21,0,Cool,0
2024-01-21,21,28.0,22.9,54.3,1.6,1608.0,0.0,0.0,Winter,Yes,Yes,Al Rawdah Branch,History,Premium,Sunday,1,21,0,Cool,0
2024-01-22,8,21.0,20.4,38.9,2.1,1171.0,0.81,0.0,Winter,No,Yes,Corniche Kiosk,Non-Fiction,Walk-In,Monday,1,22,0,Cool,0
2024-01-22,11,63.0,22.6,66.9,4.0,1652.0,1.49,0.0,Winter,No,Yes,Al Rawdah Branch,Arabic Literature,Premium,Monday,1,22,1,Cool,0
2024-01-22,15,39.0,26.0,62.6,5.3,1559.0,0.33,0.0,Winter,No,Yes,Al Hamra Branch,Fiction,Walk-In,Monday,1,22,0,Warm,0
2024-01-22,18,106.0,21.3,41.3,3.9,1016.0,0.71,0.0,Winter,No,Yes,Downtown Central,Fiction,Student,Monday,1,22,1,Cool,0
2024-01-22,20,22.0,20.0,64.2,4.2,972.0,0.0,0.0,Winter,No,Yes,Corniche Kiosk,Non-Fiction,Premium,Monday,1,22,0,Cool,0
2024-01-22,21,20.0,19.2,55.1,1.3,1660.0,0.0,0.0,Winter,No,Yes,Al Rawdah Branch,Arabic Literature,Walk-In,Monday,1,22,0,Cool,0
2024-01-23,12,59.0,31.0,70.7,5.1,1571.0,2.07,0.0,Winter,No,Yes,Downtown Central,History,Walk-In,Tuesday,1,23,0,Warm,0
2024-01-23,13,71.0,30.9,44.7,2.9,1990.0,1.07,0.0,Winter,No,Yes,Downtown Central,Technology,Regular,Tuesday,1,23,0,Warm,0
2024-01-23,14,51.0,29.1,49.5,7.0,1755.0,0.83,0.0,Winter,No,Yes,Al Rawdah Branch,Business,Regular,Tuesday,1,23,0,Warm,0
2024-01-23,20,40.0,25.9,53.6,3.2,1913.0,0.0,0.0,Winter,No,Yes,Al Rawdah Branch,Fiction,Walk-In,Tuesday,1,23,0,Warm,0
2024-01-23,21,20.0,25.5,66.2,7.7,1576.0,0.0,0.0,Winter,No,Yes,Corniche Kiosk,Arabic Literature,Premium,Tuesday,1,23,0,Warm,0
2024-01-23,22,28.0,25.3,52.9,4.3,2000.0,0.0,0.0,Winter,No,Yes,Al Hamra Branch,Children,Regular,Tuesday,1,23,0,Warm,0
2024-01-24,9,46.0,24.3,40.1,3.9,1163.0,3.01,0.0,Winter,No,Yes,Corniche Kiosk,Science,Student,Wednesday,1,24,1,Cool,0
2024-01-24,12,39.0,30.9,57.7,3.9,1997.0,0.99,0.0,Winter,No,Yes,Al Hamra Branch,Non-Fiction,Walk-In,Wednesday,1,24,0,Warm,0
2024-01-24,14,39.0,30.4,52.3,7.3,1134.0,1.96,3.7,Winter,No,Yes,Al Hamra Branch,Non-Fiction,Regular,Wednesday,1,24,0,Warm,0
2024-01-24,15,79.0,30.4,61.6,4.7,1772.0,0.91,0.0,Winter,No,Yes,Downtown Central,Technology,Premium,Wednesday,1,24,0,Warm,0
2024-01-24,16,108.0,30.4,50.8,6.5,1640.0,3.23,0.0,Winter,No,Yes,University Branch,Business,Student,Wednesday,1,24,1,Warm,0
2024-01-24,17,52.0,27.6,63.3,2.0,961.0,1.89,0.0,Winter,No,Yes,Corniche Kiosk,Arabic Literature,Student,Wednesday,1,24,1,Warm,0
2024-01-24,20,43.0,25.9,73.0,1.1,1255.0,1.085,0.0,Winter,No,Yes,Al Hamra Branch,Science,Premium,Wednesday,1,24,0,Warm,0
2024-01-25,8,53.0,21.7,67.7,4.7,978.0,0.56,0.0,Winter,No,Yes,Downtown Central,History,Regular,Thursday,1,25,0,Cool,0
2024-01-25,9,48.0,20.4,66.1,3.3,1893.0,1.0,2.6,Winter,No,Yes,University Branch,Non-Fiction,Walk-In,Thursday,1,25,1,Cool,0
2024-01-25,10,56.0,22.8,66.3,5.1,1793.0,2.78,0.0,Winter,No,Yes,Al Rawdah Branch,Science,Regular,Thursday,1,25,1,Cool,0
2024-01-25,11,69.0,22.7,39.6,5.0,1782.0,2.36,0.0,Winter,No,Yes,Al Hamra Branch,History,Student,Thursday,1,25,1,Cool,0
2024-01-25,13,70.0,24.5,57.4,6.4,920.0,2.25,0.0,Winter,No,Yes,University Branch,Children,Regular,Thursday,1,25,0,Cool,0
2024-01-25,14,54.0,24.9,58.4,2.1,1008.0,0.81,0.0,Winter,No,Yes,Al Hamra Branch,Fiction,Student,Thursday,1,25,0,Cool,0
2024-01-25,15,46.0,24.1,53.6,6.2,1144.0,1.24,0.0,Winter,No,Yes,Al Hamra Branch,History,Regular,Thursday,1,25,0,Cool,0
2024-01-25,17,61.0,23.1,51.6,2.3,1655.0,2.19,0.0,Winter,No,Yes,Al Rawdah Branch,Science,Regular,Thursday,1,25,1,Cool,0
2024-01-25,18,50.0,21.1,68.0,4.4,1857.0,1.94,0.0,Winter,No,Yes,Al Rawdah Branch,Non-Fiction,Walk-In,Thursday,1,25,1,Cool,0
2024-01-25,19,48.0,22.7,49.3,3.8,906.0,0.0,0.0,Winter,No,Yes,Al Rawdah Branch,Science,Walk-In,Thursday,1,25,1,Cool,0
2024-01-25,21,17.0,18.8,54.9,2.8,1612.0,0.0,0.0,Winter,No,Yes,Corniche Kiosk,Children,Premium,Thursday,1,25,0,Cool,0
2024-01-26,8,13.0,22.1,67.6,3.1,1366.0,0.24,0.0,Winter,Yes,Yes,Corniche Kiosk,Technology,Walk-In,Friday,1,26,0,Cool,1
2024-01-26,9,24.0,21.5,45.4,6.8,1852.0,1.9,0.0,Winter,Yes,Yes,Corniche Kiosk,History,Regular,Friday,1,26,1,Cool,1
2024-01-26,11,32.0,23.7,45.4,5.2,881.0,0.3,0.0,Winter,Yes,Yes,Corniche Kiosk,History,Student,Friday,1,26,1,Cool,1
2024-01-26,12,31.0,25.6,50.7,0.5,986.0,1.93,0.0,Winter,Yes,Yes,Al Hamra Branch,Children,Walk-In,Friday,1,26,0,Warm,1
2024-01-26,13,51.0,27.6,67.7,6.5,1884.0,1.32,0.0,Winter,Yes,Yes,University Branch,Technology,Student,Friday,1,26,0,Warm,1
2024-01-26,14,51.0,26.9,72.4,1.2,1874.0,0.48,0.0,Winter,Yes,Yes,Downtown Central,History,Regular,Friday,1,26,0,Warm,1
2024-01-26,15,41.0,28.2,45.6,5.7,1672.0,2.46,0.0,Winter,Yes,Yes,Al Rawdah Branch,Non-Fiction,Regular,Friday,1,26,0,Warm,1
2024-01-26,18,62.0,24.3,70.4,5.2,1681.0,1.5,0.0,Winter,Yes,Yes,University Branch,Fiction,Regular,Friday,1,26,1,Cool,1
2024-01-26,19,74.0,25.2,70.8,0.5,1110.0,0.0,0.0,Winter,Yes,Yes,University Branch,Technology,Student,Friday,1,26,1,Warm,1
2024-01-26,21,16.0,21.3,63.8,7.3,1788.0,0.0,0.0,Winter,Yes,Yes,Al Rawdah Branch,Children,Premium,Friday,1,26,0,Cool,1
2024-01-26,22,21.0,23.2,73.1,0.9,1698.0,0.0,0.0,Winter,Yes,Yes,Al Hamra Branch,Fiction,Student,Friday,1,26,0,Cool,1
2024-01-27,9,63.0,21.6,42.2,4.4,1980.0,0.95,0.0,Winter,No,Yes,Downtown Central,History,Walk-In,Saturday,1,27,1,Cool,1
2024-01-27,10,38.0,32.2,61.1,7.8,1156.0,1.33,0.0,Winter,No,Yes,Al Hamra Branch,Technology,Walk-In,Saturday,1,27,1,Warm,1
2024-01-27,13,27.0,27.8,68.8,4.9,1112.0,1.88,0.0,Winter,No,Yes,Corniche Kiosk,Business,Walk-In,Saturday,1,27,0,Warm,1
2024-01-27,15,35.0,28.5,71.4,2.7,1032.0,1.55,0.0,Winter,No,Yes,Al Rawdah Branch,Business,Walk-In,Saturday,1,27,0,Warm,1
2024-01-27,16,67.0,28.0,44.4,5.4,1622.0,0.77,0.0,Nan,No,Yes,Al Rawdah Branch,Arabic Literature,Premium,Saturday,1,27,1,Warm,1
2024-01-27,19,81.0,24.3,62.5,6.6,1827.0,0.0,0.0,Winter,No,Yes,Downtown Central,Non-Fiction,Regular,Saturday,1,27,1,Cool,1
2024-01-27,22,14.0,21.2,41.3,6.7,1560.0,0.0,0.0,Winter,No,Yes,Corniche Kiosk,History,Walk-In,Saturday,1,27,0,Cool,1
2024-01-28,8,28.0,19.8,72.4,2.0,1012.0,2.59,0.0,Winter,No,Yes,Corniche Kiosk,Fiction,Student,Sunday,1,28,0,Cool,0
2024-01-28,9,62.0,20.9,63.8,2.9,1259.0,3.37,0.0,Winter,No,Yes,Al Rawdah Branch,Science,Regular,Sunday,1,28,1,Cool,0
2024-01-28,10,51.0,22.1,69.8,2.5,1929.0,2.49,0.0,Winter,No,Yes,Al Rawdah Branch,Arabic Literature,Walk-In,Sunday,1,28,1,Cool,0
2024-01-28,13,24.0,26.9,64.6,2.6,1814.0,0.51,0.0,Winter,No,Yes,Corniche Kiosk,Technology,Walk-In,Sunday,1,28,0,Warm,0
2024-01-28,14,57.0,25.8,60.7,2.6,805.0,2.64,0.0,Winter,No,Yes,Al Hamra Branch,Science,Student,Sunday,1,28,0,Warm,0
2024-01-28,16,58.0,25.1,49.4,3.6,1782.0,2.47,0.0,Winter,No,Yes,Al Rawdah Branch,Children,Walk-In,Sunday,1,28,1,Warm,0
2024-01-28,17,69.0,22.4,67.3,7.1,1389.0,0.5,0.0,Winter,No,Yes,Downtown Central,Children,Walk-In,Sunday,1,28,1,Cool,0
2024-01-28,18,75.0,22.6,63.7,7.0,1756.0,3.07,0.0,Winter,No,Yes,University Branch,Non-Fiction,Walk-In,Sunday,1,28,1,Cool,0
2024-01-28,19,67.0,22.4,69.2,3.7,1890.0,0.0,0.0,Winter,No,Yes,Al Rawdah Branch,Children,Student,Sunday,1,28,1,Cool,0
2024-01-28,20,28.0,21.9,52.3,2.0,1013.0,0.0,0.0,Winter,No,Yes,Corniche Kiosk,Science,Student,Sunday,1,28,0,Cool,0
2024-01-28,22,13.0,19.9,68.9,3.5,1284.0,0.0,0.0,Winter,No,Yes,Corniche Kiosk,Non-Fiction,Walk-In,Sunday,1,28,0,Cool,0
2024-01-29,10,57.0,21.0,58.2,0.5,1524.0,2.96,0.0,Winter,No,Yes,Al Hamra Branch,Science,Premium,Monday,1,29,1,Cool,0
2024-01-29,11,66.0,21.5,65.3,0.7,905.0,2.83,0.0,Winter,No,Yes,Downtown Central,Children,Walk-In,Monday,1,29,1,Cool,0
2024-01-29,13,57.0,32.2,68.1,2.8,997.0,3.21,0.0,Winter,No,Yes,Al Hamra Branch,Non-Fiction,Student,Monday,1,29,0,Warm,0
2024-01-29,16,83.0,22.9,42.2,2.7,1550.0,1.67,0.0,Winter,No,Yes,Downtown Central,Arabic Literature,Walk-In,Monday,1,29,1,Cool,0
2024-01-29,17,92.0,20.9,60.0,5.2,1110.0,2.2,0.0,Winter,No,Yes,University Branch,Science,Premium,Monday,1,29,1,Cool,0
2024-01-29,19,79.0,20.4,60.0,3.1,1418.0,0.0,0.0,Winter,No,Yes,University Branch,History,Premium,Monday,1,29,1,Cool,0
2024-01-29,20,26.0,18.2,56.2,1.9,1347.0,0.0,2.7,Winter,No,Yes,Al Rawdah Branch,Arabic Literature,Student,Monday,1,29,0,Cool,0
2024-01-29,21,16.0,18.1,39.7,0.6,1840.0,0.0,0.0,Winter,No,Yes,Corniche Kiosk,Arabic Literature,Walk-In,Monday,1,29,0,Cool,0
2024-01-29,22,33.0,20.1,61.2,2.5,1623.0,0.0,0.0,Winter,No,Yes,Al Rawdah Branch,Arabic Literature,Premium,Monday,1,29,0,Cool,0
2024-01-30,8,55.0,25.1,57.0,3.0,1807.0,0.62,0.0,Winter,No,Yes,Downtown Central,Children,Walk-In,Tuesday,1,30,0,Warm,0
2024-01-30,9,43.0,24.3,55.6,2.5,1298.0,1.65,0.0,Winter,No,Yes,Al Hamra Branch,Business,Walk-In,Tuesday,1,30,1,Cool,0
2024-01-30,11,46.0,26.7,59.4,4.0,1865.0,2.72,0.0,Winter,No,Yes,Al Hamra Branch,Business,Walk-In,Tuesday,1,30,1,Warm,0
2024-01-30,13,38.0,28.2,58.3,3.2,1355.0,0.36,0.0,Winter,No,Yes,Corniche Kiosk,History,Student,Tuesday,1,30,0,Warm,0
2024-01-30,14,48.0,32.2,36.7,3.6,1705.0,2.43,0.0,Winter,No,Yes,Al Hamra Branch,Children,Regular,Tuesday,1,30,0,Warm,0
2024-01-30,17,51.0,27.7,60.4,6.4,1224.0,3.22,0.0,Winter,No,Yes,Corniche Kiosk,Technology,Student,Tuesday,1,30,1,Warm,0
2024-01-30,18,67.0,26.3,59.7,5.5,1004.0,2.86,0.0,Winter,No,Yes,Al Hamra Branch,Science,Regular,Tuesday,1,30,1,Warm,0
2024-01-30,20,39.0,25.1,72.5,3.6,1013.0,0.0,0.0,Winter,No,Yes,Al Hamra Branch,Non-Fiction,Premium,Tuesday,1,30,0,Warm,0
2024-01-30,21,44.0,25.3,50.4,2.2,939.0,0.0,0.0,Winter,No,Yes,University Branch,Business,Walk-In,Tuesday,1,30,0,Warm,0
2024-01-30,22,46.0,24.1,46.8,7.2,1277.0,0.0,0.0,Winter,No,Yes,Al Rawdah Branch,Business,Student,Tuesday,1,30,0,Cool,0
2024-01-31,8,36.0,18.5,44.9,3.9,1076.0,1.085,0.0,Winter,No,Yes,Al Hamra Branch,Science,Premium,Wednesday,1,31,0,Cool,0
2024-01-31,10,39.0,20.7,71.8,4.6,1865.0,0.63,0.0,Winter,No,Yes,Corniche Kiosk,Children,Premium,Wednesday,1,31,1,Cool,0
2024-01-31,11,42.0,21.4,47.8,6.6,1539.0,0.97,0.0,Winter,No,Yes,Corniche Kiosk,Science,Nan,Wednesday,1,31,1,Cool,0
2024-01-31,12,28.0,24.5,64.8,2.4,872.0,1.34,0.0,Winter,No,Yes,Corniche Kiosk,Business,Walk-In,Wednesday,1,31,0,Cool,0
2024-01-31,13,30.0,24.0,55.1,7.8,1984.0,2.77,0.0,Nan,No,Yes,Corniche Kiosk,Business,Regular,Wednesday,1,31,0,Cool,0
2024-01-31,15,54.0,24.1,72.0,4.5,938.0,1.78,0.0,Winter,No,Yes,University Branch,History,Walk-In,Wednesday,1,31,0,Cool,0
2024-01-31,16,96.0,24.8,64.3,2.4,1643.0,0.72,0.0,Winter,No,Yes,University Branch,Fiction,Student,Wednesday,1,31,1,Cool,0
2024-01-31,18,94.0,22.3,56.0,0.7,1371.0,1.4,2.7,Winter,No,Yes,Downtown Central,Arabic Literature,Student,Wednesday,1,31,1,Cool,0
2024-01-31,19,30.0,20.6,58.4,2.5,1529.0,0.0,0.0,Winter,No,Yes,Corniche Kiosk,Science,Walk-In,Wednesday,1,31,1,Cool,0
2024-01-31,20,34.0,19.9,53.4,5.8,1864.0,0.0,0.0,Winter,No,Yes,University Branch,Science,Walk-In,Wednesday,1,31,0,Cool,0
2024-01-31,22,32.0,19.0,65.0,5.1,1402.0,0.0,0.0,Winter,No,Yes,Downtown Central,History,Walk-In,Wednesday,1,31,0,Cool,0
2024-02-01,9,44.0,21.5,72.0,6.6,1780.0,0.52,0.0,Winter,No,Yes,Al Rawdah Branch,Technology,Walk-In,Thursday,2,1,1,Cool,0
2024-02-01,10,76.0,22.0,78.7,5.1,1736.0,1.43,0.0,Winter,No,Yes,University Branch,Children,Regular,Thursday,2,1,1,Cool,0
2024-02-01,12,70.0,26.0,50.1,2.1,1987.0,3.29,0.0,Nan,No,Yes,University Branch,Fiction,Regular,Thursday,2,1,0,Warm,0
2024-02-01,13,89.0,25.0,41.0,5.1,1875.0,0.68,0.0,Winter,No,Yes,Downtown Central,Fiction,Student,Thursday,2,1,0,Warm,0
2024-02-01,14,86.0,24.9,63.5,7.8,1809.0,3.17,0.0,Winter,No,Yes,University Branch,Children,Student,Thursday,2,1,0,Cool,0
2024-02-01,16,99.0,25.7,71.8,5.8,1657.0,3.11,0.0,Winter,No,Yes,Downtown Central,Children,Regular,Thursday,2,1,1,Warm,0
2024-02-01,17,52.0,22.0,60.7,4.9,1791.0,2.78,0.8,Winter,No,Yes,Al Hamra Branch,Science,Regular,Thursday,2,1,1,Cool,0
2024-02-01,19,74.0,24.1,52.9,1.4,1381.0,0.0,0.0,Winter,No,Yes,Downtown Central,Technology,Walk-In,Thursday,2,1,1,Cool,0
2024-02-01,20,28.0,22.1,75.8,6.9,904.0,0.0,0.0,Winter,No,Yes,Corniche Kiosk,Non-Fiction,Student,Thursday,2,1,0,Cool,0
2024-02-01,21,27.0,19.7,52.7,3.7,970.0,0.0,0.0,Winter,No,Yes,Al Hamra Branch,Business,Student,Thursday,2,1,0,Cool,0
2024-02-01,22,54.0,21.3,46.1,2.8,806.0,0.0,0.0,Winter,No,Yes,University Branch,Arabic Literature,Student,Thursday,2,1,0,Cool,0
2024-02-02,8,24.0,25.2,71.7,1.3,1301.0,0.88,0.0,Winter,Yes,Yes,Al Hamra Branch,Non-Fiction,Walk-In,Friday,2,2,0,Warm,1
2024-02-02,9,38.0,26.1,61.5,2.1,907.0,2.43,0.0,Winter,Yes,Yes,Al Rawdah Branch,Science,Walk-In,Friday,2,2,1,Warm,1
2024-02-02,11,52.0,28.0,38.3,3.2,1968.0,2.09,0.0,Winter,Yes,Yes,Al Rawdah Branch,History,Premium,Friday,2,2,1,Warm,1
2024-02-02,14,51.0,31.2,57.1,4.6,1942.0,2.66,0.0,Winter,Yes,Yes,University Branch,Science,Regular,Friday,2,2,0,Warm,1
2024-02-02,17,50.0,26.1,58.2,5.3,1510.0,3.28,0.0,Winter,Yes,Yes,Al Rawdah Branch,Business,Walk-In,Friday,2,2,1,Warm,1
2024-02-02,19,56.0,28.2,64.7,2.3,1175.0,0.0,0.0,Winter,Yes,Yes,Al Rawdah Branch,Science,Student,Friday,2,2,1,Warm,1
2024-02-02,20,45.0,25.8,51.3,4.6,1516.0,0.0,0.0,Winter,Yes,Yes,University Branch,Technology,Student,Friday,2,2,0,Warm,1
2024-02-02,21,19.0,26.2,59.3,6.2,1636.0,0.0,0.0,Winter,Yes,Yes,Al Hamra Branch,History,Regular,Friday,2,2,0,Warm,1
2024-02-02,22,10.0,24.5,64.9,1.1,1495.0,0.0,4.8,Winter,Yes,Yes,Al Hamra Branch,Non-Fiction,Regular,Friday,2,2,0,Cool,1
2024-02-03,10,66.0,26.7,53.1,6.3,1727.0,0.79,0.0,Winter,No,Yes,Downtown Central,Science,Walk-In,Saturday,2,3,1,Warm,1
2024-02-03,12,30.0,28.3,35.8,1.5,1471.0,3.23,0.0,Winter,No,Yes,Corniche Kiosk,History,Regular,Saturday,2,3,0,Warm,1
2024-02-03,13,56.0,29.1,59.5,7.8,1811.0,2.52,0.0,Winter,No,Yes,Al Rawdah Branch,History,Premium,Saturday,2,3,0,Warm,1
2024-02-03,16,65.0,29.7,40.0,2.0,1023.0,0.07,0.0,Winter,No,Yes,University Branch,Non-Fiction,Walk-In,Saturday,2,3,1,Warm,1
2024-02-03,17,66.0,27.3,77.1,0.9,1604.0,0.31,0.0,Winter,No,Yes,Downtown Central,Non-Fiction,Walk-In,Saturday,2,3,1,Warm,1
2024-02-03,19,83.0,26.5,70.9,1.5,1128.0,0.0,0.0,Winter,No,Yes,Downtown Central,Arabic Literature,Regular,Saturday,2,3,1,Warm,1
2024-02-03,20,33.0,23.3,71.4,0.8,1666.0,0.0,0.0,Winter,No,Yes,Al Rawdah Branch,Children,Premium,Saturday,2,3,0,Cool,1
2024-02-03,21,23.0,24.6,54.6,1.6,864.0,0.0,0.0,Winter,No,Yes,Al Rawdah Branch,Arabic Literature,Walk-In,Saturday,2,3,0,Cool,1
2024-02-04,8,62.0,24.2,75.0,7.7,1516.0,1.085,0.0,Winter,No,Yes,University Branch,Arabic Literature,Premium,Sunday,2,4,0,Cool,0
2024-02-04,10,70.0,25.7,63.9,4.8,1854.0,0.42,0.0,Winter,No,Yes,Downtown Central,Fiction,Walk-In,Sunday,2,4,1,Warm,0
2024-02-04,11,39.0,25.6,52.9,0.6,1679.0,1.23,0.0,Winter,No,Yes,Corniche Kiosk,Technology,Premium,Sunday,2,4,1,Warm,0
2024-02-04,12,89.0,28.6,46.1,5.1,1669.0,1.42,0.0,Winter,No,Yes,Downtown Central,Non-Fiction,Student,Sunday,2,4,0,Warm,0
2024-02-04,13,67.0,29.7,73.2,5.2,1394.0,1.03,0.0,Winter,No,Yes,Al Rawdah Branch,Fiction,Nan,Sunday,2,4,0,Warm,0
2024-02-04,14,51.0,29.7,73.6,4.2,1984.0,0.73,0.0,Winter,No,Yes,Al Hamra Branch,Non-Fiction,Student,Sunday,2,4,0,Warm,0
2024-02-04,15,79.0,27.5,41.7,2.5,1856.0,1.34,0.0,Winter,No,Yes,University Branch,Technology,Premium,Sunday,2,4,0,Warm,0
2024-02-04,16,41.0,29.4,58.5,2.5,1804.0,3.36,0.0,Winter,No,Yes,Corniche Kiosk,Science,Premium,Sunday,2,4,1,Warm,0
2024-02-04,17,95.0,26.2,41.8,1.8,1282.0,2.7,0.0,Winter,No,Yes,University Branch,Technology,Regular,Sunday,2,4,1,Warm,0
2024-02-04,18,49.0,24.2,64.6,7.1,1299.0,3.3,0.0,Winter,No,Yes,Corniche Kiosk,Business,Student,Sunday,2,4,1,Cool,0
2024-02-04,20,20.0,24.5,60.0,5.4,939.0,0.0,0.0,Winter,No,Yes,Corniche Kiosk,Fiction,Walk-In,Sunday,2,4,0,Cool,0
2024-02-04,22,20.0,24.2,61.6,0.6,1967.0,0.0,0.0,Winter,No,Yes,Corniche Kiosk,Arabic Literature,Regular,Sunday,2,4,0,Cool,0
2024-02-05,8,34.0,18.6,50.5,6.1,1823.0,0.16,0.0,Winter,No,Yes,Al Rawdah Branch,Fiction,Student,Monday,2,5,0,Cool,0
2024-02-05,9,72.0,19.5,56.7,7.8,1471.0,3.1,0.0,Winter,No,Yes,Downtown Central,Business,Walk-In,Monday,2,5,1,Cool,0
2024-02-05,11,68.0,19.2,75.3,7.8,1136.0,0.06,0.0,Winter,No,Yes,Downtown Central,Business,Regular,Monday,2,5,1,Cool,0
2024-02-05,14,27.0,23.4,71.2,3.9,1317.0,0.97,0.0,Winter,No,Yes,Corniche Kiosk,Fiction,Walk-In,Monday,2,5,0,Cool,0
2024-02-05,15,40.0,24.7,49.2,2.3,947.0,2.04,0.0,Winter,No,Yes,Al Rawdah Branch,History,Walk-In,Monday,2,5,0,Cool,0
2024-02-05,16,73.0,32.2,39.9,1.7,1361.0,1.66,0.0,Winter,No,Yes,Al Hamra Branch,Fiction,Student,Monday,2,5,1,Warm,0
2024-02-05,17,56.0,20.4,54.3,4.4,1969.0,2.1,0.0,Winter,No,Yes,Al Rawdah Branch,Business,Walk-In,Monday,2,5,1,Cool,0
2024-02-05,18,46.0,19.4,55.6,2.1,1927.0,1.65,0.0,Winter,No,Yes,Al Hamra Branch,Science,Regular,Monday,2,5,1,Cool,0
2024-02-05,22,40.0,18.5,36.5,2.2,1321.0,0.0,0.0,Winter,No,Yes,Downtown Central,Fiction,Premium,Monday,2,5,0,Cool,0
2024-02-06,8,21.0,21.5,50.6,7.4,1314.0,3.45,0.0,Winter,No,Yes,Corniche Kiosk,Science,Walk-In,Tuesday,2,6,0,Cool,0
2024-02-06,10,63.0,23.1,52.0,6.9,1571.0,0.53,0.0,Winter,No,Yes,Al Rawdah Branch,Arabic Literature,Premium,Tuesday,2,6,1,Cool,0
2024-02-06,16,66.0,27.0,50.1,3.7,881.0,0.01,0.0,Winter,No,Yes,Al Hamra Branch,History,Premium,Tuesday,2,6,1,Warm,0
2024-02-06,17,71.0,23.2,55.4,3.7,1216.0,1.89,0.0,Winter,No,Yes,University Branch,Fiction,Walk-In,Tuesday,2,6,1,Cool,0
2024-02-06,18,55.0,24.3,56.6,6.6,1103.0,0.23,0.0,Winter,No,Yes,Al Rawdah Branch,Business,Walk-In,Tuesday,2,6,1,Cool,0
2024-02-06,20,31.0,22.4,66.2,2.0,1489.0,0.0,0.0,Winter,No,Yes,Corniche Kiosk,Arabic Literature,Student,Tuesday,2,6,0,Cool,0
2024-02-06,21,24.0,22.7,62.8,2.0,1037.0,0.0,0.0,Winter,No,Yes,Corniche Kiosk,Fiction,Student,Tuesday,2,6,0,Cool,0
2024-02-06,22,44.0,22.8,56.5,5.2,865.0,0.0,0.0,Winter,No,Yes,Al Hamra Branch,Children,Student,Tuesday,2,6,0,Cool,0
2024-02-07,8,44.0,19.8,66.9,5.0,1142.0,1.47,0.0,Winter,No,Yes,Al Hamra Branch,Non-Fiction,Student,Wednesday,2,7,0,Cool,0
2024-02-07,9,30.0,18.2,45.1,1.2,838.0,0.75,0.0,Winter,No,Yes,Corniche Kiosk,History,Student,Wednesday,2,7,1,Cool,0
2024-02-07,10,65.0,32.2,66.8,6.4,1349.0,0.37,0.0,Nan,No,Yes,University Branch,Technology,Walk-In,Wednesday,2,7,1,Warm,0
2024-02-07,11,74.0,21.9,47.5,6.5,1351.0,2.45,0.0,Winter,No,Yes,Al Rawdah Branch,Non-Fiction,Student,Wednesday,2,7,1,Cool,0
2024-02-07,12,69.0,23.2,55.2,5.9,1315.0,0.32,0.0,Winter,No,Yes,Downtown Central,History,Premium,Wednesday,2,7,0,Cool,0
2024-02-07,15,84.0,22.6,46.0,6.4,1446.0,1.6,0.0,Winter,No,Yes,Downtown Central,History,Student,Wednesday,2,7,0,Cool,0
2024-02-07,18,78.0,19.5,69.4,5.0,1384.0,0.17,0.0,Winter,No,Yes,University Branch,Technology,Student,Wednesday,2,7,1,Cool,0
2024-02-07,19,41.0,32.2,48.2,2.0,1146.0,0.0,0.0,Winter,No,Yes,Corniche Kiosk,Arabic Literature,Premium,Wednesday,2,7,1,Warm,0
2024-02-07,21,36.0,20.0,45.2,6.1,969.0,0.0,0.0,Winter,No,Yes,Al Rawdah Branch,Fiction,Premium,Wednesday,2,7,0,Cool,0
2024-02-07,22,16.0,17.5,48.8,2.7,1388.0,0.0,4.2,Winter,No,Yes,Al Hamra Branch,Children,Student,Wednesday,2,7,0,Cool,0
2024-02-08,8,64.0,23.4,68.3,2.1,1627.0,0.28,0.0,Winter,No,Yes,University Branch,Arabic Literature,Student,Thursday,2,8,0,Cool,0
2024-02-08,10,72.0,26.2,57.7,5.8,1630.0,3.19,0.0,Winter,No,Yes,Al Rawdah Branch,Fiction,Premium,Thursday,2,8,1,Warm,0
2024-02-08,13,52.0,26.8,41.6,1.1,1885.0,2.38,0.0,Winter,No,Yes,Al Rawdah Branch,Business,Regular,Thursday,2,8,0,Warm,0
2024-02-08,15,81.0,28.0,66.7,4.0,1229.0,2.42,0.0,Winter,No,Yes,University Branch,Fiction,Student,Thursday,2,8,0,Warm,0
2024-02-08,16,36.0,26.5,55.9,3.0,1388.0,1.12,0.0,Winter,No,Yes,Corniche Kiosk,Children,Walk-In,Thursday,2,8,1,Warm,0
2024-02-08,17,57.0,26.1,52.2,4.0,952.0,1.57,0.0,Winter,No,Yes,Al Rawdah Branch,History,Walk-In,Thursday,2,8,1,Warm,0
2024-02-08,18,117.0,25.1,61.8,3.6,1399.0,3.39,0.0,Winter,No,Yes,Downtown Central,Children,Student,Thursday,2,8,1,Warm,0
2024-02-08,19,54.0,26.2,53.9,3.3,1826.0,0.0,0.0,Winter,No,Yes,Al Rawdah Branch,Non-Fiction,Walk-In,Thursday,2,8,1,Warm,0
2024-02-08,22,38.0,22.4,43.4,7.6,1561.0,0.0,0.0,Winter,No,Yes,Al Rawdah Branch,Science,Regular,Thursday,2,8,0,Cool,0
2024-02-09,8,35.0,23.7,48.0,6.1,940.0,1.47,0.0,Winter,Yes,Yes,Al Rawdah Branch,Science,Student,Friday,2,9,0,Cool,1
2024-02-09,11,53.0,23.5,68.0,6.6,1484.0,2.33,0.0,Winter,Yes,Yes,Al Rawdah Branch,Technology,Nan,Friday,2,9,1,Cool,1
2024-02-09,13,25.0,28.7,67.9,2.7,1438.0,1.88,0.0,Winter,Yes,Yes,Corniche Kiosk,History,Student,Friday,2,9,0,Warm,1
2024-02-09,14,36.0,26.4,65.4,4.9,1297.0,1.69,0.0,Winter,Yes,Yes,Al Rawdah Branch,Arabic Literature,Regular,Friday,2,9,0,Warm,1
2024-02-09,15,31.0,26.4,55.0,0.9,1185.0,0.85,1.1,Nan,Yes,Yes,Al Hamra Branch,Children,Student,Friday,2,9,0,Warm,1
2024-02-09,16,22.0,27.2,47.2,2.3,1593.0,0.85,0.0,Winter,Yes,Yes,Corniche Kiosk,Science,Walk-In,Friday,2,9,1,Warm,1
2024-02-09,17,65.0,24.7,45.5,0.5,801.0,2.75,0.0,Winter,Yes,Yes,University Branch,Business,Regular,Friday,2,9,1,Cool,1
2024-02-09,18,51.0,24.3,78.5,3.1,1241.0,1.63,0.0,Winter,Yes,Yes,Al Rawdah Branch,Science,Regular,Friday,2,9,1,Cool,1
2024-02-09,22,21.0,23.5,39.6,3.7,949.0,0.0,0.0,Winter,Yes,Yes,Al Hamra Branch,Technology,Premium,Friday,2,9,0,Cool,1
2024-02-10,8,49.0,21.0,62.6,1.4,1074.0,0.58,0.0,Winter,No,Yes,University Branch,Fiction,Student,Saturday,2,10,0,Cool,1
2024-02-10,11,29.0,22.4,59.0,5.2,1830.0,0.19,0.0,Winter,No,Yes,Corniche Kiosk,History,Regular,Saturday,2,10,1,Cool,1
2024-02-10,12,30.0,26.8,48.0,1.3,1968.0,0.63,2.9,Winter,No,Yes,Corniche Kiosk,Technology,Regular,Saturday,2,10,0,Warm,1
2024-02-10,13,67.0,24.7,62.9,7.2,1871.0,2.83,0.0,Winter,No,Yes,University Branch,Arabic Literature,Premium,Saturday,2,10,0,Cool,1
2024-02-10,14,50.0,24.4,37.3,3.3,1018.0,0.83,0.3,Winter,No,Yes,Downtown Central,Technology,Regular,Saturday,2,10,0,Cool,1
2024-02-10,17,34.0,23.6,51.2,4.8,851.0,0.67,0.0,Winter,No,Yes,Corniche Kiosk,Non-Fiction,Regular,Saturday,2,10,1,Cool,1
2024-02-10,18,38.0,22.5,63.3,6.5,1037.0,0.13,4.1,Winter,No,Yes,Al Rawdah Branch,Fiction,Walk-In,Saturday,2,10,1,Cool,1
2024-02-10,20,43.0,21.8,42.5,7.4,1945.0,0.0,0.0,Winter,No,Yes,University Branch,Technology,Regular,Saturday,2,10,0,Cool,1
2024-02-11,9,85.0,26.3,51.6,2.3,966.0,0.95,0.0,Winter,No,Yes,University Branch,Business,Premium,Sunday,2,11,1,Warm,0
2024-02-11,10,50.0,26.7,73.4,7.4,1420.0,0.67,0.0,Winter,No,Yes,Al Hamra Branch,History,Walk-In,Sunday,2,11,1,Warm,0
2024-02-11,11,57.0,27.6,57.7,4.1,958.0,1.73,0.0,Winter,No,Yes,Al Hamra Branch,History,Premium,Sunday,2,11,1,Warm,0
2024-02-11,12,65.0,29.8,61.7,3.1,1479.0,1.78,0.0,Winter,No,Yes,University Branch,Fiction,Regular,Sunday,2,11,0,Warm,0
2024-02-11,15,29.0,29.0,50.1,4.3,1542.0,3.13,0.0,Winter,No,Yes,Corniche Kiosk,Children,Walk-In,Sunday,2,11,0,Warm,0
2024-02-11,16,110.0,30.5,42.1,6.4,1053.0,2.85,0.0,Winter,No,Yes,University Branch,History,Student,Sunday,2,11,1,Warm,0
2024-02-11,17,84.0,27.4,56.9,2.8,1205.0,3.43,0.0,Winter,No,Yes,Al Rawdah Branch,Non-Fiction,Student,Sunday,2,11,1,Warm,0
2024-02-11,18,103.0,27.7,67.8,5.5,1821.0,0.65,0.0,Winter,No,Yes,University Branch,History,Student,Sunday,2,11,1,Warm,0
2024-02-11,19,79.0,28.4,43.5,5.6,1510.0,0.0,0.0,Winter,No,Yes,University Branch,Non-Fiction,Regular,Sunday,2,11,1,Warm,0
2024-02-11,20,35.0,25.2,63.6,3.9,1860.0,0.0,0.0,Winter,No,Yes,Al Hamra Branch,Children,Regular,Sunday,2,11,0,Warm,0
2024-02-11,21,58.0,25.7,45.2,4.9,1654.0,0.0,0.0,Winter,No,Yes,University Branch,Fiction,Premium,Sunday,2,11,0,Warm,0
2024-02-11,22,64.0,24.7,59.7,3.0,1982.0,0.0,0.0,Winter,No,Yes,Downtown Central,Non-Fiction,Student,Sunday,2,11,0,Cool,0
2024-02-12,9,55.0,18.0,71.1,0.5,1588.0,3.16,0.0,Winter,No,Yes,Al Rawdah Branch,Science,Premium,Monday,2,12,1,Cool,0
2024-02-12,10,50.0,20.3,45.9,4.1,1985.0,2.81,0.0,Winter,No,Yes,Al Rawdah Branch,Fiction,Walk-In,Monday,2,12,1,Cool,0
2024-02-12,11,34.0,19.1,38.8,5.2,1359.0,1.07,0.0,Winter,No,Yes,Corniche Kiosk,Fiction,Premium,Monday,2,12,1,Cool,0
2024-02-12,12,60.0,22.4,50.0,5.7,1203.0,0.52,0.9,Winter,No,Yes,Downtown Central,Non-Fiction,Premium,Monday,2,12,0,Cool,0
2024-02-12,13,64.0,24.0,50.8,5.6,1061.0,2.97,0.0,Winter,No,Yes,University Branch,Fiction,Walk-In,Monday,2,12,0,Cool,0
2024-02-12,14,67.0,22.5,62.8,6.4,942.0,2.77,0.0,Winter,No,Yes,University Branch,Business,Regular,Monday,2,12,0,Cool,0
2024-02-12,15,37.0,21.6,58.4,7.2,1406.0,0.76,0.0,Winter,No,Yes,Al Rawdah Branch,Technology,Walk-In,Monday,2,12,0,Cool,0
2024-02-12,17,78.0,18.9,60.2,2.7,1784.0,1.95,0.0,Winter,No,Yes,University Branch,Fiction,Regular,Monday,2,12,1,Cool,0
2024-02-12,19,91.0,20.6,51.4,6.9,1256.0,0.0,0.0,Winter,No,Yes,Downtown Central,History,Premium,Monday,2,12,1,Cool,0
2024-02-12,20,26.0,16.6,64.4,0.9,1418.0,0.0,0.0,Winter,No,Yes,University Branch,Technology,Walk-In,Monday,2,12,0,Cool,0
2024-02-12,21,43.0,19.3,50.6,7.0,1280.0,0.0,0.0,Winter,No,Yes,Downtown Central,Arabic Literature,Premium,Monday,2,12,0,Cool,0
2024-02-12,22,22.0,19.2,52.0,5.5,1308.0,0.0,0.0,Winter,No,Yes,Al Rawdah Branch,Technology,Walk-In,Monday,2,12,0,Cool,0
2024-02-13,8,29.0,21.2,39.7,4.8,1506.0,0.74,0.0,Winter,No,Yes,Corniche Kiosk,Non-Fiction,Student,Tuesday,2,13,0,Cool,0
2024-02-13,9,30.0,23.7,60.3,2.7,1618.0,0.93,0.0,Winter,No,Yes,Corniche Kiosk,Technology,Walk-In,Tuesday,2,13,1,Cool,0
2024-02-13,10,94.0,25.1,54.0,3.0,1506.0,0.16,0.0,Winter,No,Yes,Downtown Central,Children,Student,Tuesday,2,13,1,Warm,0
2024-02-13,12,68.0,27.5,38.9,4.6,1774.0,2.17,0.0,Winter,No,Yes,University Branch,Science,Regular,Tuesday,2,13,0,Warm,0
2024-02-13,13,28.0,26.9,53.2,7.6,1007.0,1.92,0.0,Winter,No,Yes,Corniche Kiosk,Fiction,Walk-In,Tuesday,2,13,0,Warm,0
2024-02-13,14,55.0,28.0,36.4,7.8,1747.0,0.24,0.0,Winter,No,Yes,Al Hamra Branch,Children,Student,Tuesday,2,13,0,Warm,0
2024-02-13,15,39.0,26.5,58.4,5.0,995.0,1.24,0.0,Winter,No,Yes,Al Hamra Branch,Arabic Literature,Walk-In,Tuesday,2,13,0,Warm,0
2024-02-13,19,74.0,25.2,73.7,2.3,1904.0,0.0,0.0,Winter,No,Yes,Al Rawdah Branch,History,Student,Tuesday,2,13,1,Warm,0
2024-02-13,20,40.0,21.5,65.0,6.3,1256.0,0.0,0.0,Winter,No,Yes,Al Hamra Branch,Arabic Literature,Premium,Tuesday,2,13,0,Cool,0
2024-02-13,22,24.0,23.6,71.5,3.9,1344.0,0.0,0.0,Winter,No,Yes,Corniche Kiosk,Science,Student,Tuesday,2,13,0,Cool,0
2024-02-14,9,41.0,20.6,53.5,5.4,1251.0,1.6,0.0,Winter,No,Yes,Al Hamra Branch,Business,Walk-In,Wednesday,2,14,1,Cool,0
2024-02-14,12,85.0,27.5,50.4,1.5,1532.0,3.18,0.0,Winter,No,Yes,University Branch,Technology,Student,Wednesday,2,14,0,Warm,0
2024-02-14,14,53.0,27.2,65.6,1.4,1399.0,1.38,0.0,Winter,No,Yes,Al Rawdah Branch,Technology,Premium,Wednesday,2,14,0,Warm,0
2024-02-14,15,74.0,25.6,64.5,5.8,1825.0,2.47,0.0,Winter,No,Yes,Downtown Central,Science,Regular,Wednesday,2,14,0,Warm,0
2024-02-14,16,71.0,27.1,39.7,2.5,1602.0,0.83,0.0,Winter,No,Yes,Al Rawdah Branch,Business,Premium,Wednesday,2,14,1,Warm,0
2024-02-14,17,45.0,32.2,73.0,4.1,1440.0,0.69,0.0,Winter,No,Yes,Corniche Kiosk,Children,Student,Wednesday,2,14,1,Warm,0
2024-02-14,18,92.0,23.4,49.9,7.6,1080.0,2.63,0.0,Winter,No,Yes,Downtown Central,Arabic Literature,Regular,Wednesday,2,14,1,Cool,0
2024-02-14,21,23.0,22.7,71.9,3.7,1283.0,0.0,1.2,Winter,No,Yes,University Branch,Fiction,Walk-In,Wednesday,2,14,0,Cool,0
2024-02-15,9,72.0,25.9,49.4,7.3,1581.0,3.13,0.0,Winter,No,Yes,Al Hamra Branch,Children,Student,Thursday,2,15,1,Warm,0
2024-02-15,11,82.0,28.7,56.7,1.0,1615.0,2.08,0.0,Winter,No,Yes,University Branch,History,Regular,Thursday,2,15,1,Warm,0
2024-02-15,12,58.0,32.2,51.2,2.9,1757.0,0.57,0.0,Winter,No,Yes,University Branch,Children,Walk-In,Thursday,2,15,0,Warm,0
2024-02-15,14,76.0,31.3,65.0,1.9,869.0,0.78,0.0,Winter,No,Yes,Downtown Central,Arabic Literature,Premium,Thursday,2,15,0,Warm,0
2024-02-15,15,32.0,29.6,64.7,7.5,1459.0,1.38,0.0,Winter,No,Yes,Corniche Kiosk,Science,Regular,Thursday,2,15,0,Warm,0
2024-02-15,18,40.0,27.7,59.9,1.7,1033.0,2.51,0.0,Winter,No,Yes,Corniche Kiosk,Children,Regular,Thursday,2,15,1,Warm,0
2024-02-15,20,45.0,24.7,52.1,5.8,1062.0,0.0,0.0,Winter,No,Yes,Al Rawdah Branch,Children,Premium,Thursday,2,15,0,Cool,0
2024-02-16,9,55.0,25.2,77.0,1.7,868.0,0.24,0.0,Winter,Yes,Yes,Downtown Central,Fiction,Walk-In,Friday,2,16,1,Warm,1
2024-02-16,10,28.0,26.7,59.7,4.6,1978.0,2.64,0.0,Winter,Yes,Yes,Corniche Kiosk,Non-Fiction,Regular,Friday,2,16,1,Warm,1
2024-02-16,11,49.0,28.2,61.5,2.4,1916.0,0.37,0.0,Winter,Yes,Yes,University Branch,Science,Walk-In,Friday,2,16,1,Warm,1
2024-02-16,14,54.0,28.5,69.0,7.5,1716.0,1.79,0.0,Winter,Yes,Yes,Downtown Central,History,Premium,Friday,2,16,0,Warm,1
2024-02-16,16,52.0,31.1,65.8,7.5,1785.0,1.76,0.0,Winter,Yes,Yes,Al Hamra Branch,Non-Fiction,Premium,Friday,2,16,1,Warm,1
2024-02-16,17,51.0,26.1,57.7,5.4,876.0,2.68,0.0,Winter,Yes,Yes,Al Hamra Branch,Arabic Literature,Regular,Friday,2,16,1,Warm,1
2024-02-16,19,34.0,25.4,39.9,3.4,1749.0,0.0,0.0,Nan,Yes,Yes,Al Hamra Branch,History,Walk-In,Friday,2,16,1,Warm,1
2024-02-16,21,10.0,23.8,60.0,1.7,910.0,0.0,2.9,Winter,Yes,Yes,Corniche Kiosk,Technology,Premium,Friday,2,16,0,Cool,1
2024-02-17,8,46.0,20.1,67.6,2.2,1993.0,1.37,0.0,Winter,No,Yes,Downtown Central,Fiction,Regular,Saturday,2,17,0,Cool,1
2024-02-17,9,87.0,21.0,68.3,5.3,914.0,1.59,0.0,Winter,No,Yes,Downtown Central,Fiction,Student,Saturday,2,17,1,Cool,1
2024-02-17,11,47.0,22.0,72.2,2.1,937.0,1.66,3.4,Winter,No,Yes,Al Rawdah Branch,Technology,Premium,Saturday,2,17,1,Cool,1
2024-02-17,15,30.0,23.7,61.7,4.1,1770.0,2.3,0.0,Winter,No,Yes,Corniche Kiosk,Science,Student,Saturday,2,17,0,Cool,1
2024-02-17,18,55.0,21.9,59.9,4.1,1419.0,0.67,0.0,Winter,No,Yes,Al Hamra Branch,Technology,Premium,Saturday,2,17,1,Cool,1
2024-02-17,21,29.0,21.4,59.4,4.2,999.0,0.0,0.0,Winter,No,Yes,Al Hamra Branch,Science,Regular,Saturday,2,17,0,Cool,1
2024-02-18,9,33.0,19.2,44.6,6.9,980.0,1.16,0.0,Nan,No,Yes,Corniche Kiosk,Science,Student,Sunday,2,18,1,Cool,0
2024-02-18,10,46.0,20.5,69.4,1.9,1502.0,1.35,0.0,Winter,No,Yes,Al Hamra Branch,Children,Regular,Sunday,2,18,1,Cool,0
2024-02-18,15,36.0,24.8,68.9,6.4,1275.0,1.04,0.0,Nan,No,Yes,Corniche Kiosk,Non-Fiction,Nan,Sunday,2,18,0,Cool,0
2024-02-18,18,68.0,20.7,64.7,7.4,1752.0,2.71,0.0,Winter,No,Yes,University Branch,Business,Walk-In,Sunday,2,18,1,Cool,0
2024-02-18,19,43.0,21.2,61.0,6.3,1968.0,0.0,0.0,Winter,No,Yes,Al Hamra Branch,Technology,Walk-In,Sunday,2,18,1,Cool,0
2024-02-18,21,19.0,20.3,71.0,7.3,1353.0,0.0,0.0,Winter,No,Yes,Corniche Kiosk,History,Premium,Sunday,2,18,0,Cool,0
2024-02-19,9,62.0,19.4,65.2,3.8,1309.0,1.98,0.0,Winter,No,Yes,Downtown Central,Arabic Literature,Walk-In,Monday,2,19,1,Cool,0
2024-02-19,11,74.0,21.5,54.4,2.0,1754.0,1.03,0.5,Winter,No,Yes,Downtown Central,Science,Premium,Monday,2,19,1,Cool,0
2024-02-19,12,28.0,21.9,47.0,2.3,1770.0,1.65,0.0,Winter,No,Yes,Corniche Kiosk,Fiction,Regular,Monday,2,19,0,Cool,0
2024-02-19,16,57.0,23.8,49.3,6.2,1499.0,3.19,0.0,Winter,No,Yes,Al Hamra Branch,Arabic Literature,Walk-In,Monday,2,19,1,Cool,0
2024-02-19,17,51.0,19.7,52.2,1.9,1007.0,1.85,0.0,Winter,No,Yes,Al Hamra Branch,Non-Fiction,Regular,Monday,2,19,1,Cool,0
2024-02-19,18,79.0,20.3,68.3,6.0,968.0,2.0,0.0,Winter,No,Yes,University Branch,Children,Regular,Monday,2,19,1,Cool,0
2024-02-19,19,53.0,19.9,69.3,3.8,886.0,0.0,0.0,Winter,No,Yes,Al Hamra Branch,Fiction,Premium,Monday,2,19,1,Cool,0
2024-02-19,20,33.0,19.0,54.5,5.9,1846.0,0.0,0.0,Winter,No,Yes,University Branch,Technology,Walk-In,Monday,2,19,0,Cool,0
2024-02-20,8,22.0,20.8,51.2,1.4,884.0,0.94,0.0,Winter,No,Yes,Corniche Kiosk,Arabic Literature,Nan,Tuesday,2,20,0,Cool,0
2024-02-20,10,67.0,22.9,44.7,1.0,1957.0,3.22,0.0,Winter,No,Yes,Al Hamra Branch,Technology,Student,Tuesday,2,20,1,Cool,0
2024-02-20,11,28.0,22.2,75.5,7.0,1012.0,0.48,0.0,Winter,No,Yes,Corniche Kiosk,Children,Walk-In,Tuesday,2,20,1,Cool,0
2024-02-20,14,71.0,25.6,53.8,3.5,1686.0,3.02,0.0,Winter,No,Yes,University Branch,Non-Fiction,Regular,Tuesday,2,20,0,Warm,0
2024-02-20,16,61.0,25.9,48.6,6.7,1437.0,1.53,0.0,Winter,No,Yes,Al Hamra Branch,History,Regular,Tuesday,2,20,1,Warm,0
2024-02-20,18,91.0,23.6,40.6,3.7,1545.0,2.45,0.0,Winter,No,Yes,University Branch,Technology,Regular,Tuesday,2,20,1,Cool,0
2024-02-20,19,68.0,22.5,57.0,5.3,1975.0,0.0,0.0,Winter,No,Yes,Al Rawdah Branch,History,Premium,Tuesday,2,20,1,Cool,0
2024-02-20,21,48.0,20.3,70.9,5.6,1405.0,0.0,0.0,Winter,No,Yes,University Branch,Science,Student,Tuesday,2,20,0,Cool,0
2024-02-20,22,32.0,19.6,76.4,4.9,1014.0,0.0,0.0,Winter,No,Yes,Downtown Central,Technology,Regular,Tuesday,2,20,0,Cool,0
2024-02-21,8,38.0,22.9,45.6,6.6,1339.0,1.98,0.0,Winter,No,Yes,Al Hamra Branch,Arabic Literature,Regular,Wednesday,2,21,0,Cool,0
2024-02-21,10,32.0,23.5,44.1,2.4,870.0,0.45,0.0,Winter,No,Yes,Corniche Kiosk,Arabic Literature,Regular,Wednesday,2,21,1,Cool,0
2024-02-21,11,83.0,24.8,46.2,7.8,889.0,1.94,0.0,Winter,No,Yes,University Branch,History,Regular,Wednesday,2,21,1,Cool,0
2024-02-21,12,82.0,27.0,60.4,3.8,897.0,1.64,0.0,Winter,No,Yes,University Branch,Children,Student,Wednesday,2,21,0,Warm,0
2024-02-21,14,36.0,26.0,69.8,2.8,1310.0,1.37,0.0,Winter,No,Yes,Corniche Kiosk,Children,Premium,Wednesday,2,21,0,Warm,0
2024-02-21,17,44.0,24.7,53.7,1.9,1197.0,3.24,0.0,Winter,No,Yes,Downtown Central,Children,Student,Wednesday,2,21,1,Cool,0
2024-02-21,18,88.0,22.6,64.8,3.9,1674.0,0.47,0.0,Winter,No,Yes,Downtown Central,Arabic Literature,Regular,Wednesday,2,21,1,Cool,0
2024-02-21,19,96.0,24.7,49.1,2.6,1675.0,0.0,0.0,Winter,No,Yes,University Branch,Science,Student,Wednesday,2,21,1,Cool,0
2024-02-21,20,42.0,22.5,69.5,5.1,916.0,0.0,0.0,Winter,No,Yes,Al Rawdah Branch,Science,Premium,Wednesday,2,21,0,Cool,0
2024-02-21,21,39.0,22.4,70.1,6.8,1637.0,0.0,0.0,Winter,No,Yes,University Branch,Children,Walk-In,Wednesday,2,21,0,Cool,0
2024-02-21,22,31.0,21.8,72.5,4.5,837.0,0.0,0.0,Winter,No,Yes,Al Rawdah Branch,Children,Premium,Wednesday,2,21,0,Cool,0
2024-02-23,8,29.0,24.1,52.4,1.1,1523.0,2.6,0.0,Winter,Yes,Yes,Al Hamra Branch,Children,Premium,Friday,2,23,0,Cool,1
2024-02-23,9,45.0,23.7,62.4,1.1,1345.0,1.59,0.0,Winter,Yes,Yes,University Branch,Arabic Literature,Walk-In,Friday,2,23,1,Cool,1
2024-02-23,11,77.0,27.9,43.3,5.8,1126.0,2.81,0.0,Winter,Yes,Yes,Downtown Central,Fiction,Regular,Friday,2,23,1,Warm,1
2024-02-23,12,46.0,30.8,48.2,4.1,1892.0,1.43,0.0,Winter,Yes,Yes,Downtown Central,History,Regular,Friday,2,23,0,Warm,1
2024-02-23,13,44.0,31.1,71.9,7.2,1765.0,1.24,0.0,Winter,Yes,Yes,University Branch,History,Regular,Friday,2,23,0,Warm,1
2024-02-23,14,28.0,29.5,45.0,2.7,849.0,1.81,3.6,Winter,Yes,Yes,Al Hamra Branch,Business,Walk-In,Friday,2,23,0,Warm,1
2024-02-23,16,76.0,30.9,60.2,5.8,1792.0,0.09,0.0,Winter,Yes,Yes,Downtown Central,History,Premium,Friday,2,23,1,Warm,1
2024-02-23,17,69.0,27.8,37.2,3.4,1515.0,0.7,0.0,Winter,Yes,Yes,Downtown Central,Non-Fiction,Walk-In,Friday,2,23,1,Warm,1
2024-02-23,21,18.0,24.9,76.5,1.5,1441.0,0.0,0.0,Winter,Yes,Yes,Al Hamra Branch,Non-Fiction,Regular,Friday,2,23,0,Cool,1
2024-02-23,22,10.0,23.5,69.4,4.0,1157.0,0.0,2.7,Winter,Yes,Yes,Corniche Kiosk,Fiction,Regular,Friday,2,23,0,Cool,1
2024-02-24,8,50.0,20.5,47.9,2.4,962.0,0.85,0.0,Winter,No,Yes,University Branch,History,Student,Saturday,2,24,0,Cool,1
2024-02-24,9,42.0,17.6,70.2,2.0,1675.0,1.87,0.0,Winter,No,Yes,Al Rawdah Branch,Technology,Regular,Saturday,2,24,1,Cool,1
2024-02-24,10,63.0,21.1,72.4,5.3,1159.0,1.085,0.0,Winter,No,Yes,University Branch,Fiction,Regular,Saturday,2,24,1,Cool,1
2024-02-24,11,35.0,20.9,68.8,4.3,1399.0,0.04,0.0,Winter,No,Yes,Al Hamra Branch,Children,Nan,Saturday,2,24,1,Cool,1
2024-02-24,12,73.0,24.0,60.2,3.2,1049.0,2.02,0.0,Winter,No,Yes,Downtown Central,Arabic Literature,Premium,Saturday,2,24,0,Cool,1
2024-02-24,14,49.0,24.4,68.6,3.3,881.0,3.38,0.0,Winter,No,Yes,Al Hamra Branch,History,Student,Saturday,2,24,0,Cool,1
2024-02-24,15,71.0,23.9,68.9,2.7,989.0,3.44,0.0,Winter,No,Yes,University Branch,Children,Premium,Saturday,2,24,0,Cool,1
2024-02-24,18,53.0,21.5,40.7,1.8,933.0,1.23,0.0,Winter,No,Yes,Al Rawdah Branch,Fiction,Walk-In,Saturday,2,24,1,Cool,1
2024-02-24,19,48.0,21.3,69.7,2.3,1563.0,0.0,2.1,Winter,No,Yes,University Branch,Arabic Literature,Walk-In,Saturday,2,24,1,Cool,1
2024-02-24,20,31.0,19.7,70.7,1.8,1628.0,0.0,0.0,Winter,No,Yes,Al Rawdah Branch,Non-Fiction,Premium,Saturday,2,24,0,Cool,1
2024-02-24,21,10.0,32.2,50.2,7.4,1144.0,0.0,0.0,Winter,No,Yes,Corniche Kiosk,Technology,Walk-In,Saturday,2,24,0,Warm,1
2024-02-24,22,9.0,18.1,76.8,6.0,1898.0,0.0,0.9,Winter,No,Yes,Corniche Kiosk,Children,Premium,Saturday,2,24,0,Cool,1
2024-02-25,8,37.0,24.7,52.0,1.4,1494.0,2.64,0.0,Winter,No,Yes,Al Hamra Branch,Technology,Regular,Sunday,2,25,0,Cool,0
2024-02-25,10,68.0,25.4,67.2,3.0,1798.0,0.46,0.0,Winter,No,Yes,Downtown Central,Children,Walk-In,Sunday,2,25,1,Warm,0
2024-02-25,11,105.0,24.9,66.9,5.0,1767.0,2.25,0.0,Winter,No,Yes,Downtown Central,Fiction,Student,Sunday,2,25,1,Cool,0
2024-02-25,12,59.0,28.1,49.0,1.0,1492.0,3.08,0.0,Winter,No,Yes,University Branch,Science,Walk-In,Sunday,2,25,0,Warm,0
2024-02-25,14,35.0,28.9,49.1,3.5,1665.0,3.02,0.0,Winter,No,Yes,Corniche Kiosk,Arabic Literature,Premium,Sunday,2,25,0,Warm,0
2024-02-25,21,45.0,23.1,74.8,1.8,1202.0,0.0,0.0,Winter,No,Yes,University Branch,Children,Regular,Sunday,2,25,0,Cool,0
2024-02-26,8,16.0,17.0,49.5,3.5,1772.0,1.11,0.0,Winter,No,Yes,Corniche Kiosk,Science,Walk-In,Monday,2,26,0,Cool,0
2024-02-26,10,38.0,21.4,45.6,1.9,1254.0,0.06,0.0,Winter,No,Yes,Corniche Kiosk,Technology,Student,Monday,2,26,1,Cool,0
2024-02-26,11,48.0,19.0,63.7,2.4,1360.0,2.87,0.0,Winter,No,Yes,Al Hamra Branch,Children,Regular,Monday,2,26,1,Cool,0
2024-02-26,12,42.0,32.2,48.8,2.7,968.0,0.06,0.0,Winter,No,Yes,Corniche Kiosk,History,Student,Monday,2,26,0,Warm,0
2024-02-26,13,71.0,23.5,68.5,2.8,1810.0,1.1,0.0,Winter,No,Yes,University Branch,Arabic Literature,Premium,Monday,2,26,0,Cool,0
2024-02-26,14,29.0,22.7,49.4,5.5,1989.0,2.41,0.0,Winter,No,Yes,Corniche Kiosk,Business,Walk-In,Monday,2,26,0,Cool,0
2024-02-26,15,38.0,22.1,61.3,2.9,817.0,0.12,0.0,Winter,No,Yes,Al Rawdah Branch,History,Walk-In,Monday,2,26,0,Cool,0
2024-02-26,16,42.0,23.3,60.3,2.7,1829.0,1.91,0.0,Winter,No,Yes,Corniche Kiosk,Children,Premium,Monday,2,26,1,Cool,0
2024-02-26,19,73.0,20.6,54.7,1.8,1361.0,0.0,0.0,Winter,No,Yes,University Branch,Science,Regular,Monday,2,26,1,Cool,0
2024-02-26,20,44.0,19.4,63.9,6.7,1472.0,0.0,0.0,Winter,No,Yes,University Branch,Fiction,Premium,Monday,2,26,0,Cool,0
2024-02-26,22,25.0,18.1,46.2,0.5,961.0,0.0,0.0,Winter,No,Yes,Al Hamra Branch,Science,Student,Monday,2,26,0,Cool,0
2024-02-27,9,82.0,23.6,62.3,1.2,1173.0,3.32,0.0,Winter,No,Yes,University Branch,History,Nan,Tuesday,2,27,1,Cool,0
2024-02-27,10,43.0,23.9,66.0,2.5,1044.0,1.04,0.0,Winter,No,Yes,Corniche Kiosk,Fiction,Student,Tuesday,2,27,1,Cool,0
2024-02-27,11,61.0,23.8,61.1,0.6,816.0,2.83,0.0,Winter,No,Yes,Al Hamra Branch,Arabic Literature,Premium,Tuesday,2,27,1,Cool,0
2024-02-27,12,76.0,26.5,53.5,5.5,1554.0,1.62,0.0,Winter,No,Yes,University Branch,Fiction,Premium,Tuesday,2,27,0,Warm,0
2024-02-27,13,30.0,25.8,45.9,3.4,1670.0,3.47,2.7,Winter,No,Yes,Corniche Kiosk,History,Premium,Tuesday,2,27,0,Warm,0
2024-02-27,14,80.0,28.3,59.4,3.6,814.0,0.7,0.0,Winter,No,Yes,Downtown Central,Business,Student,Tuesday,2,27,0,Warm,0
2024-02-27,15,41.0,26.5,68.0,2.3,1665.0,0.71,0.0,Winter,No,Yes,Al Hamra Branch,Arabic Literature,Walk-In,Tuesday,2,27,0,Warm,0
2024-02-27,16,75.0,27.1,45.3,3.0,1482.0,1.1,0.0,Winter,No,Yes,Al Hamra Branch,Non-Fiction,Student,Tuesday,2,27,1,Warm,0
2024-02-27,18,50.0,23.5,58.3,1.6,1794.0,3.24,0.0,Winter,No,Yes,Corniche Kiosk,Non-Fiction,Student,Tuesday,2,27,1,Cool,0
2024-02-27,19,73.0,25.1,70.0,7.0,909.0,0.0,0.0,Winter,No,Yes,Downtown Central,History,Walk-In,Tuesday,2,27,1,Warm,0
2024-02-27,20,41.0,23.1,41.9,2.1,1988.0,0.0,0.0,Winter,No,Yes,Al Hamra Branch,Science,Regular,Tuesday,2,27,0,Cool,0
2024-02-27,21,49.0,22.5,56.9,7.3,1628.0,0.0,0.0,Winter,No,Yes,University Branch,Fiction,Premium,Tuesday,2,27,0,Cool,0
2024-02-28,8,47.0,21.2,66.4,0.8,1865.0,2.27,0.0,Winter,No,Yes,Al Rawdah Branch,Technology,Student,Wednesday,2,28,0,Cool,0
2024-02-28,9,36.0,22.5,60.6,3.8,1814.0,0.71,0.0,Winter,No,Yes,Corniche Kiosk,Technology,Premium,Wednesday,2,28,1,Cool,0
2024-02-28,10,34.0,23.5,73.9,6.0,1785.0,0.48,0.0,Winter,No,Yes,Corniche Kiosk,Science,Regular,Wednesday,2,28,1,Cool,0
2024-02-28,11,86.0,23.4,44.8,8.0,906.0,3.34,0.0,Winter,No,Yes,Downtown Central,Non-Fiction,Regular,Wednesday,2,28,1,Cool,0
2024-02-28,12,59.0,27.0,55.3,5.9,1401.0,0.63,0.0,Winter,No,Yes,Downtown Central,Science,Walk-In,Wednesday,2,28,0,Warm,0
2024-02-28,13,26.0,27.2,74.6,6.5,1097.0,1.09,0.0,Winter,No,Yes,Corniche Kiosk,Business,Walk-In,Wednesday,2,28,0,Warm,0
2024-02-28,15,50.0,28.6,71.9,3.8,1255.0,0.96,0.0,Winter,No,Yes,Al Rawdah Branch,Non-Fiction,Regular,Wednesday,2,28,0,Warm,0
2024-02-28,17,74.0,25.2,43.1,5.7,1222.0,0.72,0.0,Winter,No,Yes,Al Hamra Branch,Non-Fiction,Student,Wednesday,2,28,1,Warm,0
2024-02-28,18,69.0,32.2,71.7,4.0,811.0,0.36,0.0,Winter,No,Yes,University Branch,Technology,Walk-In,Wednesday,2,28,1,Warm,0
2024-02-28,20,14.0,23.4,46.8,6.0,845.0,0.0,0.0,Winter,No,Yes,Corniche Kiosk,Fiction,Walk-In,Wednesday,2,28,0,Cool,0
2024-02-28,21,22.0,21.3,68.5,7.9,1622.0,0.0,0.0,Winter,No,Yes,Corniche Kiosk,Arabic Literature,Premium,Wednesday,2,28,0,Cool,0
2024-02-29,10,75.0,27.9,46.1,3.3,919.0,2.48,0.0,Winter,No,Yes,Al Rawdah Branch,Business,Premium,Thursday,2,29,1,Warm,0
2024-02-29,11,47.0,28.1,68.7,4.9,1802.0,0.0,0.0,Winter,No,Yes,Al Hamra Branch,History,Walk-In,Thursday,2,29,1,Warm,0
2024-02-29,12,91.0,29.7,54.4,1.5,1432.0,2.74,0.0,Winter,No,Yes,Downtown Central,Arabic Literature,Student,Thursday,2,29,0,Warm,0
2024-02-29,13,52.0,30.8,47.8,7.5,1127.0,0.73,0.0,Winter,No,Yes,University Branch,Fiction,Walk-In,Thursday,2,29,0,Warm,0
2024-02-29,14,93.0,32.2,53.4,7.2,1045.0,3.41,0.0,Winter,No,Yes,Downtown Central,Fiction,Student,Thursday,2,29,0,Warm,0
2024-02-29,15,57.0,30.8,44.3,2.4,1596.0,1.69,0.0,Winter,No,Yes,Al Rawdah Branch,Arabic Literature,Premium,Thursday,2,29,0,Warm,0
2024-02-29,16,78.0,30.2,56.8,4.2,1837.0,0.37,0.9,Winter,No,Yes,Downtown Central,Science,Regular,Thursday,2,29,1,Warm,0
2024-02-29,18,88.0,26.6,51.3,4.2,1714.0,1.98,0.0,Winter,No,Yes,University Branch,Non-Fiction,Regular,Thursday,2,29,1,Warm,0
2024-02-29,20,45.0,24.0,56.0,4.9,836.0,0.0,0.0,Winter,No,Yes,Downtown Central,Children,Walk-In,Thursday,2,29,0,Cool,0
2024-02-29,22,54.0,25.8,53.9,7.4,831.0,0.0,0.0,Winter,No,Yes,Downtown Central,Fiction,Regular,Thursday,2,29,0,Warm,0
2024-03-01,9,52.0,30.4,48.6,0.9,1775.0,0.39,0.2,Spring,Yes,Yes,Downtown Central,Science,Premium,Friday,3,1,1,Warm,1
2024-03-01,10,24.0,30.3,58.1,4.8,961.0,1.25,0.0,Spring,Yes,Yes,Corniche Kiosk,History,Regular,Friday,3,1,1,Warm,1
2024-03-01,12,48.0,35.1,63.3,6.3,1162.0,1.48,0.0,Spring,Yes,Yes,Downtown Central,Business,Premium,Friday,3,1,0,Hot,1
2024-03-01,13,36.0,33.5,65.2,6.6,1584.0,2.66,4.0,Spring,Yes,Yes,University Branch,Arabic Literature,Premium,Friday,3,1,0,Warm,1
2024-03-01,14,37.0,33.8,55.3,1.7,1617.0,0.64,0.0,Spring,Yes,Yes,Al Rawdah Branch,Children,Nan,Friday,3,1,0,Warm,1
2024-03-01,15,14.0,35.1,59.5,7.0,1905.0,0.49,0.0,Spring,Yes,Yes,Corniche Kiosk,Technology,Regular,Friday,3,1,0,Hot,1
2024-03-01,18,47.0,31.9,47.4,3.4,1069.0,2.25,0.0,Spring,Yes,Yes,Al Hamra Branch,Non-Fiction,Regular,Friday,3,1,1,Warm,1
2024-03-01,20,22.0,29.6,60.6,2.1,1736.0,0.0,0.0,Spring,Yes,Yes,Al Hamra Branch,Non-Fiction,Walk-In,Friday,3,1,0,Warm,1
2024-03-01,22,38.0,30.4,45.5,1.7,1001.0,0.0,0.0,Spring,Yes,Yes,Downtown Central,Non-Fiction,Student,Friday,3,1,0,Warm,1
2024-03-02,9,69.0,33.2,67.8,6.3,1846.0,0.48,0.0,Spring,No,Yes,Downtown Central,Arabic Literature,Regular,Saturday,3,2,1,Warm,1
2024-03-02,12,47.0,38.0,50.0,2.1,1930.0,0.29,0.0,Spring,No,Yes,Downtown Central,Arabic Literature,Premium,Saturday,3,2,0,Hot,1
2024-03-02,15,22.0,37.4,48.2,4.5,832.0,2.97,0.0,Spring,No,Yes,Corniche Kiosk,Science,Premium,Saturday,3,2,0,Hot,1
2024-03-02,19,22.0,35.0,69.5,7.4,1641.0,0.0,0.0,Spring,No,Yes,Corniche Kiosk,Children,Walk-In,Saturday,3,2,1,Warm,1
2024-03-02,20,44.0,33.8,60.2,6.0,1785.0,0.0,0.0,Spring,No,Yes,University Branch,Fiction,Regular,Saturday,3,2,0,Warm,1
2024-03-02,21,28.0,32.4,45.5,1.6,968.0,0.0,0.0,Spring,No,Yes,University Branch,Science,Walk-In,Saturday,3,2,0,Warm,1
2024-03-03,8,44.0,27.6,68.3,3.6,1782.0,1.13,0.0,Spring,No,Yes,Al Rawdah Branch,Fiction,Regular,Sunday,3,3,0,Warm,0
2024-03-03,9,93.0,26.3,44.9,0.8,1596.0,0.24,0.0,Spring,No,Yes,Downtown Central,Non-Fiction,Premium,Sunday,3,3,1,Warm,0
2024-03-03,10,88.0,30.6,73.1,4.5,1776.0,1.85,0.0,Spring,No,Yes,Downtown Central,Non-Fiction,Premium,Sunday,3,3,1,Warm,0
2024-03-03,12,92.0,31.7,53.7,2.1,1927.0,2.85,0.0,Spring,No,Yes,Downtown Central,Non-Fiction,Student,Sunday,3,3,0,Warm,0
2024-03-03,13,42.0,33.0,77.9,6.4,1318.0,2.38,0.0,Spring,No,Yes,Al Hamra Branch,Arabic Literature,Regular,Sunday,3,3,0,Warm,0
2024-03-03,14,61.0,33.1,44.2,5.0,952.0,3.33,0.0,Spring,No,Yes,Al Rawdah Branch,Technology,Regular,Sunday,3,3,0,Warm,0
2024-03-03,15,52.0,32.7,46.9,4.5,1929.0,1.44,0.0,Spring,No,Yes,Al Rawdah Branch,Technology,Premium,Sunday,3,3,0,Warm,0
2024-03-03,16,68.0,33.3,67.9,6.0,1062.0,1.58,0.0,Spring,No,Yes,Al Hamra Branch,Science,Student,Sunday,3,3,1,Warm,0
2024-03-03,18,73.0,30.4,79.1,2.1,918.0,1.06,0.0,Spring,No,Yes,Al Hamra Branch,Fiction,Student,Sunday,3,3,1,Warm,0
2024-03-03,20,42.0,26.8,44.7,1.2,1202.0,0.0,0.0,Spring,No,Yes,Al Rawdah Branch,History,Regular,Sunday,3,3,0,Warm,0
2024-03-03,21,42.0,26.0,60.3,0.5,1260.0,0.0,0.0,Spring,No,Yes,Al Rawdah Branch,Business,Student,Sunday,3,3,0,Warm,0
2024-03-03,22,30.0,26.4,56.7,3.4,1512.0,0.0,0.0,Spring,No,Yes,Al Hamra Branch,History,Walk-In,Sunday,3,3,0,Warm,0
2024-03-04,8,25.0,27.0,47.5,2.2,1477.0,1.27,0.0,Spring,No,Yes,Corniche Kiosk,Arabic Literature,Regular,Monday,3,4,0,Warm,0
2024-03-04,9,91.0,27.5,58.4,1.7,1110.0,3.21,0.0,Spring,No,Yes,Downtown Central,Arabic Literature,Regular,Monday,3,4,1,Warm,0
2024-03-04,11,36.0,31.7,43.4,0.9,1961.0,1.61,0.0,Spring,No,Yes,Corniche Kiosk,Fiction,Regular,Monday,3,4,1,Warm,0
2024-03-04,12,31.0,34.8,42.2,4.3,1115.0,1.21,0.0,Spring,No,Yes,Corniche Kiosk,Fiction,Premium,Monday,3,4,0,Warm,0
2024-03-04,14,34.0,33.2,38.0,1.4,1578.0,0.66,0.0,Spring,No,Yes,Al Hamra Branch,History,Walk-In,Monday,3,4,0,Warm,0
2024-03-04,15,46.0,32.7,46.6,5.8,998.0,2.75,0.0,Spring,No,Yes,Al Rawdah Branch,History,Walk-In,Monday,3,4,0,Warm,0
2024-03-04,16,102.0,33.7,71.2,1.1,1320.0,3.13,0.0,Spring,No,Yes,University Branch,History,Student,Monday,3,4,1,Warm,0
2024-03-04,18,86.0,30.0,72.2,7.7,1729.0,2.74,0.0,Spring,No,Yes,University Branch,Children,Regular,Monday,3,4,1,Warm,0
2024-03-04,19,61.0,31.8,53.3,3.8,1456.0,0.0,0.0,Spring,No,Yes,Al Hamra Branch,History,Premium,Monday,3,4,1,Warm,0
2024-03-04,21,43.0,28.3,70.3,7.2,1457.0,0.0,0.0,Spring,No,Yes,Al Rawdah Branch,Business,Regular,Monday,3,4,0,Warm,0
2024-03-04,22,46.0,27.7,65.2,0.8,991.0,0.0,0.0,Spring,No,Yes,Al Rawdah Branch,Children,Student,Monday,3,4,0,Warm,0
2024-03-05,8,36.0,33.2,61.6,4.4,950.0,3.35,0.0,Spring,No,Yes,Corniche Kiosk,Business,Premium,Tuesday,3,5,0,Warm,0
2024-03-05,9,61.0,32.5,74.5,0.7,1676.0,0.7,0.0,Spring,No,Yes,University Branch,Non-Fiction,Walk-In,Tuesday,3,5,1,Warm,0
2024-03-05,11,41.0,33.4,42.4,6.8,1772.0,2.87,0.0,Spring,No,Yes,Corniche Kiosk,Science,Premium,Tuesday,3,5,1,Warm,0
2024-03-05,14,49.0,38.9,52.7,7.2,1872.0,0.63,0.0,Spring,No,Yes,University Branch,Business,Student,Tuesday,3,5,0,Hot,0
2024-03-05,16,56.0,37.9,47.6,1.5,1184.0,2.9,0.0,Spring,No,Yes,Al Rawdah Branch,Business,Regular,Tuesday,3,5,1,Hot,0
2024-03-05,17,46.0,33.9,61.2,6.1,1823.0,1.31,0.0,Spring,No,Yes,Al Hamra Branch,Technology,Walk-In,Tuesday,3,5,1,Warm,0
2024-03-05,19,75.0,33.7,69.6,4.1,829.0,0.0,3.9,Spring,No,Yes,University Branch,Non-Fiction,Premium,Tuesday,3,5,1,Warm,0
2024-03-05,20,38.0,33.5,36.1,5.2,1291.0,0.0,0.0,Spring,No,Yes,Al Rawdah Branch,Non-Fiction,Premium,Tuesday,3,5,0,Warm,0
2024-03-05,22,42.0,32.8,66.6,2.1,1599.0,0.0,0.0,Spring,No,Yes,University Branch,Science,Walk-In,Tuesday,3,5,0,Warm,0
2024-03-06,9,34.0,29.6,51.6,2.6,825.0,3.21,0.0,Spring,No,Yes,Corniche Kiosk,Arabic Literature,Walk-In,Wednesday,3,6,1,Warm,0
2024-03-06,10,69.0,33.0,68.2,0.6,976.0,0.47,0.0,Spring,No,Yes,Al Hamra Branch,Non-Fiction,Student,Wednesday,3,6,1,Warm,0
2024-03-06,12,74.0,33.7,41.5,1.3,1745.0,0.41,0.0,Spring,No,Yes,Downtown Central,Technology,Student,Wednesday,3,6,0,Warm,0
2024-03-06,13,36.0,33.6,38.7,7.7,1922.0,3.3,0.0,Spring,No,Yes,Corniche Kiosk,Science,Premium,Wednesday,3,6,0,Warm,0
2024-03-06,14,47.0,33.9,58.5,4.7,1924.0,1.75,0.0,Spring,No,Yes,Al Hamra Branch,Children,Student,Wednesday,3,6,0,Warm,0
2024-03-06,15,49.0,35.8,69.0,3.3,1320.0,1.57,0.0,Spring,No,Yes,Al Rawdah Branch,Science,Student,Wednesday,3,6,0,Hot,0
2024-03-06,16,68.0,35.3,67.3,5.8,1399.0,0.67,0.0,Spring,No,Yes,Al Rawdah Branch,Technology,Student,Wednesday,3,6,1,Hot,0
2024-03-06,17,62.0,32.9,48.5,2.0,1733.0,0.75,0.0,Spring,No,Yes,Al Hamra Branch,Science,Nan,Wednesday,3,6,1,Warm,0
2024-03-06,18,44.0,33.4,44.9,5.4,1987.0,2.66,0.0,Spring,No,Yes,Corniche Kiosk,Technology,Regular,Wednesday,3,6,1,Warm,0
2024-03-06,20,45.0,29.8,53.1,4.6,1450.0,0.0,0.0,Spring,No,Yes,Al Rawdah Branch,Business,Regular,Wednesday,3,6,0,Warm,0
2024-03-06,22,40.0,29.5,66.6,6.9,1259.0,0.0,0.0,Spring,No,Yes,Al Hamra Branch,History,Student,Wednesday,3,6,0,Warm,0
2024-03-08,9,53.0,29.9,51.2,3.3,1439.0,3.02,0.0,Spring,Yes,Yes,Al Rawdah Branch,Non-Fiction,Regular,Friday,3,8,1,Warm,1
2024-03-08,10,26.0,30.6,62.6,6.9,1836.0,2.7,0.0,Spring,Yes,Yes,Corniche Kiosk,Arabic Literature,Premium,Friday,3,8,1,Warm,1
2024-03-08,11,54.0,31.6,63.4,6.0,1912.0,3.34,0.0,Spring,Yes,Yes,Al Rawdah Branch,Business,Premium,Friday,3,8,1,Warm,1
2024-03-08,12,25.0,33.5,76.5,6.2,1701.0,2.3,0.0,Spring,Yes,Yes,Al Hamra Branch,Science,Walk-In,Friday,3,8,0,Warm,1
2024-03-08,13,34.0,33.2,70.2,2.4,836.0,3.23,0.0,Spring,Yes,Yes,Al Hamra Branch,Non-Fiction,Premium,Friday,3,8,0,Warm,1
2024-03-08,14,48.0,33.7,62.1,6.9,1481.0,0.96,0.0,Spring,Yes,Yes,Downtown Central,Non-Fiction,Premium,Friday,3,8,0,Warm,1
2024-03-08,16,49.0,34.6,37.8,1.8,1847.0,1.29,0.0,Spring,Yes,Yes,Al Hamra Branch,Children,Student,Friday,3,8,1,Warm,1
2024-03-08,20,23.0,30.3,71.5,1.2,1728.0,0.0,0.0,Spring,Yes,Yes,Al Rawdah Branch,Business,Regular,Friday,3,8,0,Warm,1
2024-03-08,22,29.0,29.1,60.2,5.8,1860.0,0.0,0.0,Spring,Yes,Yes,Al Rawdah Branch,History,Student,Friday,3,8,0,Warm,1
2024-03-09,10,89.0,33.4,48.2,6.3,861.0,1.79,0.0,Spring,No,Yes,Downtown Central,Non-Fiction,Student,Saturday,3,9,1,Warm,1
2024-03-09,13,49.0,35.6,46.9,3.0,852.0,1.82,0.0,Spring,No,Yes,Al Rawdah Branch,Technology,Premium,Saturday,3,9,0,Hot,1
2024-03-09,18,94.0,32.2,58.5,1.2,1684.0,2.75,0.0,Spring,No,Yes,Downtown Central,Arabic Literature,Premium,Saturday,3,9,1,Warm,1
2024-03-09,19,60.0,31.9,61.0,2.2,887.0,0.0,0.0,Spring,No,Yes,Al Hamra Branch,History,Student,Saturday,3,9,1,Warm,1
2024-03-09,21,40.0,31.2,42.2,1.4,1715.0,0.0,0.5,Spring,No,Yes,Downtown Central,Business,Regular,Saturday,3,9,0,Warm,1
2024-03-09,22,39.0,31.4,45.7,3.1,1603.0,0.0,0.0,Spring,No,Yes,University Branch,History,Regular,Saturday,3,9,0,Warm,1
2024-03-10,9,93.0,32.6,41.5,6.7,1345.0,3.04,0.0,Spring,No,Yes,Downtown Central,Arabic Literature,Premium,Sunday,3,10,1,Warm,0
2024-03-10,10,48.0,33.4,55.5,5.3,1747.0,0.38,0.0,Spring,No,Yes,Al Hamra Branch,History,Regular,Sunday,3,10,1,Warm,0
2024-03-10,11,83.0,32.6,47.4,7.3,1614.0,3.32,0.0,Spring,No,Yes,University Branch,Business,Regular,Sunday,3,10,1,Warm,0
2024-03-10,14,28.0,35.7,67.2,2.5,1783.0,0.55,0.0,Spring,No,Yes,Corniche Kiosk,Arabic Literature,Student,Sunday,3,10,0,Hot,0
2024-03-10,17,98.0,32.4,65.8,4.2,1543.0,0.32,0.0,Spring,No,Yes,Downtown Central,Technology,Premium,Sunday,3,10,1,Warm,0
2024-03-10,20,50.0,30.8,47.4,4.2,1776.0,0.0,0.0,Spring,No,Yes,Al Hamra Branch,Children,Student,Sunday,3,10,0,Warm,0
2024-03-11,10,32.0,35.4,67.9,1.8,1553.0,3.37,0.0,Spring,No,Yes,Corniche Kiosk,Fiction,Regular,Monday,3,11,1,Hot,0
2024-03-11,12,44.0,38.9,66.5,4.2,1876.0,0.86,0.0,Spring,No,Yes,Downtown Central,Fiction,Premium,Monday,3,11,0,Hot,0
2024-03-11,14,51.0,38.1,63.8,4.4,1999.0,3.19,0.0,Spring,No,Yes,Downtown Central,Children,Walk-In,Monday,3,11,0,Hot,0
2024-03-11,16,62.0,37.1,58.6,7.7,1840.0,1.92,0.0,Spring,No,Yes,University Branch,Arabic Literature,Walk-In,Monday,3,11,1,Hot,0
2024-03-11,17,82.0,36.9,66.9,3.4,1929.0,2.62,0.0,Spring,No,Yes,University Branch,Business,Student,Monday,3,11,1,Hot,0
2024-03-11,18,58.0,35.7,42.7,6.6,1254.0,1.47,0.5,Spring,No,Yes,Al Hamra Branch,Technology,Student,Monday,3,11,1,Hot,0
2024-03-11,19,91.0,34.9,49.3,5.8,1826.0,0.0,0.0,Spring,No,Yes,Downtown Central,History,Premium,Monday,3,11,1,Warm,0
2024-03-11,20,30.0,32.3,63.6,5.0,1963.0,0.0,0.0,Spring,No,Yes,Corniche Kiosk,History,Premium,Monday,3,11,0,Warm,0
2024-03-11,22,50.0,33.1,49.6,4.4,1752.0,0.0,0.0,Spring,No,Yes,Downtown Central,Technology,Regular,Monday,3,11,0,Warm,0
2024-03-12,8,68.0,29.3,46.1,5.3,1517.0,1.03,0.0,Spring,No,Yes,University Branch,Non-Fiction,Premium,Tuesday,3,12,0,Warm,0
2024-03-12,12,59.0,33.4,42.5,1.4,870.0,1.085,0.0,Spring,No,Yes,Al Rawdah Branch,Technology,Student,Tuesday,3,12,0,Warm,0
2024-03-12,14,44.0,34.7,41.7,2.3,1042.0,2.18,0.0,Spring,No,Yes,Al Hamra Branch,Technology,Regular,Tuesday,3,12,0,Warm,0
2024-03-12,16,36.0,32.0,55.8,7.9,1574.0,0.97,0.0,Spring,No,Yes,Corniche Kiosk,Fiction,Regular,Tuesday,3,12,1,Warm,0
2024-03-12,17,105.0,29.3,54.1,2.1,1961.0,0.61,0.0,Spring,No,Yes,Downtown Central,Children,Premium,Tuesday,3,12,1,Warm,0
2024-03-12,19,35.0,30.0,44.7,7.4,863.0,0.0,0.0,Spring,No,Yes,Corniche Kiosk,Non-Fiction,Walk-In,Tuesday,3,12,1,Warm,0
2024-03-12,20,50.0,29.9,58.5,2.9,1330.0,0.0,0.0,Spring,No,Yes,University Branch,Science,Walk-In,Tuesday,3,12,0,Warm,0
2024-03-12,21,54.0,28.3,60.2,2.1,1937.0,0.0,0.0,Spring,No,Yes,Downtown Central,History,Regular,Tuesday,3,12,0,Warm,0
2024-03-13,9,47.0,35.0,55.2,2.9,1292.0,1.72,0.0,Spring,Yes,Yes,Al Hamra Branch,Science,Premium,Wednesday,3,13,1,Warm,0
2024-03-13,12,36.0,38.9,49.7,6.7,1071.0,2.86,0.0,Spring,Yes,Yes,Downtown Central,Business,Walk-In,Wednesday,3,13,0,Hot,0
2024-03-13,13,31.0,38.0,66.4,4.8,1800.0,3.22,0.0,Spring,Yes,Yes,Al Rawdah Branch,Children,Premium,Wednesday,3,13,0,Hot,0
2024-03-13,16,52.0,38.0,55.2,7.0,1823.0,3.21,0.0,Spring,Yes,Yes,University Branch,Business,Walk-In,Wednesday,3,13,1,Hot,0
2024-03-13,17,77.0,34.3,46.3,4.8,1113.0,1.85,0.0,Spring,Yes,Yes,University Branch,Business,Student,Wednesday,3,13,1,Warm,0
2024-03-13,20,44.0,32.2,63.8,7.1,1428.0,0.0,0.0,Spring,Yes,Yes,University Branch,Business,Student,Wednesday,3,13,0,Warm,0
2024-03-14,8,40.0,33.7,59.6,4.4,1783.0,0.63,0.0,Spring,No,Yes,Al Rawdah Branch,Science,Regular,Thursday,3,14,0,Warm,0
2024-03-14,9,99.0,31.8,50.4,1.1,841.0,2.06,0.0,Spring,No,Yes,University Branch,Business,Student,Thursday,3,14,1,Warm,0
2024-03-14,10,41.0,35.3,70.8,6.7,1805.0,3.26,0.0,Spring,No,Yes,Al Hamra Branch,Non-Fiction,Walk-In,Thursday,3,14,1,Hot,0
2024-03-14,11,44.0,36.0,52.0,3.7,1969.0,2.72,2.5,Spring,No,Yes,Al Hamra Branch,Children,Student,Thursday,3,14,1,Hot,0
2024-03-14,12,44.0,39.4,73.1,1.2,1486.0,1.61,0.0,Spring,No,Yes,University Branch,Arabic Literature,Premium,Thursday,3,14,0,Hot,0
2024-03-14,14,47.0,37.5,49.8,7.3,1982.0,3.36,0.0,Spring,No,Yes,Al Hamra Branch,Science,Student,Thursday,3,14,0,Hot,0
2024-03-14,16,42.0,37.1,65.5,1.1,1626.0,0.24,0.0,Spring,No,Yes,Corniche Kiosk,Arabic Literature,Student,Thursday,3,14,1,Hot,0
2024-03-14,17,76.0,32.2,68.5,1.7,1152.0,3.27,0.0,Spring,No,Yes,University Branch,History,Walk-In,Thursday,3,14,1,Warm,0
2024-03-14,18,92.0,34.0,72.3,1.0,1330.0,1.16,0.0,Spring,No,Yes,Downtown Central,Technology,Premium,Thursday,3,14,1,Warm,0
2024-03-14,19,75.0,35.8,72.8,4.8,1013.0,0.0,0.0,Spring,No,Yes,University Branch,Business,Premium,Thursday,3,14,1,Hot,0
2024-03-14,20,36.0,32.2,70.1,6.7,1942.0,0.0,0.0,Spring,No,Yes,Al Rawdah Branch,Fiction,Walk-In,Thursday,3,14,0,Warm,0
2024-03-14,21,34.0,31.9,65.6,4.2,1591.0,0.0,0.0,Spring,No,Yes,Al Rawdah Branch,Science,Walk-In,Thursday,3,14,0,Warm,0
2024-03-15,8,23.0,34.3,61.3,1.2,1921.0,1.29,0.0,Spring,Yes,Yes,Al Hamra Branch,Business,Regular,Friday,3,15,0,Warm,1
2024-03-15,10,42.0,34.3,53.4,1.2,1825.0,3.37,0.0,Spring,Yes,Yes,Al Rawdah Branch,Non-Fiction,Walk-In,Friday,3,15,1,Warm,1
2024-03-15,11,26.0,36.4,38.3,1.0,952.0,1.08,0.0,Spring,Yes,Yes,Corniche Kiosk,History,Premium,Friday,3,15,1,Hot,1
2024-03-15,12,32.0,36.6,45.0,7.1,1021.0,2.59,0.0,Spring,Yes,Yes,University Branch,Fiction,Walk-In,Friday,3,15,0,Hot,1
2024-03-15,18,78.0,33.9,48.3,3.7,1093.0,1.085,0.0,Spring,Yes,Yes,University Branch,Fiction,Student,Friday,3,15,1,Warm,1
2024-03-15,19,51.0,36.4,55.7,1.5,1001.0,0.0,0.0,Spring,Yes,Yes,Downtown Central,Children,Walk-In,Friday,3,15,1,Hot,1
2024-03-15,20,30.0,33.8,48.4,2.9,1820.0,0.0,0.0,Spring,Yes,Yes,Al Rawdah Branch,Non-Fiction,Premium,Friday,3,15,0,Warm,1
2024-03-15,21,20.0,32.6,45.1,6.8,1909.0,0.0,0.0,Spring,Yes,Yes,Al Hamra Branch,Non-Fiction,Regular,Friday,3,15,0,Warm,1
2024-03-15,22,27.0,32.8,59.0,1.1,1815.0,0.0,0.0,Spring,Yes,Yes,University Branch,Fiction,Regular,Friday,3,15,0,Warm,1
2024-03-16,8,52.0,31.6,51.7,7.1,1251.0,0.35,0.0,Spring,No,Yes,University Branch,Arabic Literature,Premium,Saturday,3,16,0,Warm,1
2024-03-16,9,87.0,33.4,67.9,7.7,922.0,1.17,0.0,Spring,No,Yes,Downtown Central,Fiction,Student,Saturday,3,16,1,Warm,1
2024-03-16,10,49.0,35.6,63.6,5.9,1194.0,1.39,0.0,Spring,No,Yes,Al Rawdah Branch,Technology,Regular,Saturday,3,16,1,Hot,1
2024-03-16,11,59.0,33.6,42.7,5.6,1932.0,0.16,0.0,Spring,No,Yes,Al Rawdah Branch,Arabic Literature,Premium,Saturday,3,16,1,Warm,1
2024-03-16,13,33.0,36.9,73.7,0.9,1175.0,0.93,0.0,Spring,No,Yes,Al Rawdah Branch,Non-Fiction,Regular,Saturday,3,16,0,Hot,1
2024-03-16,15,35.0,39.4,62.5,4.2,1033.0,3.28,0.0,Spring,No,Yes,Al Rawdah Branch,Technology,Student,Saturday,3,16,0,Hot,1
2024-03-16,18,76.0,35.7,63.8,6.5,1928.0,0.93,0.0,Spring,No,Yes,Downtown Central,Science,Premium,Saturday,3,16,1,Hot,1
2024-03-16,20,17.0,33.2,44.5,2.8,1771.0,0.0,0.0,Spring,No,Yes,Corniche Kiosk,Arabic Literature,Walk-In,Saturday,3,16,0,Warm,1
2024-03-16,22,44.0,34.0,43.0,3.3,1689.0,0.0,0.0,Spring,No,Yes,Downtown Central,Technology,Premium,Saturday,3,16,0,Warm,1
2024-03-17,8,49.0,24.9,56.8,7.1,849.0,1.36,0.0,Spring,No,Yes,University Branch,Fiction,Walk-In,Sunday,3,17,0,Cool,0
2024-03-17,13,86.0,29.0,66.1,1.2,883.0,1.17,0.0,Spring,No,Yes,Downtown Central,Business,Student,Sunday,3,17,0,Warm,0
2024-03-17,14,45.0,29.0,62.1,7.0,1958.0,0.37,3.0,Spring,No,Yes,Al Hamra Branch,Technology,Student,Sunday,3,17,0,Warm,0
2024-03-17,16,58.0,31.5,72.6,6.6,816.0,1.4,0.2,Spring,No,Yes,Al Rawdah Branch,Arabic Literature,Premium,Sunday,3,17,1,Warm,0
2024-03-17,17,51.0,27.3,51.9,1.8,1885.0,1.39,0.0,Spring,No,Yes,Corniche Kiosk,History,Student,Sunday,3,17,1,Warm,0
2024-03-17,18,110.0,27.3,48.2,2.2,1776.0,2.53,0.0,Spring,No,Yes,University Branch,History,Student,Sunday,3,17,1,Warm,0
2024-03-17,20,59.0,23.7,56.8,3.9,1415.0,0.0,0.0,Spring,No,Yes,Downtown Central,Business,Regular,Sunday,3,17,0,Cool,0
2024-03-17,21,46.0,25.4,64.6,7.2,1295.0,0.0,0.0,Spring,No,Yes,Al Hamra Branch,Non-Fiction,Student,Sunday,3,17,0,Warm,0
2024-03-17,22,35.0,23.7,41.6,5.7,1358.0,0.0,0.0,Spring,No,Yes,Al Rawdah Branch,History,Regular,Sunday,3,17,0,Cool,0
2024-03-18,10,56.0,26.6,45.8,2.2,1131.0,2.19,0.0,Spring,No,Yes,Al Hamra Branch,Arabic Literature,Regular,Monday,3,18,1,Warm,0
2024-03-18,11,96.0,28.9,64.0,0.7,1749.0,3.03,0.0,Spring,No,Yes,Downtown Central,Fiction,Premium,Monday,3,18,1,Warm,0
2024-03-18,13,61.0,31.4,74.6,7.9,1337.0,2.19,0.0,Spring,No,Yes,Al Rawdah Branch,Non-Fiction,Student,Monday,3,18,0,Warm,0
2024-03-18,14,38.0,31.2,63.6,0.9,823.0,2.65,0.0,Spring,No,Yes,Al Hamra Branch,Non-Fiction,Walk-In,Monday,3,18,0,Warm,0
2024-03-18,15,59.0,29.4,47.7,7.6,1343.0,3.35,0.0,Spring,No,Yes,Al Rawdah Branch,History,Premium,Monday,3,18,0,Warm,0
2024-03-18,16,58.0,30.0,46.1,7.1,1990.0,0.76,0.0,Spring,No,Yes,Al Hamra Branch,Technology,Walk-In,Monday,3,18,1,Warm,0
2024-03-18,18,64.0,28.9,37.3,3.9,914.0,0.36,2.8,Spring,No,Yes,University Branch,Science,Walk-In,Monday,3,18,1,Warm,0
2024-03-18,19,67.0,29.1,72.4,6.1,806.0,0.0,0.0,Spring,No,Yes,Al Rawdah Branch,Children,Regular,Monday,3,18,1,Warm,0
2024-03-18,20,54.0,26.8,46.6,6.5,1235.0,0.0,0.0,Spring,No,Yes,Al Hamra Branch,Children,Student,Monday,3,18,0,Warm,0
2024-03-19,11,56.0,27.4,43.9,7.3,1446.0,2.17,0.0,Spring,No,Yes,Al Rawdah Branch,Business,Walk-In,Tuesday,3,19,1,Warm,0
2024-03-19,12,34.0,29.7,67.6,6.3,1586.0,0.01,0.0,Spring,No,Yes,Corniche Kiosk,Arabic Literature,Premium,Tuesday,3,19,0,Warm,0
2024-03-19,13,81.0,28.1,64.3,3.5,998.0,1.81,0.0,Spring,No,Yes,Downtown Central,Technology,Premium,Tuesday,3,19,0,Warm,0
2024-03-19,14,60.0,29.0,67.9,3.7,1677.0,1.62,0.0,Spring,No,Yes,Al Rawdah Branch,Business,Premium,Tuesday,3,19,0,Warm,0
2024-03-19,16,76.0,29.1,54.3,4.4,1577.0,1.26,0.0,Spring,No,Yes,Al Hamra Branch,Arabic Literature,Student,Tuesday,3,19,1,Warm,0
2024-03-19,17,70.0,27.6,69.1,5.9,1739.0,0.18,0.0,Spring,No,Yes,Al Hamra Branch,Science,Student,Tuesday,3,19,1,Warm,0
2024-03-19,18,63.0,26.4,39.7,2.3,1711.0,0.46,0.0,Spring,No,Yes,Al Hamra Branch,Business,Premium,Tuesday,3,19,1,Warm,0
2024-03-19,19,45.0,26.7,47.2,2.4,1229.0,0.0,0.0,Spring,No,Yes,Corniche Kiosk,Children,Premium,Tuesday,3,19,1,Warm,0
2024-03-20,9,42.0,24.1,56.2,4.6,1256.0,0.81,0.0,Spring,No,Yes,Corniche Kiosk,Non-Fiction,Premium,Wednesday,3,20,1,Cool,0
2024-03-20,11,72.0,26.7,43.7,3.5,1017.0,2.67,0.0,Spring,No,Yes,Al Rawdah Branch,Fiction,Premium,Wednesday,3,20,1,Warm,0
2024-03-20,16,34.0,32.2,47.3,2.8,939.0,3.03,0.0,Spring,No,Yes,Corniche Kiosk,Business,Walk-In,Wednesday,3,20,1,Warm,0
2024-03-20,18,66.0,28.0,71.4,1.8,1089.0,2.39,0.0,Spring,No,Yes,Al Rawdah Branch,Science,Regular,Wednesday,3,20,1,Warm,0
2024-03-20,20,56.0,24.4,45.6,6.9,1289.0,0.0,0.0,Nan,No,Yes,Al Rawdah Branch,Non-Fiction,Student,Wednesday,3,20,0,Cool,0
2024-03-20,21,29.0,25.2,68.8,7.5,1556.0,0.0,0.0,Spring,No,Yes,Al Rawdah Branch,Fiction,Walk-In,Wednesday,3,20,0,Warm,0
2024-03-20,22,17.0,24.1,64.2,2.5,1025.0,0.0,0.0,Spring,No,Yes,Corniche Kiosk,History,Walk-In,Wednesday,3,20,0,Cool,0
2024-03-21,9,44.0,35.1,60.2,7.1,1515.0,2.11,0.0,Spring,No,Yes,Corniche Kiosk,History,Student,Thursday,3,21,1,Hot,0
2024-03-21,10,49.0,34.8,55.3,5.7,1251.0,2.97,0.0,Spring,No,Yes,Al Rawdah Branch,Technology,Walk-In,Thursday,3,21,1,Warm,0
2024-03-21,11,57.0,36.0,44.5,2.4,1497.0,0.61,0.0,Spring,No,Yes,Al Hamra Branch,Science,Student,Thursday,3,21,1,Hot,0
2024-03-21,13,28.0,37.3,53.6,2.3,999.0,0.19,0.0,Spring,No,Yes,Al Rawdah Branch,Science,Walk-In,Thursday,3,21,0,Hot,0
2024-03-21,16,37.0,37.5,47.9,6.6,893.0,2.03,0.0,Spring,No,Yes,Corniche Kiosk,Business,Regular,Thursday,3,21,1,Hot,0
2024-03-21,18,98.0,35.8,45.1,2.7,1419.0,2.76,0.0,Spring,No,Yes,University Branch,Non-Fiction,Student,Thursday,3,21,1,Hot,0
2024-03-22,8,45.0,29.1,47.4,3.7,1694.0,1.6,0.0,Spring,Yes,Yes,University Branch,Arabic Literature,Premium,Friday,3,22,0,Warm,1
2024-03-22,11,47.0,30.5,41.5,4.2,1553.0,0.81,0.0,Spring,Yes,Yes,Al Hamra Branch,Business,Premium,Friday,3,22,1,Warm,1
2024-03-22,14,36.0,34.6,40.5,7.0,1823.0,0.32,0.0,Spring,Yes,Yes,Downtown Central,Non-Fiction,Walk-In,Friday,3,22,0,Warm,1
2024-03-22,15,21.0,32.3,55.8,1.9,1338.0,3.46,1.6,Spring,Yes,Yes,Corniche Kiosk,Non-Fiction,Premium,Friday,3,22,0,Warm,1
2024-03-22,18,80.0,30.8,64.6,1.8,1925.0,2.77,0.0,Spring,Yes,Yes,Downtown Central,Technology,Premium,Friday,3,22,1,Warm,1
2024-03-22,19,61.0,29.7,43.7,7.2,1181.0,0.0,0.0,Spring,Yes,Yes,Al Rawdah Branch,Arabic Literature,Premium,Friday,3,22,1,Warm,1
2024-03-22,20,17.0,27.9,63.7,1.0,1740.0,0.0,0.0,Spring,Yes,Yes,Corniche Kiosk,Science,Regular,Friday,3,22,0,Warm,1
2024-03-22,21,40.0,28.7,54.4,0.7,844.0,0.0,0.0,Spring,Yes,Yes,Downtown Central,History,Student,Friday,3,22,0,Warm,1
2024-03-22,22,26.0,27.8,58.7,6.3,1870.0,0.0,0.0,Spring,Yes,Yes,Al Rawdah Branch,Non-Fiction,Student,Friday,3,22,0,Warm,1
2024-03-23,8,53.0,27.6,77.5,3.5,1404.0,0.58,0.0,Spring,No,Yes,University Branch,Fiction,Regular,Saturday,3,23,0,Warm,1
2024-03-23,9,31.0,27.4,49.5,4.3,1307.0,2.55,0.0,Spring,No,Yes,Corniche Kiosk,Non-Fiction,Regular,Saturday,3,23,1,Warm,1
2024-03-23,10,40.0,28.0,71.6,1.7,997.0,2.56,0.0,Spring,No,Yes,Corniche Kiosk,Non-Fiction,Student,Saturday,3,23,1,Warm,1
2024-03-23,11,80.0,28.3,72.1,0.5,861.0,2.17,0.0,Spring,No,Yes,Downtown Central,Science,Regular,Saturday,3,23,1,Warm,1
2024-03-23,13,50.0,30.1,37.1,4.5,1325.0,1.6,0.0,Spring,No,Yes,Al Hamra Branch,Arabic Literature,Student,Saturday,3,23,0,Warm,1
2024-03-23,14,71.0,32.2,43.3,7.9,1294.0,1.57,0.0,Spring,No,Yes,Downtown Central,Children,Premium,Saturday,3,23,0,Warm,1
2024-03-23,16,42.0,31.9,49.9,3.9,1065.0,0.87,0.0,Spring,No,Yes,Corniche Kiosk,History,Premium,Saturday,3,23,1,Warm,1
2024-03-23,18,32.0,27.6,46.7,6.3,1948.0,0.57,0.0,Spring,No,Yes,Corniche Kiosk,Arabic Literature,Walk-In,Saturday,3,23,1,Warm,1
2024-03-23,19,97.0,29.9,72.6,7.4,1545.0,0.0,0.0,Spring,No,Yes,Downtown Central,History,Student,Saturday,3,23,1,Warm,1
2024-03-23,20,34.0,27.6,55.4,6.5,1361.0,0.0,0.0,Spring,No,Yes,Al Rawdah Branch,Children,Regular,Saturday,3,23,0,Warm,1
2024-03-23,21,44.0,27.1,61.9,2.6,1895.0,0.0,0.0,Spring,No,Yes,Downtown Central,Technology,Regular,Saturday,3,23,0,Warm,1
2024-03-23,22,21.0,26.5,49.4,6.2,1470.0,0.0,0.0,Spring,No,Yes,Corniche Kiosk,Arabic Literature,Regular,Saturday,3,23,0,Warm,1
2024-03-24,8,51.0,31.0,59.9,3.1,966.0,1.58,0.0,Spring,No,Yes,Al Rawdah Branch,Science,Premium,Sunday,3,24,0,Warm,0
2024-03-24,9,69.0,33.0,69.8,4.7,1168.0,2.07,0.0,Spring,No,Yes,University Branch,History,Walk-In,Sunday,3,24,1,Warm,0
2024-03-24,10,44.0,34.8,43.0,7.4,1100.0,3.18,0.0,Spring,No,Yes,Al Hamra Branch,Technology,Premium,Sunday,3,24,1,Warm,0
2024-03-24,11,44.0,33.9,60.3,0.7,974.0,0.97,0.0,Nan,No,Yes,Al Hamra Branch,History,Regular,Sunday,3,24,1,Warm,0
2024-03-24,12,49.0,35.5,60.2,7.0,1219.0,1.54,0.0,Spring,No,Yes,University Branch,Technology,Walk-In,Sunday,3,24,0,Hot,0
2024-03-24,13,71.0,35.4,60.9,6.1,1679.0,2.91,0.0,Spring,No,Yes,University Branch,History,Student,Sunday,3,24,0,Hot,0
2024-03-24,16,29.0,32.2,63.2,3.5,1709.0,2.22,0.0,Spring,No,Yes,Corniche Kiosk,Children,Walk-In,Sunday,3,24,1,Warm,0
2024-03-24,17,56.0,32.7,59.1,2.9,1298.0,3.24,0.0,Spring,No,Yes,Al Rawdah Branch,Arabic Literature,Walk-In,Sunday,3,24,1,Warm,0
2024-03-24,18,94.0,33.1,55.5,2.3,954.0,1.43,0.0,Spring,No,Yes,Downtown Central,History,Premium,Sunday,3,24,1,Warm,0
2024-03-24,19,46.0,34.6,50.0,2.3,1529.0,0.0,0.0,Spring,No,Yes,Al Rawdah Branch,Business,Walk-In,Sunday,3,24,1,Warm,0
2024-03-24,21,49.0,32.2,58.1,5.8,1262.0,0.0,3.3,Spring,No,Yes,Downtown Central,Arabic Literature,Student,Sunday,3,24,0,Warm,0
2024-03-24,22,49.0,31.3,64.1,1.5,902.0,0.0,0.0,Spring,No,Yes,Downtown Central,Arabic Literature,Regular,Sunday,3,24,0,Warm,0
2024-03-25,9,62.0,34.3,53.6,4.6,1890.0,3.4,0.0,Spring,No,Yes,Al Rawdah Branch,Fiction,Premium,Monday,3,25,1,Warm,0
2024-03-25,10,78.0,35.5,52.2,6.5,1633.0,0.23,0.0,Spring,No,Yes,University Branch,Arabic Literature,Student,Monday,3,25,1,Hot,0
2024-03-25,11,70.0,34.9,77.7,1.5,1431.0,1.74,0.0,Spring,No,Yes,Al Rawdah Branch,Non-Fiction,Student,Monday,3,25,1,Warm,0
2024-03-25,13,53.0,38.8,47.2,4.7,1121.0,2.66,0.0,Spring,No,Yes,University Branch,Technology,Premium,Monday,3,25,0,Hot,0
2024-03-25,15,28.0,39.2,62.3,4.4,1138.0,2.79,0.0,Spring,No,Yes,Al Rawdah Branch,Fiction,Walk-In,Monday,3,25,0,Hot,0
2024-03-25,19,82.0,35.0,40.2,7.6,1493.0,0.0,0.0,Spring,No,Yes,Downtown Central,Fiction,Regular,Monday,3,25,1,Warm,0
2024-03-25,21,28.0,34.8,56.1,1.8,1934.0,0.0,3.4,Spring,No,Yes,Al Hamra Branch,Business,Student,Monday,3,25,0,Warm,0
2024-03-25,22,33.0,33.8,62.2,7.0,1938.0,0.0,0.0,Spring,No,Yes,Al Rawdah Branch,Science,Regular,Monday,3,25,0,Warm,0
2024-03-26,11,67.0,35.5,39.9,5.0,1497.0,3.08,0.0,Spring,No,Yes,Downtown Central,Non-Fiction,Walk-In,Tuesday,3,26,1,Hot,0
2024-03-26,12,51.0,38.3,37.4,4.5,1223.0,1.93,0.0,Spring,No,Yes,Al Rawdah Branch,Children,Student,Tuesday,3,26,0,Hot,0
2024-03-26,14,28.0,39.1,47.1,4.1,1765.0,2.24,0.0,Spring,No,Yes,Al Hamra Branch,Technology,Walk-In,Tuesday,3,26,0,Hot,0
2024-03-26,15,65.0,38.0,64.0,4.5,939.0,2.98,0.0,Spring,No,Yes,Downtown Central,Fiction,Student,Tuesday,3,26,0,Hot,0
2024-03-26,19,62.0,34.3,66.6,6.6,802.0,0.0,0.0,Spring,No,Yes,Al Rawdah Branch,Science,Regular,Tuesday,3,26,1,Warm,0
2024-03-26,22,51.0,33.6,49.1,4.3,1687.0,0.0,0.0,Spring,No,Yes,Downtown Central,Science,Regular,Tuesday,3,26,0,Warm,0
2024-03-27,8,27.0,28.2,58.1,7.0,1998.0,1.81,0.0,Spring,Yes,Yes,Corniche Kiosk,Fiction,Student,Wednesday,3,27,0,Warm,0
2024-03-27,9,79.0,27.8,46.3,6.4,836.0,2.69,0.0,Spring,Yes,Yes,University Branch,History,Premium,Wednesday,3,27,1,Warm,0
2024-03-27,12,43.0,33.2,66.5,1.6,1453.0,0.74,0.0,Spring,Yes,Yes,University Branch,Business,Premium,Wednesday,3,27,0,Warm,0
2024-03-27,14,40.0,31.7,67.9,7.5,1906.0,2.94,0.0,Spring,Yes,Yes,Al Rawdah Branch,Arabic Literature,Regular,Wednesday,3,27,0,Warm,0
2024-03-27,15,42.0,33.2,48.5,3.2,1070.0,2.55,0.0,Spring,Yes,Yes,Al Hamra Branch,Fiction,Premium,Wednesday,3,27,0,Warm,0
2024-03-27,17,49.0,28.0,55.3,3.6,950.0,1.98,0.0,Spring,Yes,Yes,Al Rawdah Branch,History,Walk-In,Wednesday,3,27,1,Warm,0
2024-03-27,19,67.0,28.2,60.1,1.3,1616.0,0.0,0.0,Spring,Yes,Yes,Al Rawdah Branch,Non-Fiction,Student,Wednesday,3,27,1,Warm,0
2024-03-27,20,48.0,27.0,68.4,5.9,1270.0,1.085,0.0,Spring,Yes,Yes,University Branch,Technology,Nan,Wednesday,3,27,0,Warm,0
2024-03-27,21,43.0,26.3,71.1,3.2,1227.0,0.0,0.0,Spring,Yes,Yes,Downtown Central,Arabic Literature,Regular,Wednesday,3,27,0,Warm,0
2024-03-28,9,81.0,27.0,38.0,2.8,1431.0,0.16,0.0,Spring,No,Yes,University Branch,History,Premium,Thursday,3,28,1,Warm,0
2024-03-28,10,82.0,31.4,62.0,5.2,1592.0,2.89,0.0,Spring,No,Yes,University Branch,Technology,Regular,Thursday,3,28,1,Warm,0
2024-03-28,11,57.0,31.4,61.2,6.4,1821.0,2.3,0.0,Spring,No,Yes,Al Hamra Branch,Technology,Regular,Thursday,3,28,1,Warm,0
2024-03-28,13,55.0,31.9,47.2,3.1,843.0,1.15,0.0,Spring,No,Yes,Al Hamra Branch,Business,Student,Thursday,3,28,0,Warm,0
2024-03-28,14,77.0,32.1,65.4,4.6,1697.0,0.09,0.0,Spring,No,Yes,Downtown Central,Business,Premium,Thursday,3,28,0,Warm,0
2024-03-28,15,49.0,32.4,69.6,3.7,1079.0,0.82,0.0,Spring,No,Yes,Al Rawdah Branch,Children,Nan,Thursday,3,28,0,Warm,0
2024-03-28,16,54.0,32.8,42.5,7.6,1609.0,1.14,0.0,Spring,No,Yes,Al Hamra Branch,Non-Fiction,Regular,Thursday,3,28,1,Warm,0
2024-03-28,17,47.0,31.5,66.5,3.3,1143.0,2.9,0.0,Spring,No,Yes,Corniche Kiosk,Arabic Literature,Student,Thursday,3,28,1,Warm,0
2024-03-28,20,56.0,28.6,45.2,7.1,1425.0,0.0,3.3,Spring,No,Yes,University Branch,Business,Student,Thursday,3,28,0,Warm,0
2024-03-28,21,29.0,28.6,50.4,0.8,1402.0,0.0,0.0,Spring,No,Yes,Corniche Kiosk,Children,Premium,Thursday,3,28,0,Warm,0
2024-03-29,8,43.0,32.6,72.3,7.4,818.0,2.3,0.0,Spring,Yes,Yes,Downtown Central,Children,Premium,Friday,3,29,0,Warm,1
2024-03-29,9,49.0,34.0,61.3,6.2,980.0,2.59,0.0,Spring,Yes,Yes,Al Hamra Branch,History,Student,Friday,3,29,1,Warm,1
2024-03-29,12,21.0,39.5,48.5,3.2,1535.0,1.38,0.0,Spring,Yes,Yes,Al Hamra Branch,Non-Fiction,Student,Friday,3,29,0,Hot,1
2024-03-29,13,9.0,38.2,54.6,5.6,1136.0,0.22,2.7,Spring,Yes,Yes,Al Hamra Branch,Non-Fiction,Premium,Friday,3,29,0,Hot,1
2024-03-29,16,43.0,37.5,49.2,7.4,1233.0,0.28,0.0,Spring,Yes,Yes,University Branch,Children,Walk-In,Friday,3,29,1,Hot,1
2024-03-29,18,61.0,32.2,57.7,0.9,1307.0,1.48,0.0,Spring,Yes,Yes,Downtown Central,Arabic Literature,Regular,Friday,3,29,1,Warm,1
2024-03-29,20,24.0,34.9,44.4,4.5,857.0,0.0,0.0,Spring,Yes,Yes,Al Rawdah Branch,Non-Fiction,Regular,Friday,3,29,0,Warm,1
2024-03-30,8,22.0,29.9,53.8,3.1,1957.0,0.4,0.0,Spring,No,Yes,Corniche Kiosk,Science,Regular,Saturday,3,30,0,Warm,1
2024-03-30,10,58.0,33.5,68.3,5.6,1103.0,2.88,0.0,Spring,No,Yes,Al Hamra Branch,Science,Student,Saturday,3,30,1,Warm,1
2024-03-30,13,24.0,35.0,66.6,4.7,1529.0,1.94,0.0,Spring,No,Yes,Corniche Kiosk,Children,Regular,Saturday,3,30,0,Warm,1
2024-03-30,17,100.0,32.0,38.0,4.5,1568.0,3.22,0.0,Spring,No,Yes,University Branch,Technology,Student,Saturday,3,30,1,Warm,1
2024-03-30,20,71.0,29.7,74.1,0.5,1153.0,0.0,0.0,Spring,No,Yes,Downtown Central,Business,Student,Saturday,3,30,0,Warm,1
2024-03-30,22,28.0,30.0,71.1,4.3,1974.0,0.0,0.0,Spring,No,Yes,Al Rawdah Branch,Technology,Walk-In,Saturday,3,30,0,Warm,1
2024-03-31,8,25.0,29.0,62.3,7.0,1897.0,3.29,0.0,Spring,No,Yes,Corniche Kiosk,Business,Walk-In,Sunday,3,31,0,Warm,0
2024-03-31,9,43.0,27.6,77.8,4.1,1861.0,1.81,0.0,Spring,No,Yes,Corniche Kiosk,Fiction,Student,Sunday,3,31,1,Warm,0
2024-03-31,10,61.0,29.2,62.0,3.1,1836.0,0.73,0.0,Spring,No,Yes,Al Rawdah Branch,Business,Regular,Sunday,3,31,1,Warm,0
2024-03-31,13,36.0,33.4,60.2,3.8,1799.0,1.4,0.0,Spring,No,Yes,Al Hamra Branch,Non-Fiction,Walk-In,Sunday,3,31,0,Warm,0
2024-03-31,14,38.0,34.0,68.5,4.8,1917.0,1.99,0.0,Spring,No,Yes,Al Rawdah Branch,Technology,Walk-In,Sunday,3,31,0,Warm,0
2024-03-31,17,81.0,31.4,54.3,1.3,1399.0,1.67,0.0,Spring,No,Yes,Al Rawdah Branch,Arabic Literature,Student,Sunday,3,31,1,Warm,0
2024-03-31,18,69.0,29.3,68.8,5.4,883.0,2.95,0.0,Spring,No,Yes,Al Rawdah Branch,Non-Fiction,Nan,Sunday,3,31,1,Warm,0
2024-03-31,19,33.0,31.3,46.3,7.8,1095.0,0.0,0.0,Spring,No,Yes,Corniche Kiosk,Technology,Walk-In,Sunday,3,31,1,Warm,0
2024-04-01,8,32.0,23.7,65.2,4.3,969.0,1.18,0.0,Spring,No,Yes,Al Hamra Branch,Business,Regular,Monday,4,1,0,Cool,0
2024-04-01,10,44.0,25.6,70.6,4.2,1305.0,1.65,0.0,Spring,No,Yes,Al Hamra Branch,Children,Walk-In,Monday,4,1,1,Warm,0
2024-04-01,12,27.0,30.3,67.4,1.0,1376.0,1.28,0.8,Spring,No,Yes,Corniche Kiosk,Fiction,Premium,Monday,4,1,0,Warm,0
2024-04-01,17,67.0,26.6,67.7,4.0,968.0,1.71,0.0,Spring,No,Yes,Al Rawdah Branch,Fiction,Regular,Monday,4,1,1,Warm,0
2024-04-01,19,67.0,25.2,72.7,2.5,1101.0,0.0,0.0,Spring,No,Yes,Downtown Central,Children,Walk-In,Monday,4,1,1,Warm,0
2024-04-01,21,44.0,23.4,60.2,2.4,953.0,0.0,0.0,Spring,No,Yes,Al Rawdah Branch,Technology,Student,Monday,4,1,0,Cool,0
2024-04-02,8,25.0,25.2,40.8,6.8,1371.0,0.11,0.0,Spring,No,Yes,Corniche Kiosk,Fiction,Regular,Tuesday,4,2,0,Warm,0
2024-04-02,10,97.0,26.9,67.5,3.1,1922.0,1.52,0.0,Spring,No,Yes,Downtown Central,Business,Student,Tuesday,4,2,1,Warm,0
2024-04-02,11,63.0,28.1,55.5,4.7,971.0,2.51,0.0,Spring,No,Yes,Al Rawdah Branch,Children,Regular,Tuesday,4,2,1,Warm,0
2024-04-02,12,87.0,30.0,48.2,4.2,1221.0,2.53,0.0,Spring,No,Yes,Downtown Central,Fiction,Premium,Tuesday,4,2,0,Warm,0
2024-04-02,14,48.0,31.2,70.3,0.5,1871.0,1.83,3.2,Spring,No,Yes,Downtown Central,Business,Walk-In,Tuesday,4,2,0,Warm,0
2024-04-02,16,84.0,32.1,52.4,6.5,1970.0,2.51,0.0,Spring,No,Yes,Downtown Central,Technology,Walk-In,Tuesday,4,2,1,Warm,0
2024-04-02,17,52.0,27.5,73.3,7.0,1341.0,2.98,0.0,Spring,No,Yes,Al Hamra Branch,Technology,Walk-In,Tuesday,4,2,1,Warm,0
2024-04-02,18,108.0,26.8,77.7,2.5,1132.0,3.21,0.0,Spring,No,Yes,University Branch,History,Student,Tuesday,4,2,1,Warm,0
2024-04-02,19,115.0,27.7,61.6,2.8,1230.0,0.0,0.0,Spring,No,Yes,Downtown Central,Non-Fiction,Student,Tuesday,4,2,1,Warm,0
2024-04-02,20,68.0,25.4,60.4,7.3,915.0,0.0,0.0,Spring,No,Yes,University Branch,Fiction,Student,Tuesday,4,2,0,Warm,0
2024-04-02,21,62.0,26.7,64.1,6.0,1580.0,0.0,0.0,Spring,No,Yes,Downtown Central,Technology,Premium,Tuesday,4,2,0,Warm,0
2024-04-02,22,45.0,25.8,56.7,4.3,1041.0,0.0,0.0,Spring,No,Yes,University Branch,Science,Walk-In,Tuesday,4,2,0,Warm,0
2024-04-03,8,54.0,23.8,42.7,1.6,1382.0,1.22,0.0,Spring,No,Yes,Al Rawdah Branch,Science,Premium,Wednesday,4,3,0,Cool,0
2024-04-03,9,71.0,22.9,45.8,0.6,1470.0,3.45,0.0,Spring,No,Yes,Al Rawdah Branch,Children,Premium,Wednesday,4,3,1,Cool,0
2024-04-03,10,79.0,25.7,51.2,6.1,888.0,1.085,0.0,Spring,No,Yes,Downtown Central,Arabic Literature,Walk-In,Wednesday,4,3,1,Warm,0
2024-04-03,11,94.0,26.8,49.7,6.9,1317.0,1.12,0.0,Spring,No,Yes,Downtown Central,Arabic Literature,Premium,Wednesday,4,3,1,Warm,0
2024-04-03,13,65.0,30.3,66.1,1.8,1899.0,0.4,0.0,Spring,No,Yes,Downtown Central,Science,Regular,Wednesday,4,3,0,Warm,0
2024-04-03,16,75.0,28.2,75.9,3.0,1776.0,3.33,0.0,Spring,No,Yes,University Branch,History,Walk-In,Wednesday,4,3,1,Warm,0
2024-04-03,19,72.0,26.9,45.0,4.1,1694.0,0.0,0.0,Spring,Yes,Yes,University Branch,History,Walk-In,Wednesday,4,3,1,Warm,0
2024-04-03,22,49.0,25.7,47.1,5.2,1884.0,0.0,0.0,Spring,No,Yes,Downtown Central,Non-Fiction,Walk-In,Wednesday,4,3,0,Warm,0
2024-04-04,8,74.0,28.5,67.6,6.3,1372.0,0.55,0.0,Spring,No,Yes,Downtown Central,Business,Premium,Thursday,4,4,0,Warm,0
2024-04-04,10,71.0,28.6,70.3,2.6,1694.0,0.99,0.0,Spring,No,Yes,Downtown Central,Science,Walk-In,Thursday,4,4,1,Warm,0
2024-04-04,13,33.0,31.7,42.9,4.4,1559.0,0.41,0.0,Nan,No,Yes,Corniche Kiosk,Non-Fiction,Premium,Thursday,4,4,0,Warm,0
2024-04-04,14,64.0,33.3,47.5,2.7,820.0,2.0,0.0,Spring,No,Yes,Downtown Central,Children,Regular,Thursday,4,4,0,Warm,0
2024-04-04,16,75.0,31.6,56.9,3.2,1034.0,2.91,0.0,Spring,No,Yes,University Branch,Children,Walk-In,Thursday,4,4,1,Warm,0
2024-04-04,18,70.0,30.6,45.6,0.6,1126.0,1.3,0.0,Spring,No,Yes,Al Hamra Branch,Business,Student,Thursday,4,4,1,Warm,0
2024-04-04,19,86.0,29.4,55.6,3.3,1026.0,0.0,0.0,Spring,No,Yes,Downtown Central,Technology,Regular,Thursday,4,4,1,Warm,0
2024-04-04,20,52.0,28.7,51.5,3.7,1703.0,0.0,0.0,Spring,No,Yes,University Branch,Technology,Walk-In,Thursday,4,4,0,Warm,0
2024-04-04,22,55.0,26.9,64.9,7.5,843.0,0.0,0.0,Spring,No,Yes,Al Rawdah Branch,Business,Student,Thursday,4,4,0,Warm,0
2024-04-05,8,34.0,27.0,66.7,7.5,1119.0,1.33,0.0,Nan,Yes,Yes,Al Rawdah Branch,Science,Premium,Friday,4,5,0,Warm,1
2024-04-05,9,62.0,27.6,69.9,7.5,1862.0,2.08,0.0,Spring,Yes,Yes,University Branch,Children,Regular,Friday,4,5,1,Warm,1
2024-04-05,11,28.0,29.3,40.8,7.5,1764.0,2.62,0.0,Spring,Yes,Yes,Corniche Kiosk,History,Walk-In,Friday,4,5,1,Warm,1
2024-04-05,16,72.0,34.1,67.9,2.6,1932.0,2.15,0.0,Spring,Yes,Yes,University Branch,Science,Student,Friday,4,5,1,Warm,1
2024-04-05,18,41.0,29.2,64.8,7.9,1661.0,0.93,3.1,Spring,Yes,Yes,Al Hamra Branch,Technology,Premium,Friday,4,5,1,Warm,1
2024-04-05,19,44.0,30.3,56.7,7.0,1502.0,0.0,0.0,Spring,Yes,Yes,Downtown Central,Science,Regular,Friday,4,5,1,Warm,1
2024-04-06,10,64.0,33.4,40.5,3.3,1032.0,0.98,0.0,Spring,No,Yes,Al Rawdah Branch,Business,Student,Saturday,4,6,1,Warm,1
2024-04-06,14,63.0,38.1,50.9,4.9,1617.0,2.86,0.0,Spring,No,Yes,Downtown Central,Science,Student,Saturday,4,6,0,Hot,1
2024-04-06,15,52.0,36.7,51.4,3.3,1558.0,0.48,0.0,Spring,No,Yes,University Branch,Business,Student,Saturday,4,6,0,Hot,1
2024-04-06,18,55.0,34.5,61.0,5.7,1609.0,3.3,0.0,Spring,No,Yes,Al Hamra Branch,Arabic Literature,Regular,Saturday,4,6,1,Warm,1
2024-04-06,19,97.0,33.3,38.8,7.6,1766.0,0.0,0.0,Spring,No,Yes,Downtown Central,History,Student,Saturday,4,6,1,Warm,1
2024-04-06,20,40.0,33.3,42.3,5.6,1063.0,0.0,0.0,Spring,No,Yes,Al Hamra Branch,History,Premium,Saturday,4,6,0,Warm,1
2024-04-06,21,24.0,32.6,67.2,7.7,1321.0,0.0,0.0,Spring,No,Yes,Al Hamra Branch,Technology,Walk-In,Saturday,4,6,0,Warm,1
2024-04-07,8,59.0,34.2,66.6,4.0,1104.0,0.99,0.0,Spring,No,Yes,University Branch,Non-Fiction,Student,Sunday,4,7,0,Warm,0
2024-04-07,9,59.0,35.0,42.8,5.1,1742.0,0.42,0.0,Spring,No,Yes,University Branch,Business,Walk-In,Sunday,4,7,1,Warm,0
2024-04-07,11,88.0,34.8,64.2,4.5,1809.0,1.37,0.0,Spring,No,Yes,Downtown Central,Arabic Literature,Student,Sunday,4,7,1,Warm,0
2024-04-07,12,28.0,39.5,74.7,6.3,1389.0,2.26,0.0,Spring,No,Yes,Al Hamra Branch,Children,Regular,Sunday,4,7,0,Hot,0
2024-04-07,16,69.0,37.5,66.4,7.3,1822.0,1.05,0.0,Spring,No,Yes,University Branch,Fiction,Regular,Sunday,4,7,1,Hot,0
2024-04-07,17,45.0,34.8,49.7,2.6,1169.0,0.22,3.3,Spring,No,Yes,Al Hamra Branch,Children,Walk-In,Sunday,4,7,1,Warm,0
2024-04-07,18,82.0,35.3,40.0,7.0,1277.0,2.44,0.0,Nan,No,Yes,Al Rawdah Branch,History,Student,Sunday,4,7,1,Hot,0
2024-04-07,19,94.0,34.4,60.9,6.1,1181.0,0.0,0.0,Spring,No,Yes,Downtown Central,Business,Student,Sunday,4,7,1,Warm,0
2024-04-07,22,44.0,34.2,38.4,2.0,1455.0,0.0,0.0,Spring,No,Yes,Downtown Central,Science,Regular,Sunday,4,7,0,Warm,0
2024-04-08,8,65.0,32.7,62.6,3.0,1309.0,2.64,0.0,Spring,No,Yes,Downtown Central,Children,Premium,Monday,4,8,0,Warm,0
2024-04-08,9,74.0,33.4,43.3,2.8,1805.0,3.07,0.0,Spring,No,Yes,Downtown Central,Science,Walk-In,Monday,4,8,1,Warm,0
2024-04-08,11,64.0,33.7,66.7,5.8,1050.0,2.26,0.0,Spring,No,Yes,Al Rawdah Branch,Non-Fiction,Premium,Monday,4,8,1,Warm,0
2024-04-08,14,34.0,36.5,44.0,1.4,1305.0,0.91,0.0,Spring,No,Yes,Al Hamra Branch,Business,Walk-In,Monday,4,8,0,Hot,0
2024-04-08,15,44.0,37.5,53.1,5.9,899.0,3.45,0.0,Spring,No,Yes,University Branch,Arabic Literature,Walk-In,Monday,4,8,0,Hot,0
2024-04-08,16,37.0,38.5,48.5,1.1,1505.0,0.73,0.0,Spring,No,Yes,Corniche Kiosk,Fiction,Student,Monday,4,8,1,Hot,0
2024-04-08,17,67.0,33.9,70.8,7.2,1528.0,2.27,0.0,Spring,No,Yes,Al Rawdah Branch,Fiction,Premium,Monday,4,8,1,Warm,0
2024-04-08,18,66.0,35.8,57.6,4.4,1256.0,0.88,0.0,Spring,No,Yes,Al Rawdah Branch,Science,Premium,Monday,4,8,1,Hot,0
2024-04-08,19,97.0,35.5,68.7,4.9,1243.0,0.0,0.0,Spring,No,Yes,Downtown Central,Business,Student,Monday,4,8,1,Hot,0
2024-04-08,20,69.0,33.1,69.2,3.1,1345.0,0.0,0.0,Spring,No,Yes,Downtown Central,History,Nan,Monday,4,8,0,Warm,0
2024-04-09,8,69.0,25.8,49.3,7.0,946.0,2.45,0.0,Spring,No,Yes,University Branch,Fiction,Premium,Tuesday,4,9,0,Warm,0
2024-04-09,9,49.0,24.6,67.6,1.4,1134.0,2.23,0.0,Spring,No,Yes,Al Hamra Branch,Non-Fiction,Walk-In,Tuesday,4,9,1,Cool,0
2024-04-09,13,60.0,29.5,58.5,1.0,965.0,0.98,0.0,Spring,No,Yes,Al Rawdah Branch,Science,Student,Tuesday,4,9,0,Warm,0
2024-04-09,14,56.0,29.1,74.1,7.8,1771.0,1.8,0.0,Spring,No,Yes,Al Rawdah Branch,Children,Premium,Tuesday,4,9,0,Warm,0
2024-04-09,16,58.0,28.4,45.8,0.6,1475.0,2.97,0.0,Spring,No,Yes,Al Rawdah Branch,Business,Walk-In,Tuesday,4,9,1,Warm,0
2024-04-09,17,88.0,25.4,77.8,6.0,1086.0,0.1,0.0,Spring,No,Yes,Downtown Central,Non-Fiction,Regular,Tuesday,4,9,1,Warm,0
2024-04-09,18,104.0,26.3,43.5,2.2,1183.0,0.57,0.0,Spring,No,Yes,Downtown Central,Technology,Premium,Tuesday,4,9,1,Warm,0
2024-04-10,8,27.0,24.9,65.7,6.0,1090.0,0.41,0.0,Spring,No,Yes,Al Rawdah Branch,Children,Walk-In,Wednesday,4,10,0,Cool,0
2024-04-10,9,71.0,24.6,51.8,7.8,1984.0,0.36,0.0,Spring,No,Yes,Downtown Central,Non-Fiction,Walk-In,Wednesday,4,10,1,Cool,0
2024-04-10,11,70.0,27.4,46.3,1.6,1546.0,1.36,0.0,Spring,No,Yes,Al Rawdah Branch,Business,Student,Wednesday,4,10,1,Warm,0
2024-04-10,12,45.0,30.6,42.4,2.8,1765.0,1.05,0.0,Spring,No,Yes,Al Hamra Branch,Non-Fiction,Regular,Wednesday,4,10,0,Warm,0
2024-04-10,15,55.0,29.4,55.5,7.2,1303.0,2.35,0.0,Spring,No,Yes,University Branch,Non-Fiction,Walk-In,Wednesday,4,10,0,Warm,0
2024-04-10,16,51.0,27.7,62.6,6.2,1488.0,2.05,0.0,Spring,No,Yes,Al Hamra Branch,Fiction,Walk-In,Wednesday,4,10,1,Warm,0
2024-04-10,17,39.0,26.4,56.6,3.3,905.0,0.26,0.0,Spring,No,Yes,Corniche Kiosk,History,Premium,Wednesday,4,10,1,Warm,0
2024-04-10,18,37.0,25.7,56.9,4.5,825.0,1.49,0.0,Spring,No,Yes,Corniche Kiosk,Non-Fiction,Regular,Wednesday,4,10,1,Warm,0
2024-04-10,19,68.0,26.4,62.1,4.7,1922.0,0.0,0.0,Spring,No,Yes,Al Hamra Branch,Non-Fiction,Student,Wednesday,4,10,1,Warm,0
2024-04-10,20,42.0,24.9,59.0,2.0,872.0,0.0,0.0,Spring,No,Yes,Al Rawdah Branch,Science,Regular,Wednesday,4,10,0,Cool,0
2024-04-10,21,25.0,24.4,44.7,2.1,1492.0,0.0,0.0,Spring,No,Yes,Corniche Kiosk,Children,Premium,Wednesday,4,10,0,Cool,0
2024-04-10,22,17.0,25.1,56.0,5.7,1613.0,0.0,0.0,Spring,No,Yes,Corniche Kiosk,Technology,Walk-In,Wednesday,4,10,0,Warm,0
2024-04-11,8,25.0,32.0,68.9,2.0,1870.0,1.65,0.0,Spring,No,Yes,Corniche Kiosk,Science,Premium,Thursday,4,11,0,Warm,0
2024-04-11,9,64.0,30.6,62.7,1.1,1750.0,0.77,0.0,Spring,No,Yes,Al Hamra Branch,Science,Student,Thursday,4,11,1,Warm,0
2024-04-11,11,67.0,32.9,57.5,3.2,981.0,0.5,0.0,Spring,No,Yes,Downtown Central,Fiction,Walk-In,Thursday,4,11,1,Warm,0
2024-04-11,12,40.0,37.1,38.4,0.9,1568.0,2.09,0.0,Spring,No,Yes,Al Hamra Branch,Arabic Literature,Regular,Thursday,4,11,0,Hot,0
2024-04-11,13,63.0,35.0,47.6,4.3,1352.0,0.72,0.0,Spring,No,Yes,Downtown Central,Business,Regular,Thursday,4,11,0,Warm,0
2024-04-11,14,59.0,36.0,72.1,5.2,1818.0,2.54,0.0,Spring,No,Yes,Downtown Central,Children,Regular,Thursday,4,11,0,Hot,0
2024-04-11,17,61.0,33.3,56.4,4.5,1674.0,1.43,0.0,Spring,No,Yes,Al Rawdah Branch,Fiction,Regular,Thursday,4,11,1,Warm,0
2024-04-11,18,44.0,34.0,54.0,6.6,1222.0,0.57,0.0,Spring,No,Yes,Corniche Kiosk,Technology,Student,Thursday,4,11,1,Warm,0
2024-04-11,21,23.0,31.1,41.9,7.4,1280.0,0.0,0.0,Spring,No,Yes,Corniche Kiosk,Non-Fiction,Premium,Thursday,4,11,0,Warm,0
2024-04-11,22,24.0,30.5,50.7,2.6,1840.0,0.0,0.0,Spring,No,Yes,Corniche Kiosk,Business,Walk-In,Thursday,4,11,0,Warm,0
2024-04-12,8,16.0,29.7,59.6,1.0,927.0,3.05,0.0,Spring,Yes,Yes,Corniche Kiosk,Fiction,Nan,Friday,4,12,0,Warm,1
2024-04-12,9,20.0,30.5,60.2,7.1,1870.0,0.98,0.0,Spring,Yes,Yes,Corniche Kiosk,Technology,Walk-In,Friday,4,12,1,Warm,1
2024-04-12,10,24.0,32.6,65.4,5.5,1765.0,3.24,4.0,Spring,Yes,Yes,Al Hamra Branch,Non-Fiction,Walk-In,Friday,4,12,1,Warm,1
2024-04-12,11,60.0,30.2,52.1,3.9,1432.0,0.13,0.0,Spring,Yes,Yes,University Branch,Arabic Literature,Premium,Friday,4,12,1,Warm,1
2024-04-12,13,21.0,34.7,62.1,6.5,1066.0,0.04,0.0,Spring,Yes,Yes,Al Hamra Branch,History,Walk-In,Friday,4,12,0,Warm,1
2024-04-12,15,36.0,33.3,42.8,3.6,802.0,2.85,0.0,Spring,Yes,Yes,University Branch,Science,Walk-In,Friday,4,12,0,Warm,1
2024-04-12,16,37.0,34.1,73.2,3.2,1683.0,3.23,0.0,Spring,Yes,Yes,Corniche Kiosk,Non-Fiction,Student,Friday,4,12,1,Warm,1
2024-04-12,17,61.0,30.9,50.8,6.0,1969.0,1.48,0.0,Spring,Yes,Yes,University Branch,Children,Regular,Friday,4,12,1,Warm,1
2024-04-12,18,24.0,31.9,52.5,5.2,1179.0,2.38,0.0,Spring,Yes,Yes,Corniche Kiosk,Children,Walk-In,Friday,4,12,1,Warm,1
2024-04-12,19,69.0,32.1,70.8,7.9,1582.0,0.0,0.0,Spring,Yes,Yes,University Branch,Science,Student,Friday,4,12,1,Warm,1
2024-04-12,20,48.0,28.5,62.4,2.5,1526.0,0.0,0.0,Spring,Yes,Yes,Downtown Central,Arabic Literature,Student,Friday,4,12,0,Warm,1
2024-04-12,21,17.0,32.2,45.8,5.9,1549.0,0.0,0.0,Spring,Yes,Yes,Corniche Kiosk,Children,Walk-In,Friday,4,12,0,Warm,1
2024-04-13,9,68.0,25.9,60.2,0.5,807.0,1.08,0.0,Spring,No,Yes,Al Rawdah Branch,Fiction,Student,Saturday,4,13,1,Warm,1
2024-04-13,10,84.0,26.7,59.7,7.8,1894.0,0.87,0.0,Spring,No,Yes,University Branch,Non-Fiction,Premium,Saturday,4,13,1,Warm,1
2024-04-13,11,69.0,28.7,50.3,0.8,1600.0,3.14,0.0,Spring,No,Yes,Al Rawdah Branch,Science,Premium,Saturday,4,13,1,Warm,1
2024-04-13,12,35.0,31.1,78.8,7.8,1152.0,1.43,2.2,Spring,No,Yes,Al Hamra Branch,Arabic Literature,Regular,Saturday,4,13,0,Warm,1
2024-04-13,13,55.0,31.4,69.9,5.7,1770.0,1.32,0.0,Spring,No,Yes,University Branch,Arabic Literature,Regular,Saturday,4,13,0,Warm,1
2024-04-13,14,54.0,32.0,45.9,2.6,1775.0,3.4,0.0,Spring,No,Yes,Al Hamra Branch,Science,Premium,Saturday,4,13,0,Warm,1
2024-04-13,15,70.0,31.4,53.8,4.7,1123.0,2.81,0.0,Spring,No,Yes,Downtown Central,Technology,Regular,Saturday,4,13,0,Warm,1
2024-04-13,19,43.0,28.5,36.7,5.3,977.0,0.0,0.0,Spring,No,Yes,Corniche Kiosk,Children,Premium,Saturday,4,13,1,Warm,1
2024-04-13,20,26.0,24.5,51.8,4.5,1597.0,0.0,0.0,Spring,No,Yes,Al Hamra Branch,Business,Walk-In,Saturday,4,13,0,Cool,1
2024-04-13,22,49.0,26.5,54.6,1.6,1894.0,0.0,0.0,Spring,No,Yes,University Branch,Children,Premium,Saturday,4,13,0,Warm,1
2024-04-14,8,43.0,33.5,63.3,7.9,1753.0,0.4,0.0,Spring,No,Yes,Downtown Central,Science,Walk-In,Sunday,4,14,0,Warm,0
2024-04-14,9,62.0,32.0,46.8,1.3,1658.0,2.43,0.0,Spring,No,Yes,Al Hamra Branch,Non-Fiction,Student,Sunday,4,14,1,Warm,0
2024-04-14,11,64.0,35.6,46.1,7.3,1194.0,1.55,0.0,Spring,No,Yes,Downtown Central,History,Walk-In,Sunday,4,14,1,Hot,0
2024-04-14,14,47.0,35.8,46.6,4.2,838.0,0.72,0.0,Spring,No,Yes,Downtown Central,Non-Fiction,Regular,Sunday,4,14,0,Hot,0
2024-04-14,15,25.0,36.8,44.8,3.3,1244.0,2.6,0.0,Spring,No,Yes,Corniche Kiosk,Fiction,Regular,Sunday,4,14,0,Hot,0
2024-04-14,17,77.0,35.2,61.1,4.1,1460.0,0.73,0.0,Spring,No,Yes,Downtown Central,Science,Regular,Sunday,4,14,1,Hot,0
2024-04-14,18,60.0,35.0,60.2,6.8,1839.0,0.17,0.0,Spring,No,Yes,Al Hamra Branch,Science,Student,Sunday,4,14,1,Warm,0
2024-04-14,21,34.0,32.4,57.7,0.6,1356.0,0.0,0.0,Spring,No,Yes,Al Hamra Branch,Children,Premium,Sunday,4,14,0,Warm,0
2024-04-14,22,24.0,33.6,49.3,5.4,1977.0,0.0,0.0,Spring,No,Yes,Corniche Kiosk,Non-Fiction,Student,Sunday,4,14,0,Warm,0
2024-04-15,8,54.0,27.4,72.5,2.4,1924.0,1.0,0.0,Spring,No,Yes,Al Rawdah Branch,Fiction,Student,Monday,4,15,0,Warm,0
2024-04-15,9,73.0,28.2,43.2,0.7,1104.0,0.75,0.0,Spring,No,Yes,Downtown Central,Science,Walk-In,Monday,4,15,1,Warm,0
2024-04-15,10,70.0,30.9,40.1,1.6,1698.0,0.63,0.0,Spring,No,Yes,Al Hamra Branch,Children,Student,Monday,4,15,1,Warm,0
2024-04-15,11,34.0,29.3,51.7,6.8,828.0,1.085,0.0,Spring,No,Yes,Corniche Kiosk,Technology,Walk-In,Monday,4,15,1,Warm,0
2024-04-15,12,32.0,32.6,55.9,1.0,1053.0,1.58,0.0,Spring,No,Yes,Corniche Kiosk,Business,Premium,Monday,4,15,0,Warm,0
2024-04-15,13,27.0,33.0,46.8,1.0,1600.0,0.23,0.0,Nan,No,Yes,Corniche Kiosk,Science,Premium,Monday,4,15,0,Warm,0
2024-04-15,15,69.0,34.7,70.7,4.2,983.0,3.15,0.0,Spring,No,Yes,Downtown Central,History,Regular,Monday,4,15,0,Warm,0
2024-04-15,16,36.0,35.1,62.3,5.5,1563.0,0.68,0.0,Spring,No,Yes,Corniche Kiosk,Children,Regular,Monday,4,15,1,Hot,0
2024-04-15,17,90.0,31.8,62.3,5.6,982.0,0.21,0.0,Spring,No,Yes,Downtown Central,History,Regular,Monday,4,15,1,Warm,0
2024-04-15,20,31.0,29.0,59.4,1.9,1048.0,0.0,0.0,Spring,No,Yes,Corniche Kiosk,Business,Premium,Monday,4,15,0,Warm,0
2024-04-15,21,44.0,29.1,42.5,5.6,913.0,0.0,0.0,Spring,No,Yes,Al Hamra Branch,Non-Fiction,Student,Monday,4,15,0,Warm,0
2024-04-15,22,44.0,30.1,53.5,7.2,940.0,0.0,0.0,Spring,No,Yes,Downtown Central,Fiction,Premium,Monday,4,15,0,Warm,0
2024-04-16,8,40.0,27.9,62.9,3.9,1901.0,1.03,0.0,Spring,No,Yes,Al Rawdah Branch,Business,Regular,Tuesday,4,16,0,Warm,0
2024-04-16,11,49.0,29.5,64.7,4.2,1153.0,2.4,0.0,Spring,No,Yes,Al Hamra Branch,Technology,Regular,Tuesday,4,16,1,Warm,0
2024-04-16,15,46.0,31.0,46.1,6.9,1821.0,1.49,0.0,Spring,No,Yes,Al Hamra Branch,Fiction,Regular,Tuesday,4,16,0,Warm,0
2024-04-16,16,45.0,33.1,39.4,5.3,1606.0,0.92,0.0,Spring,No,Yes,Al Hamra Branch,Children,Walk-In,Tuesday,4,16,1,Warm,0
2024-04-16,17,100.0,30.2,61.4,6.7,1347.0,3.07,0.0,Spring,No,Yes,University Branch,History,Premium,Tuesday,4,16,1,Warm,0
2024-04-16,19,58.0,30.4,69.0,2.1,1062.0,0.0,0.0,Spring,No,Yes,Al Hamra Branch,Business,Premium,Tuesday,4,16,1,Warm,0
2024-04-16,22,33.0,28.2,62.8,6.9,979.0,0.0,0.0,Spring,No,Yes,Al Hamra Branch,History,Regular,Tuesday,4,16,0,Warm,0
2024-04-17,8,58.0,27.9,69.0,0.9,1182.0,1.085,2.2,Spring,No,Yes,Downtown Central,Non-Fiction,Premium,Wednesday,4,17,0,Warm,0
2024-04-17,9,68.0,29.7,70.7,5.6,1828.0,2.17,0.0,Spring,No,Yes,University Branch,History,Walk-In,Wednesday,4,17,1,Warm,0
2024-04-17,10,83.0,29.2,70.3,4.3,1263.0,0.88,0.0,Spring,No,Yes,Downtown Central,Fiction,Regular,Wednesday,4,17,1,Warm,0
2024-04-17,11,96.0,30.3,51.6,6.9,1518.0,1.96,0.0,Spring,No,Yes,University Branch,Business,Student,Wednesday,4,17,1,Warm,0
2024-04-17,12,28.0,33.3,55.7,2.7,1076.0,1.88,0.0,Spring,No,Yes,Corniche Kiosk,Fiction,Regular,Wednesday,4,17,0,Warm,0
2024-04-17,13,36.0,34.2,41.7,4.2,850.0,3.04,0.0,Spring,No,Yes,Corniche Kiosk,Science,Student,Wednesday,4,17,0,Warm,0
2024-04-17,14,58.0,32.5,67.8,2.5,1809.0,2.09,0.0,Spring,No,Yes,Al Rawdah Branch,Business,Student,Wednesday,4,17,0,Warm,0
2024-04-17,15,71.0,33.0,58.1,6.3,978.0,0.97,0.0,Spring,No,Yes,Downtown Central,History,Regular,Wednesday,4,17,0,Warm,0
2024-04-17,19,92.0,30.5,52.8,2.2,1865.0,0.0,0.0,Spring,No,Yes,University Branch,Non-Fiction,Premium,Wednesday,4,17,1,Warm,0
2024-04-17,20,47.0,27.7,70.0,1.1,1743.0,0.0,0.0,Spring,No,Yes,University Branch,Children,Walk-In,Wednesday,4,17,0,Warm,0
2024-04-17,21,34.0,28.5,51.8,7.9,1090.0,0.0,0.0,Spring,No,Yes,Al Hamra Branch,History,Walk-In,Wednesday,4,17,0,Warm,0
2024-04-18,8,67.0,25.7,48.7,1.8,1422.0,3.23,0.0,Spring,No,Yes,University Branch,Arabic Literature,Regular,Thursday,4,18,0,Warm,0
2024-04-18,10,38.0,32.2,52.1,0.5,1259.0,1.1,0.0,Spring,No,Yes,Corniche Kiosk,Arabic Literature,Regular,Thursday,4,18,1,Warm,0
2024-04-18,11,31.0,30.2,71.4,5.1,1329.0,1.37,0.0,Spring,No,Yes,Corniche Kiosk,Technology,Regular,Thursday,4,18,1,Warm,0
2024-04-18,12,42.0,30.7,40.8,4.2,1954.0,1.77,0.0,Spring,No,Yes,Al Rawdah Branch,Science,Walk-In,Thursday,4,18,0,Warm,0
2024-04-18,13,70.0,32.3,54.8,1.8,971.0,0.39,0.0,Spring,No,Yes,Downtown Central,Science,Premium,Thursday,4,18,0,Warm,0
2024-04-18,16,75.0,31.9,53.6,1.3,1676.0,2.28,0.0,Spring,No,Yes,Al Rawdah Branch,Business,Premium,Thursday,4,18,1,Warm,0
2024-04-18,19,61.0,27.4,50.9,6.0,1540.0,0.0,0.0,Spring,No,Yes,Al Rawdah Branch,Arabic Literature,Walk-In,Thursday,4,18,1,Warm,0
2024-04-18,21,49.0,27.5,40.0,5.5,1695.0,0.0,0.0,Spring,No,Yes,University Branch,History,Walk-In,Thursday,4,18,0,Warm,0
2024-04-19,11,39.0,34.7,63.1,4.5,1060.0,0.52,0.0,Spring,Yes,Yes,Al Rawdah Branch,Technology,Premium,Friday,4,19,1,Warm,1
2024-04-19,12,11.0,40.0,61.3,6.3,1856.0,1.88,0.0,Spring,Yes,Yes,Corniche Kiosk,Business,Regular,Friday,4,19,0,Hot,1
2024-04-19,13,14.0,40.0,52.7,3.4,1736.0,2.67,0.0,Spring,Yes,Yes,Corniche Kiosk,Children,Premium,Friday,4,19,0,Hot,1
2024-04-19,14,16.0,38.0,48.0,6.7,835.0,1.35,0.0,Spring,Yes,Yes,Corniche Kiosk,History,Premium,Friday,4,19,0,Hot,1
2024-04-19,15,31.0,38.6,65.4,7.1,825.0,1.37,0.0,Spring,Yes,Yes,Downtown Central,Science,Premium,Friday,4,19,0,Hot,1
2024-04-19,16,39.0,38.6,45.5,4.7,1398.0,0.04,0.0,Spring,Yes,Yes,University Branch,Non-Fiction,Walk-In,Friday,4,19,1,Hot,1
2024-04-19,18,23.0,35.7,51.4,0.8,1868.0,1.82,0.0,Spring,Yes,Yes,Corniche Kiosk,Children,Walk-In,Friday,4,19,1,Hot,1
2024-04-19,19,22.0,37.2,52.3,6.2,1712.0,0.0,0.0,Spring,Yes,Yes,Corniche Kiosk,Science,Regular,Friday,4,19,1,Hot,1
2024-04-19,20,22.0,34.9,48.0,6.5,1463.0,0.0,0.0,Nan,Yes,Yes,Al Hamra Branch,Arabic Literature,Student,Friday,4,19,0,Warm,1
2024-04-19,21,23.0,32.3,71.3,4.4,1438.0,0.0,0.0,Spring,Yes,Yes,Al Rawdah Branch,Science,Student,Friday,4,19,0,Warm,1
2024-04-19,22,21.0,34.7,62.8,7.9,1346.0,0.0,0.0,Spring,Yes,Yes,Downtown Central,Arabic Literature,Regular,Friday,4,19,0,Warm,1
2024-04-20,8,50.0,24.7,40.3,3.4,1053.0,0.13,0.0,Spring,No,Yes,Downtown Central,Fiction,Regular,Saturday,4,20,0,Cool,1
2024-04-20,10,60.0,26.7,56.5,6.0,1164.0,1.85,0.0,Spring,No,Yes,Al Rawdah Branch,Business,Regular,Saturday,4,20,1,Warm,1
2024-04-20,11,68.0,27.8,49.3,6.4,1640.0,2.32,0.0,Spring,No,Yes,Al Hamra Branch,Arabic Literature,Student,Saturday,4,20,1,Warm,1
2024-04-20,13,70.0,32.4,64.1,5.0,1402.0,3.45,0.0,Spring,No,Yes,Downtown Central,Arabic Literature,Premium,Saturday,4,20,0,Warm,1
2024-04-20,15,42.0,29.9,43.5,6.2,949.0,1.085,0.0,Spring,No,Yes,Al Hamra Branch,Non-Fiction,Regular,Saturday,4,20,0,Warm,1
2024-04-20,16,37.0,30.7,47.7,3.2,1178.0,0.71,0.3,Spring,No,Yes,Corniche Kiosk,History,Premium,Saturday,4,20,1,Warm,1
2024-04-20,17,37.0,26.7,68.8,5.9,1579.0,3.38,0.0,Spring,No,Yes,Corniche Kiosk,History,Walk-In,Saturday,4,20,1,Warm,1
2024-04-20,18,88.0,26.7,71.1,4.0,1924.0,1.03,0.0,Spring,No,Yes,University Branch,Science,Premium,Saturday,4,20,1,Warm,1
2024-04-20,19,70.0,27.1,70.8,5.3,1891.0,0.0,0.0,Spring,No,Yes,Al Hamra Branch,Business,Student,Saturday,4,20,1,Warm,1
2024-04-20,21,48.0,27.2,47.8,2.4,1142.0,0.0,0.2,Spring,No,Yes,Downtown Central,Business,Student,Saturday,4,20,0,Warm,1
2024-04-20,22,33.0,27.0,70.3,1.9,853.0,0.0,0.0,Spring,No,Yes,Al Rawdah Branch,Children,Regular,Saturday,4,20,0,Warm,1
2024-04-21,8,23.0,30.5,52.4,6.3,1438.0,1.46,0.0,Spring,No,Yes,Corniche Kiosk,Technology,Walk-In,Sunday,4,21,0,Warm,0
2024-04-21,11,71.0,31.1,67.1,6.9,1052.0,2.59,0.0,Spring,No,Yes,Al Rawdah Branch,Fiction,Premium,Sunday,4,21,1,Warm,0
2024-04-21,13,47.0,35.4,42.0,3.5,1910.0,0.14,0.0,Spring,No,Yes,Al Rawdah Branch,Arabic Literature,Premium,Sunday,4,21,0,Hot,0
2024-04-21,15,39.0,34.2,54.1,5.5,1543.0,2.02,0.0,Spring,No,Yes,Al Hamra Branch,Arabic Literature,Walk-In,Sunday,4,21,0,Warm,0
2024-04-21,17,49.0,30.7,71.7,5.8,1526.0,1.82,0.0,Spring,No,Yes,Al Hamra Branch,Fiction,Walk-In,Sunday,4,21,1,Warm,0
2024-04-21,18,46.0,32.0,71.0,7.1,1282.0,2.02,0.0,Spring,No,Yes,Corniche Kiosk,Children,Premium,Sunday,4,21,1,Warm,0
2024-04-21,20,28.0,28.7,65.9,6.8,829.0,0.0,0.0,Spring,No,Yes,Al Hamra Branch,Fiction,Walk-In,Sunday,4,21,0,Warm,0
2024-04-21,21,31.0,28.4,70.8,3.3,1171.0,0.0,3.8,Spring,No,Yes,Al Rawdah Branch,Technology,Premium,Sunday,4,21,0,Warm,0
2024-04-21,22,47.0,30.5,54.4,2.3,1591.0,0.0,0.0,Spring,No,Yes,University Branch,Science,Nan,Sunday,4,21,0,Warm,0
2024-04-22,9,40.0,30.0,46.2,7.6,841.0,1.14,0.0,Spring,No,Yes,Corniche Kiosk,Technology,Premium,Monday,4,22,1,Warm,0
2024-04-22,10,62.0,29.6,70.0,2.7,1864.0,0.53,0.0,Spring,No,Yes,Al Hamra Branch,History,Student,Monday,4,22,1,Warm,0
2024-04-22,12,48.0,33.5,72.7,4.7,1438.0,2.26,0.0,Spring,No,Yes,Al Rawdah Branch,Non-Fiction,Regular,Monday,4,22,0,Warm,0
2024-04-22,13,55.0,34.8,57.3,5.8,1163.0,3.38,0.0,Spring,No,Yes,Al Hamra Branch,Fiction,Premium,Monday,4,22,0,Warm,0
2024-04-22,18,63.0,31.7,48.1,4.9,1556.0,2.63,0.0,Spring,No,Yes,Al Hamra Branch,Science,Premium,Monday,4,22,1,Warm,0
2024-04-22,19,68.0,32.0,57.0,1.3,1393.0,0.0,0.0,Spring,No,Yes,Al Rawdah Branch,Children,Premium,Monday,4,22,1,Warm,0
2024-04-22,20,71.0,29.5,60.5,3.5,1598.0,0.0,0.0,Spring,Yes,Yes,University Branch,Science,Premium,Monday,4,22,0,Warm,0
2024-04-23,8,45.0,26.2,73.9,1.0,1506.0,0.17,0.0,Spring,No,Yes,University Branch,Non-Fiction,Walk-In,Tuesday,4,23,0,Warm,0
2024-04-23,9,91.0,24.7,75.0,6.7,869.0,2.93,0.0,Spring,No,Yes,University Branch,Business,Premium,Tuesday,4,23,1,Cool,0
2024-04-23,12,60.0,29.9,70.5,4.2,826.0,2.17,0.0,Spring,No,Yes,Al Rawdah Branch,Children,Student,Tuesday,4,23,0,Warm,0
2024-04-23,13,63.0,29.0,61.9,3.2,1259.0,0.51,0.0,Spring,No,Yes,Al Rawdah Branch,Technology,Student,Tuesday,4,23,0,Warm,0
2024-04-23,15,48.0,29.9,48.2,7.5,1338.0,2.49,0.0,Spring,No,Yes,Al Rawdah Branch,Technology,Walk-In,Tuesday,4,23,0,Warm,0
2024-04-23,21,32.0,25.9,61.3,5.4,1079.0,0.0,0.0,Spring,No,Yes,Al Hamra Branch,Fiction,Regular,Tuesday,4,23,0,Warm,0
2024-04-24,14,49.0,35.3,41.5,0.7,1898.0,2.68,0.0,Spring,No,Yes,Al Hamra Branch,Science,Regular,Wednesday,4,24,0,Hot,0
2024-04-24,15,64.0,35.7,69.6,1.9,1172.0,1.02,0.0,Spring,No,Yes,University Branch,History,Premium,Wednesday,4,24,0,Hot,0
2024-04-24,17,59.0,32.4,56.9,6.2,1292.0,3.43,0.0,Spring,No,Yes,Al Rawdah Branch,Business,Nan,Wednesday,4,24,1,Warm,0
2024-04-24,18,112.0,31.6,68.7,6.4,1871.0,1.85,0.0,Spring,No,Yes,Downtown Central,Technology,Student,Wednesday,4,24,1,Warm,0
2024-04-24,20,40.0,30.6,67.7,6.2,1294.0,0.0,0.0,Spring,No,Yes,Al Rawdah Branch,Business,Premium,Wednesday,4,24,0,Warm,0
2024-04-24,22,32.0,29.2,60.2,6.1,1776.0,0.0,0.0,Spring,No,Yes,Al Hamra Branch,History,Walk-In,Wednesday,4,24,0,Warm,0
2024-04-25,9,72.0,29.5,49.8,0.6,1235.0,2.83,0.0,Spring,No,Yes,Al Rawdah Branch,Arabic Literature,Student,Thursday,4,25,1,Warm,0
2024-04-25,10,30.0,30.3,47.5,6.1,869.0,2.35,0.0,Nan,No,Yes,Corniche Kiosk,Arabic Literature,Walk-In,Thursday,4,25,1,Warm,0
2024-04-25,11,96.0,31.7,52.8,6.8,1782.0,2.03,0.0,Spring,No,Yes,University Branch,Non-Fiction,Student,Thursday,4,25,1,Warm,0
2024-04-25,12,35.0,34.4,59.0,3.2,1124.0,2.57,0.0,Spring,No,Yes,Corniche Kiosk,Science,Student,Thursday,4,25,0,Warm,0
2024-04-25,14,26.0,35.0,70.4,4.1,1449.0,0.14,0.0,Spring,No,Yes,Corniche Kiosk,History,Student,Thursday,4,25,0,Warm,0
2024-04-25,16,74.0,33.9,77.2,4.7,1244.0,2.33,0.0,Spring,No,Yes,Al Rawdah Branch,Children,Student,Thursday,4,25,1,Warm,0
2024-04-25,18,30.0,30.6,48.7,7.0,1690.0,2.7,4.7,Spring,No,Yes,Corniche Kiosk,Children,Walk-In,Thursday,4,25,1,Warm,0
2024-04-25,19,75.0,32.2,45.5,2.6,1737.0,0.0,0.0,Spring,No,Yes,Downtown Central,Business,Walk-In,Thursday,4,25,1,Warm,0
2024-04-25,20,54.0,30.4,54.0,4.9,1092.0,0.0,0.0,Spring,No,Yes,Al Rawdah Branch,History,Regular,Thursday,4,25,0,Warm,0
2024-04-25,21,47.0,27.7,52.5,5.2,1560.0,0.0,2.4,Spring,No,Yes,University Branch,Non-Fiction,Premium,Thursday,4,25,0,Warm,0
2024-04-25,22,34.0,28.1,47.7,2.1,882.0,0.0,0.0,Spring,No,Yes,Al Hamra Branch,Non-Fiction,Walk-In,Thursday,4,25,0,Warm,0
2024-04-26,8,20.0,26.0,60.2,5.6,1724.0,0.12,0.0,Spring,Yes,Yes,Corniche Kiosk,Non-Fiction,Regular,Friday,4,26,0,Warm,1
2024-04-26,10,51.0,29.8,57.1,4.6,1073.0,2.74,0.0,Spring,Yes,Yes,Al Rawdah Branch,Fiction,Regular,Friday,4,26,1,Warm,1
2024-04-26,11,26.0,29.1,52.8,5.9,1331.0,3.07,0.0,Spring,Yes,Yes,Corniche Kiosk,Business,Walk-In,Friday,4,26,1,Warm,1
2024-04-26,13,39.0,31.3,41.0,5.0,1536.0,0.59,0.0,Spring,Yes,Yes,Al Hamra Branch,Technology,Student,Friday,4,26,0,Warm,1
2024-04-26,15,34.0,32.2,54.3,1.3,841.0,1.84,0.0,Spring,Yes,Yes,Al Hamra Branch,Business,Regular,Friday,4,26,0,Warm,1
2024-04-26,16,53.0,31.4,37.9,2.2,1726.0,0.74,1.0,Spring,Yes,Yes,University Branch,Non-Fiction,Regular,Friday,4,26,1,Warm,1
2024-04-26,18,54.0,28.7,65.7,4.2,1761.0,1.28,0.0,Spring,Yes,Yes,Al Rawdah Branch,Non-Fiction,Regular,Friday,4,26,1,Warm,1
2024-04-26,19,40.0,29.6,50.9,4.3,1914.0,0.0,0.0,Spring,Yes,Yes,Al Hamra Branch,Fiction,Nan,Friday,4,26,1,Warm,1
2024-04-26,20,22.0,28.1,39.5,6.1,1399.0,0.0,0.0,Spring,Yes,Yes,Al Rawdah Branch,History,Walk-In,Friday,4,26,0,Warm,1
2024-04-27,8,43.0,31.4,70.5,5.4,1004.0,1.71,0.0,Spring,No,Yes,Al Rawdah Branch,Arabic Literature,Premium,Saturday,4,27,0,Warm,1
2024-04-27,10,41.0,33.1,59.2,4.9,1920.0,2.51,0.0,Spring,No,Yes,Al Hamra Branch,Arabic Literature,Walk-In,Saturday,4,27,1,Warm,1
2024-04-27,13,19.0,32.2,52.2,4.3,1818.0,0.05,0.0,Spring,No,Yes,Corniche Kiosk,Science,Regular,Saturday,4,27,0,Warm,1
2024-04-27,14,50.0,36.0,38.8,3.6,1677.0,0.95,0.0,Spring,No,Yes,University Branch,Fiction,Regular,Saturday,4,27,0,Hot,1
2024-04-27,15,40.0,36.4,44.4,1.8,1868.0,0.43,0.0,Spring,No,Yes,Al Hamra Branch,Business,Premium,Saturday,4,27,0,Hot,1
2024-04-27,16,28.0,36.7,38.7,1.4,1011.0,2.17,0.0,Spring,No,Yes,Corniche Kiosk,Science,Walk-In,Saturday,4,27,1,Hot,1
2024-04-27,18,92.0,34.4,68.6,3.0,1155.0,2.31,0.0,Spring,No,Yes,University Branch,Fiction,Student,Saturday,4,27,1,Warm,1
2024-04-27,21,38.0,30.8,68.4,6.9,866.0,0.0,0.0,Spring,No,Yes,Al Rawdah Branch,Arabic Literature,Student,Saturday,4,27,0,Warm,1
2024-04-27,22,48.0,31.6,44.4,7.5,1247.0,0.0,0.0,Spring,No,Yes,Downtown Central,Non-Fiction,Regular,Saturday,4,27,0,Warm,1
2024-04-28,9,58.0,25.5,56.8,4.7,1501.0,2.22,0.0,Spring,No,Yes,Al Hamra Branch,Science,Premium,Sunday,4,28,1,Warm,0
2024-04-28,10,40.0,27.9,59.6,6.9,1395.0,0.97,0.0,Spring,No,Yes,Corniche Kiosk,Fiction,Student,Sunday,4,28,1,Warm,0
2024-04-28,15,51.0,31.8,64.9,6.8,1720.0,2.57,0.0,Spring,No,Yes,Al Hamra Branch,Arabic Literature,Premium,Sunday,4,28,0,Warm,0
2024-04-28,16,74.0,30.8,48.9,5.8,862.0,3.27,0.0,Spring,No,Yes,Al Rawdah Branch,History,Regular,Sunday,4,28,1,Warm,0
2024-04-28,21,53.0,24.6,66.2,1.0,864.0,0.0,0.0,Spring,No,Yes,Downtown Central,Business,Premium,Sunday,4,28,0,Cool,0
2024-04-29,8,18.0,28.1,42.8,6.0,1621.0,0.67,0.0,Spring,Yes,Yes,Corniche Kiosk,Science,Walk-In,Monday,4,29,0,Warm,0
2024-04-29,9,33.0,25.9,52.8,4.6,1814.0,3.05,0.0,Spring,Yes,Yes,Corniche Kiosk,Non-Fiction,Walk-In,Monday,4,29,1,Warm,0
2024-04-29,12,27.0,31.5,60.2,7.8,1305.0,2.01,0.0,Spring,Yes,Yes,Corniche Kiosk,History,Premium,Monday,4,29,0,Warm,0
2024-04-29,14,24.0,31.6,39.2,1.3,1685.0,1.63,0.0,Spring,Yes,Yes,Corniche Kiosk,History,Regular,Monday,4,29,0,Warm,0
2024-04-29,16,57.0,31.2,71.0,0.7,965.0,1.04,0.0,Spring,Yes,Yes,University Branch,Non-Fiction,Walk-In,Monday,4,29,1,Warm,0
2024-04-29,17,59.0,27.9,52.8,5.9,1692.0,2.12,0.0,Spring,Yes,Yes,Al Hamra Branch,Non-Fiction,Premium,Monday,4,29,1,Warm,0
2024-04-29,19,56.0,29.1,69.6,6.0,1565.0,0.0,0.0,Spring,Yes,Yes,Al Hamra Branch,History,Premium,Monday,4,29,1,Warm,0
2024-04-29,20,32.0,28.0,61.7,6.7,1062.0,0.0,0.0,Spring,Yes,Yes,Al Hamra Branch,Technology,Premium,Monday,4,29,0,Warm,0
2024-04-29,22,30.0,28.5,68.2,4.2,1584.0,0.0,0.0,Spring,Yes,Yes,Al Rawdah Branch,Non-Fiction,Premium,Monday,4,29,0,Warm,0
2024-04-30,8,46.0,27.3,46.2,6.9,1164.0,0.8,0.0,Spring,No,Yes,Al Hamra Branch,Arabic Literature,Regular,Tuesday,4,30,0,Warm,0
2024-04-30,9,51.0,27.6,44.4,4.6,1275.0,1.8,0.0,Spring,No,Yes,Al Hamra Branch,History,Walk-In,Tuesday,4,30,1,Warm,0
2024-04-30,10,98.0,30.4,60.1,2.8,1986.0,1.17,0.0,Spring,No,Yes,Downtown Central,Business,Premium,Tuesday,4,30,1,Warm,0
2024-04-30,12,61.0,32.4,45.3,3.3,1818.0,2.61,0.0,Spring,No,Yes,Al Hamra Branch,History,Student,Tuesday,4,30,0,Warm,0
2024-04-30,14,42.0,31.9,60.6,2.6,1450.0,2.44,0.0,Spring,No,Yes,Al Hamra Branch,Technology,Regular,Tuesday,4,30,0,Warm,0
2024-04-30,16,107.0,32.2,74.2,7.8,1787.0,2.52,0.0,Spring,No,Yes,Downtown Central,Children,Student,Tuesday,4,30,1,Warm,0
2024-04-30,17,65.0,29.6,73.7,2.5,929.0,2.86,0.0,Spring,No,Yes,Al Rawdah Branch,History,Walk-In,Tuesday,4,30,1,Warm,0
2024-04-30,18,50.0,29.4,55.1,6.0,1000.0,0.41,0.0,Spring,No,Yes,Al Hamra Branch,History,Walk-In,Tuesday,4,30,1,Warm,0
2024-04-30,19,71.0,30.2,64.8,6.3,1981.0,0.0,0.0,Spring,No,Yes,University Branch,Arabic Literature,Walk-In,Tuesday,4,30,1,Warm,0
2024-04-30,21,42.0,27.8,54.0,1.9,1959.0,0.0,0.0,Spring,No,Yes,University Branch,Business,Walk-In,Tuesday,4,30,0,Warm,0
2024-04-30,22,42.0,28.2,43.8,3.8,1146.0,0.0,0.0,Spring,No,Yes,Al Hamra Branch,Science,Student,Tuesday,4,30,0,Warm,0
2024-05-01,8,47.0,32.2,48.9,7.4,1815.0,0.24,0.0,Spring,No,Yes,Al Hamra Branch,Children,Student,Wednesday,5,1,0,Warm,0
2024-05-01,9,71.0,29.9,55.3,3.2,872.0,1.67,0.0,Spring,No,Yes,University Branch,Arabic Literature,Walk-In,Wednesday,5,1,1,Warm,0
2024-05-01,10,52.0,31.9,64.8,1.6,1124.0,0.8,0.0,Spring,No,Yes,Al Rawdah Branch,Fiction,Walk-In,Wednesday,5,1,1,Warm,0
2024-05-01,11,38.0,33.2,56.1,2.6,917.0,2.51,0.0,Spring,No,Yes,Corniche Kiosk,Fiction,Student,Wednesday,5,1,1,Warm,0
2024-05-01,13,30.0,35.2,68.3,6.5,1715.0,2.75,0.0,Spring,No,Yes,Corniche Kiosk,History,Regular,Wednesday,5,1,0,Hot,0
2024-05-01,14,63.0,34.4,57.1,5.5,1400.0,2.93,0.0,Spring,No,Yes,Downtown Central,Arabic Literature,Regular,Wednesday,5,1,0,Warm,0
2024-05-01,15,53.0,35.9,71.4,7.3,976.0,2.99,0.0,Spring,Yes,Yes,Al Rawdah Branch,History,Student,Wednesday,5,1,0,Hot,0
2024-05-01,17,86.0,33.4,43.0,2.9,1807.0,0.92,0.0,Spring,No,Yes,University Branch,Technology,Premium,Wednesday,5,1,1,Warm,0
2024-05-01,18,86.0,33.3,56.3,4.7,1168.0,1.39,0.0,Spring,No,Yes,University Branch,Technology,Regular,Wednesday,5,1,1,Warm,0
2024-05-01,19,38.0,33.3,57.7,3.8,1370.0,0.0,0.0,Spring,No,Yes,Corniche Kiosk,Arabic Literature,Regular,Wednesday,5,1,1,Warm,0
2024-05-01,20,47.0,31.8,57.6,3.9,1041.0,0.0,0.0,Spring,No,Yes,Downtown Central,Fiction,Walk-In,Wednesday,5,1,0,Warm,0
2024-05-01,22,32.0,29.3,49.0,6.1,1494.0,0.0,0.0,Nan,No,Yes,Al Rawdah Branch,Children,Walk-In,Wednesday,5,1,0,Warm,0
2024-05-02,9,64.0,28.2,47.6,5.0,1209.0,0.14,0.0,Spring,No,Yes,Al Rawdah Branch,Arabic Literature,Premium,Thursday,5,2,1,Warm,0
2024-05-02,11,36.0,30.4,61.1,2.2,944.0,1.4,0.0,Spring,No,Yes,Corniche Kiosk,Technology,Walk-In,Thursday,5,2,1,Warm,0
2024-05-02,13,49.0,33.1,42.2,2.3,856.0,3.21,0.0,Spring,No,Yes,Al Hamra Branch,History,Regular,Thursday,5,2,0,Warm,0
2024-05-02,14,36.0,33.2,62.7,4.5,1248.0,1.97,0.0,Spring,No,Yes,Al Hamra Branch,Business,Walk-In,Thursday,5,2,0,Warm,0
2024-05-02,15,78.0,32.0,55.4,3.0,1391.0,1.68,0.0,Spring,No,Yes,University Branch,Science,Premium,Thursday,5,2,0,Warm,0
2024-05-02,18,97.0,30.1,62.7,6.4,1046.0,1.81,0.0,Spring,No,Yes,Downtown Central,Technology,Premium,Thursday,5,2,1,Warm,0
2024-05-02,20,26.0,26.9,60.7,2.5,1883.0,0.0,0.0,Spring,No,Yes,Corniche Kiosk,Science,Regular,Thursday,5,2,0,Warm,0
2024-05-02,22,22.0,26.3,52.5,6.6,1173.0,0.0,0.0,Spring,No,Yes,Corniche Kiosk,History,Regular,Thursday,5,2,0,Warm,0
2024-05-03,8,51.0,27.4,41.6,1.1,1100.0,3.22,0.0,Spring,Yes,Yes,Downtown Central,Arabic Literature,Regular,Friday,5,3,0,Warm,1
2024-05-03,9,30.0,27.7,48.4,5.6,1014.0,3.29,0.0,Spring,Yes,Yes,Corniche Kiosk,Technology,Regular,Friday,5,3,1,Warm,1
2024-05-03,11,56.0,29.0,71.2,7.6,1184.0,1.04,0.0,Spring,Yes,Yes,Downtown Central,Children,Walk-In,Friday,5,3,1,Warm,1
2024-05-03,12,35.0,32.6,63.8,2.8,865.0,1.0,0.0,Spring,Yes,Yes,Al Rawdah Branch,Arabic Literature,Premium,Friday,5,3,0,Warm,1
2024-05-03,13,31.0,31.4,69.2,4.6,1516.0,1.58,0.0,Spring,Yes,Yes,Al Hamra Branch,Business,Regular,Friday,5,3,0,Warm,1
2024-05-03,14,36.0,33.1,67.8,4.8,1849.0,1.93,0.0,Spring,Yes,Yes,University Branch,Arabic Literature,Walk-In,Friday,5,3,0,Warm,1
2024-05-03,15,21.0,31.8,40.9,1.9,1271.0,0.88,0.0,Spring,Yes,Yes,Corniche Kiosk,Arabic Literature,Regular,Friday,5,3,0,Warm,1
2024-05-03,17,39.0,28.1,53.1,2.4,951.0,1.14,0.0,Spring,Yes,Yes,Corniche Kiosk,Children,Premium,Friday,5,3,1,Warm,1
2024-05-03,18,78.0,29.9,54.3,6.5,1497.0,0.0,0.0,Nan,Yes,Yes,Downtown Central,Fiction,Student,Friday,5,3,1,Warm,1
2024-05-03,19,53.0,27.4,63.4,2.3,1093.0,0.0,0.0,Spring,Yes,Yes,Al Rawdah Branch,Technology,Premium,Friday,5,3,1,Warm,1
2024-05-03,21,38.0,27.0,46.0,5.2,904.0,0.0,0.0,Spring,Yes,Yes,University Branch,Business,Student,Friday,5,3,0,Warm,1
2024-05-03,22,20.0,27.0,53.0,4.6,1997.0,0.0,0.0,Spring,Yes,Yes,Al Rawdah Branch,Fiction,Walk-In,Friday,5,3,0,Warm,1
2024-05-04,8,53.0,26.9,47.5,3.2,1950.0,1.21,0.0,Spring,No,Yes,University Branch,Science,Regular,Saturday,5,4,0,Warm,1
2024-05-04,9,57.0,28.0,55.3,1.2,1738.0,0.03,0.0,Spring,No,Yes,University Branch,Business,Walk-In,Saturday,5,4,1,Warm,1
2024-05-04,11,56.0,27.6,68.3,4.7,1969.0,1.01,0.0,Spring,No,Yes,Al Hamra Branch,Science,Premium,Saturday,5,4,1,Warm,1
2024-05-04,13,53.0,30.7,52.6,3.5,1202.0,3.39,0.0,Nan,No,Yes,University Branch,Business,Walk-In,Saturday,5,4,0,Warm,1
2024-05-04,14,32.0,33.3,61.2,4.0,958.0,0.19,0.0,Spring,No,Yes,Al Hamra Branch,Children,Walk-In,Saturday,5,4,0,Warm,1
2024-05-04,16,91.0,31.9,70.9,6.5,870.0,1.4,0.0,Spring,No,Yes,Downtown Central,Non-Fiction,Student,Saturday,5,4,1,Warm,1
2024-05-04,17,94.0,27.9,68.6,2.4,817.0,3.38,0.0,Spring,No,Yes,Downtown Central,History,Regular,Saturday,5,4,1,Warm,1
2024-05-04,18,66.0,29.7,73.6,2.8,1395.0,2.54,0.0,Spring,No,Yes,University Branch,Technology,Walk-In,Saturday,5,4,1,Warm,1
2024-05-04,19,79.0,28.5,45.3,7.5,1021.0,0.0,0.0,Spring,No,Yes,Downtown Central,Business,Regular,Saturday,5,4,1,Warm,1
2024-05-04,22,43.0,27.2,69.4,1.5,1286.0,0.0,3.6,Spring,No,Yes,University Branch,Arabic Literature,Nan,Saturday,5,4,0,Warm,1
2024-05-05,9,33.0,33.1,77.5,1.8,1691.0,2.1,0.0,Spring,No,Yes,Corniche Kiosk,Science,Regular,Sunday,5,5,1,Warm,0
2024-05-05,10,86.0,32.5,74.4,6.3,978.0,3.17,0.0,Spring,No,Yes,University Branch,Children,Regular,Sunday,5,5,1,Warm,0
2024-05-05,12,33.0,32.2,65.8,6.6,1509.0,2.97,0.0,Spring,No,Yes,Al Hamra Branch,Non-Fiction,Premium,Sunday,5,5,0,Warm,0
2024-05-05,13,44.0,37.8,59.4,3.2,1768.0,0.51,0.0,Spring,No,Yes,Downtown Central,History,Regular,Sunday,5,5,0,Hot,0
2024-05-05,14,33.0,32.2,79.0,1.4,1048.0,1.085,0.0,Spring,No,Yes,Al Hamra Branch,Science,Walk-In,Sunday,5,5,0,Warm,0
2024-05-05,15,42.0,38.3,72.9,2.8,1115.0,2.38,0.0,Spring,No,Yes,Al Rawdah Branch,Non-Fiction,Premium,Sunday,5,5,0,Hot,0
2024-05-05,16,56.0,32.2,43.0,7.6,1565.0,0.94,0.0,Spring,No,Yes,Al Hamra Branch,Children,Premium,Sunday,5,5,1,Warm,0
2024-05-05,17,62.0,34.8,67.5,1.5,1395.0,2.38,0.0,Spring,No,Yes,Al Rawdah Branch,Non-Fiction,Regular,Sunday,5,5,1,Warm,0
2024-05-05,19,39.0,34.7,62.2,7.3,1036.0,0.0,0.0,Spring,No,Yes,Corniche Kiosk,Arabic Literature,Regular,Sunday,5,5,1,Warm,0
2024-05-05,20,57.0,30.6,50.8,1.5,1447.0,0.0,0.0,Spring,No,Yes,Al Rawdah Branch,Business,Student,Sunday,5,5,0,Warm,0
2024-05-05,21,62.0,31.4,49.0,4.7,1512.0,0.0,0.0,Spring,No,Yes,Downtown Central,Business,Premium,Sunday,5,5,0,Warm,0
2024-05-05,22,48.0,31.0,62.6,2.7,1830.0,0.0,0.0,Spring,No,Yes,University Branch,Children,Regular,Sunday,5,5,0,Warm,0
2024-05-06,8,33.0,29.7,48.2,1.2,1399.0,1.69,0.0,Spring,No,Yes,Corniche Kiosk,Business,Premium,Monday,5,6,0,Warm,0
2024-05-06,9,67.0,30.9,54.3,6.6,803.0,0.33,0.0,Spring,No,Yes,Downtown Central,Fiction,Walk-In,Monday,5,6,1,Warm,0
2024-05-06,11,47.0,32.5,46.8,7.1,1793.0,0.02,0.0,Spring,No,Yes,Al Hamra Branch,Non-Fiction,Walk-In,Monday,5,6,1,Warm,0
2024-05-06,12,51.0,36.0,69.5,5.6,1197.0,2.68,0.0,Spring,No,Yes,Downtown Central,Children,Walk-In,Monday,5,6,0,Hot,0
2024-05-06,14,39.0,36.3,64.0,4.0,1483.0,2.16,0.0,Spring,No,Yes,Al Rawdah Branch,Arabic Literature,Walk-In,Monday,5,6,0,Hot,0
2024-05-06,16,62.0,35.5,67.4,2.7,1291.0,0.17,0.0,Spring,No,Yes,University Branch,Children,Walk-In,Monday,5,6,1,Hot,0
2024-05-06,17,98.0,33.8,44.6,2.0,1465.0,2.74,0.0,Spring,No,Yes,University Branch,Business,Premium,Monday,5,6,1,Warm,0
2024-05-06,18,60.0,32.6,51.5,3.6,1779.0,1.82,0.0,Spring,No,Yes,Al Hamra Branch,Business,Regular,Monday,5,6,1,Warm,0
2024-05-06,19,39.0,31.2,40.3,6.6,1610.0,0.0,0.0,Spring,No,Yes,Corniche Kiosk,Children,Premium,Monday,5,6,1,Warm,0
2024-05-06,22,58.0,31.8,55.7,5.7,1042.0,0.0,0.0,Nan,No,Yes,University Branch,Fiction,Premium,Monday,5,6,0,Warm,0
2024-05-07,8,48.0,33.1,50.9,3.6,1034.0,0.56,0.0,Spring,No,Yes,University Branch,Fiction,Walk-In,Tuesday,5,7,0,Warm,0
2024-05-07,9,67.0,32.7,51.3,1.3,1913.0,1.64,0.0,Spring,No,Yes,University Branch,History,Walk-In,Tuesday,5,7,1,Warm,0
2024-05-07,10,75.0,35.1,54.9,3.1,1660.0,0.84,0.0,Spring,No,Yes,Downtown Central,Children,Regular,Tuesday,5,7,1,Hot,0
2024-05-07,11,65.0,35.8,66.8,4.7,1626.0,3.02,0.0,Spring,No,Yes,Al Rawdah Branch,Children,Student,Tuesday,5,7,1,Hot,0
2024-05-07,13,40.0,39.1,59.6,5.7,1412.0,2.12,0.0,Spring,No,Yes,Al Rawdah Branch,History,Premium,Tuesday,5,7,0,Hot,0
2024-05-07,14,25.0,37.0,61.7,1.3,1038.0,2.31,0.0,Spring,No,Yes,Corniche Kiosk,Technology,Regular,Tuesday,5,7,0,Hot,0
2024-05-07,15,60.0,36.7,44.3,5.2,1111.0,2.11,0.0,Spring,No,Yes,Downtown Central,Non-Fiction,Regular,Tuesday,5,7,0,Hot,0
2024-05-07,16,58.0,38.8,59.8,3.9,1618.0,1.12,0.0,Spring,No,Yes,Al Hamra Branch,Business,Student,Tuesday,5,7,1,Hot,0
2024-05-07,18,93.0,34.5,51.1,6.5,1851.0,3.34,0.0,Spring,No,Yes,University Branch,Non-Fiction,Premium,Tuesday,5,7,1,Warm,0
2024-05-07,20,42.0,33.8,56.7,1.2,1179.0,0.0,0.0,Spring,No,Yes,Al Hamra Branch,Arabic Literature,Premium,Tuesday,5,7,0,Warm,0
2024-05-07,22,31.0,34.2,52.8,1.8,1455.0,0.0,0.0,Spring,No,Yes,Al Hamra Branch,Fiction,Walk-In,Tuesday,5,7,0,Warm,0
2024-05-08,9,75.0,28.4,59.3,6.5,1655.0,3.01,0.0,Spring,No,Yes,Downtown Central,Children,Walk-In,Wednesday,5,8,1,Warm,0
2024-05-08,11,72.0,30.0,46.6,5.7,1560.0,1.05,0.0,Spring,No,Yes,Downtown Central,Business,Walk-In,Wednesday,5,8,1,Warm,0
2024-05-08,12,44.0,32.2,71.6,0.9,1493.0,0.88,0.0,Nan,No,Yes,Al Hamra Branch,Business,Student,Wednesday,5,8,0,Warm,0
2024-05-08,13,50.0,32.0,57.0,2.5,1758.0,3.32,0.0,Spring,No,Yes,Al Rawdah Branch,Fiction,Regular,Wednesday,5,8,0,Warm,0
2024-05-08,16,92.0,31.7,59.6,5.3,1359.0,2.66,0.0,Spring,No,Yes,Downtown Central,Fiction,Regular,Wednesday,5,8,1,Warm,0
2024-05-08,18,78.0,29.4,61.4,0.8,1397.0,3.22,0.0,Spring,No,Yes,Downtown Central,Business,Walk-In,Wednesday,5,8,1,Warm,0
2024-05-08,21,54.0,29.0,66.9,3.2,1019.0,0.0,0.0,Spring,No,Yes,Downtown Central,Arabic Literature,Premium,Wednesday,5,8,0,Warm,0
2024-05-08,22,50.0,26.5,55.4,7.6,903.0,0.0,0.0,Spring,No,Yes,University Branch,Arabic Literature,Regular,Wednesday,5,8,0,Warm,0
2024-05-09,8,44.0,25.9,64.7,3.6,901.0,0.9,0.0,Nan,No,Yes,Downtown Central,History,Walk-In,Thursday,5,9,0,Warm,0
2024-05-09,11,45.0,28.6,77.4,4.7,1190.0,0.4,0.0,Spring,No,Yes,Al Hamra Branch,Arabic Literature,Regular,Thursday,5,9,1,Warm,0
2024-05-09,14,66.0,30.8,54.0,1.8,1465.0,2.94,0.0,Spring,No,Yes,Downtown Central,Business,Walk-In,Thursday,5,9,0,Warm,0
2024-05-09,17,66.0,27.7,43.2,1.4,857.0,0.69,0.0,Spring,No,Yes,University Branch,Business,Walk-In,Thursday,5,9,1,Warm,0
2024-05-09,18,82.0,30.2,36.8,5.4,1558.0,3.32,0.0,Spring,No,Yes,Al Rawdah Branch,History,Premium,Thursday,5,9,1,Warm,0
2024-05-09,20,25.0,27.2,64.9,6.6,1688.0,0.0,0.0,Spring,No,Yes,Corniche Kiosk,History,Regular,Thursday,5,9,0,Warm,0
2024-05-09,22,41.0,26.8,55.5,5.4,872.0,0.0,0.0,Spring,No,Yes,Al Rawdah Branch,Non-Fiction,Regular,Thursday,5,9,0,Warm,0
2024-05-10,8,33.0,26.5,67.8,7.6,1180.0,0.8,0.0,Spring,Yes,Yes,Al Rawdah Branch,Arabic Literature,Premium,Friday,5,10,0,Warm,1
2024-05-10,10,30.0,32.2,52.8,3.6,1072.0,1.48,0.0,Spring,Yes,Yes,Corniche Kiosk,Fiction,Premium,Friday,5,10,1,Warm,1
2024-05-10,12,44.0,33.1,69.8,5.3,895.0,0.45,0.0,Spring,Yes,Yes,Downtown Central,Fiction,Premium,Friday,5,10,0,Warm,1
2024-05-10,13,20.0,32.3,64.0,5.0,1513.0,2.56,2.6,Spring,Yes,Yes,Al Hamra Branch,Arabic Literature,Regular,Friday,5,10,0,Warm,1
2024-05-10,14,55.0,33.1,64.1,5.9,913.0,1.5,0.0,Spring,Yes,Yes,Downtown Central,Fiction,Student,Friday,5,10,0,Warm,1
2024-05-10,16,42.0,32.3,58.5,2.4,967.0,0.86,0.0,Spring,Yes,Yes,Al Hamra Branch,History,Walk-In,Friday,5,10,1,Warm,1
2024-05-10,17,60.0,28.8,67.8,3.5,1012.0,1.93,0.0,Spring,Yes,Yes,Al Rawdah Branch,Fiction,Premium,Friday,5,10,1,Warm,1
2024-05-10,20,33.0,28.4,52.6,3.2,1658.0,0.0,3.7,Spring,Yes,Yes,University Branch,Fiction,Student,Friday,5,10,0,Warm,1
2024-05-10,22,31.0,28.2,47.3,3.5,1345.0,0.0,0.0,Spring,Yes,Yes,Al Rawdah Branch,Children,Student,Friday,5,10,0,Warm,1
2024-05-11,8,46.0,26.9,57.6,1.1,1597.0,2.2,0.0,Spring,No,Yes,Al Hamra Branch,Fiction,Student,Saturday,5,11,0,Warm,1
2024-05-11,10,59.0,30.2,79.2,1.5,1521.0,2.63,0.0,Spring,No,Yes,Al Hamra Branch,Technology,Student,Saturday,5,11,1,Warm,1
2024-05-11,11,89.0,30.2,60.6,6.7,1912.0,2.65,0.0,Spring,No,Yes,University Branch,Science,Student,Saturday,5,11,1,Warm,1
2024-05-11,14,75.0,31.0,57.5,2.0,1009.0,3.14,0.0,Spring,No,Yes,Downtown Central,Children,Premium,Saturday,5,11,0,Warm,1
2024-05-11,17,94.0,29.3,68.4,5.6,1373.0,0.16,0.0,Spring,No,Yes,Downtown Central,Non-Fiction,Student,Saturday,5,11,1,Warm,1
2024-05-11,18,94.0,27.5,43.1,1.6,1055.0,3.39,0.0,Spring,No,Yes,University Branch,Science,Regular,Saturday,5,11,1,Warm,1
2024-05-11,19,86.0,27.7,79.6,0.7,1535.0,0.0,0.0,Spring,No,Yes,Downtown Central,Non-Fiction,Premium,Saturday,5,11,1,Warm,1
2024-05-11,21,28.0,27.6,73.5,0.6,1949.0,0.0,0.0,Spring,No,Yes,Al Hamra Branch,Technology,Regular,Saturday,5,11,0,Warm,1
2024-05-11,22,41.0,25.4,39.3,3.0,1559.0,0.0,0.0,Spring,No,Yes,Downtown Central,Business,Walk-In,Saturday,5,11,0,Warm,1
2024-05-12,8,43.0,29.6,66.8,5.1,1252.0,1.62,0.0,Spring,No,Yes,Al Rawdah Branch,Fiction,Walk-In,Sunday,5,12,0,Warm,0
2024-05-12,10,94.0,32.3,37.7,2.2,983.0,0.62,0.0,Spring,No,Yes,University Branch,Non-Fiction,Student,Sunday,5,12,1,Warm,0
2024-05-12,12,62.0,33.2,50.2,3.8,1398.0,0.13,0.0,Spring,No,Yes,Downtown Central,History,Regular,Sunday,5,12,0,Warm,0
2024-05-12,14,45.0,35.9,44.4,4.8,988.0,1.66,0.0,Spring,Yes,Yes,Al Hamra Branch,Business,Student,Sunday,5,12,0,Hot,0
2024-05-12,16,78.0,33.0,72.1,1.8,959.0,1.84,0.0,Spring,No,Yes,University Branch,Science,Regular,Sunday,5,12,1,Warm,0
2024-05-12,17,30.0,31.8,50.0,4.0,1916.0,0.71,0.0,Spring,No,Yes,Corniche Kiosk,Children,Walk-In,Sunday,5,12,1,Warm,0
2024-05-12,18,33.0,32.0,64.5,1.8,1944.0,1.62,0.0,Spring,No,Yes,Corniche Kiosk,Science,Walk-In,Sunday,5,12,1,Warm,0
2024-05-12,19,77.0,31.0,75.8,7.9,828.0,0.0,0.0,Spring,No,Yes,University Branch,Non-Fiction,Regular,Sunday,5,12,1,Warm,0
2024-05-12,21,31.0,28.7,41.9,6.3,1118.0,0.0,0.0,Spring,No,Yes,Corniche Kiosk,History,Student,Sunday,5,12,0,Warm,0
2024-05-12,22,40.0,28.2,70.4,7.3,1643.0,0.0,0.0,Spring,No,Yes,Al Rawdah Branch,Non-Fiction,Premium,Sunday,5,12,0,Warm,0
2024-05-13,10,79.0,34.1,47.1,8.0,1063.0,3.38,0.0,Spring,No,Yes,University Branch,Science,Regular,Monday,5,13,1,Warm,0
2024-05-13,11,67.0,32.2,61.8,7.6,1868.0,0.91,0.0,Spring,No,Yes,Al Rawdah Branch,Fiction,Student,Monday,5,13,1,Warm,0
2024-05-13,12,47.0,37.4,48.0,7.3,1377.0,1.55,0.0,Spring,No,Yes,Downtown Central,Non-Fiction,Walk-In,Monday,5,13,0,Hot,0
2024-05-13,13,42.0,37.5,67.1,2.2,1724.0,2.97,0.0,Spring,No,Yes,Al Rawdah Branch,Children,Regular,Monday,5,13,0,Hot,0
2024-05-13,15,46.0,36.6,59.1,5.5,1592.0,0.98,0.0,Spring,No,Yes,Al Hamra Branch,Arabic Literature,Student,Monday,5,13,0,Hot,0
2024-05-13,16,47.0,37.5,71.8,1.0,1727.0,2.06,0.0,Spring,No,Yes,Al Rawdah Branch,Non-Fiction,Walk-In,Monday,5,13,1,Hot,0
2024-05-13,17,80.0,33.5,60.1,5.6,1764.0,2.22,0.0,Spring,No,Yes,Al Rawdah Branch,Business,Student,Monday,5,13,1,Warm,0
2024-05-13,19,40.0,31.9,48.7,2.1,1366.0,0.0,0.0,Spring,No,Yes,Corniche Kiosk,History,Premium,Monday,5,13,1,Warm,0
2024-05-13,20,42.0,30.7,60.7,1.5,1096.0,0.0,0.0,Spring,No,Yes,Al Hamra Branch,Business,Premium,Monday,5,13,0,Warm,0
2024-05-13,22,63.0,30.2,53.3,0.7,1531.0,0.0,0.0,Spring,No,Yes,Downtown Central,Non-Fiction,Student,Monday,5,13,0,Warm,0
2024-05-14,8,72.0,24.7,65.8,6.5,1734.0,2.52,0.0,Spring,No,Yes,Downtown Central,Technology,Premium,Tuesday,5,14,0,Cool,0
2024-05-14,9,49.0,24.7,60.1,6.2,1199.0,1.8,0.0,Spring,No,Yes,Corniche Kiosk,Arabic Literature,Student,Tuesday,5,14,1,Cool,0
2024-05-14,10,44.0,32.2,36.4,2.7,1284.0,1.41,0.0,Spring,No,Yes,Corniche Kiosk,Children,Student,Tuesday,5,14,1,Warm,0
2024-05-14,11,74.0,26.5,68.1,6.7,847.0,0.73,0.0,Spring,No,Yes,Al Rawdah Branch,Children,Student,Tuesday,5,14,1,Warm,0
2024-05-14,14,57.0,30.0,52.3,4.0,846.0,0.1,0.0,Spring,No,Yes,Downtown Central,Technology,Walk-In,Tuesday,5,14,0,Warm,0
2024-05-14,15,35.0,30.5,75.7,2.4,847.0,3.1,0.0,Spring,No,Yes,Corniche Kiosk,Science,Student,Tuesday,5,14,0,Warm,0
2024-05-14,17,41.0,27.5,56.3,1.5,1253.0,3.4,0.0,Spring,No,Yes,Corniche Kiosk,History,Regular,Tuesday,5,14,1,Warm,0
2024-05-14,18,114.0,27.7,68.1,1.2,1240.0,1.54,0.0,Spring,No,Yes,Downtown Central,Science,Student,Tuesday,5,14,1,Warm,0
2024-05-14,19,39.0,27.9,56.2,3.5,1813.0,0.0,0.0,Spring,No,Yes,Corniche Kiosk,Science,Premium,Tuesday,5,14,1,Warm,0
2024-05-14,20,43.0,25.8,72.3,6.8,952.0,0.0,0.0,Spring,No,Yes,Al Rawdah Branch,History,Student,Tuesday,5,14,0,Warm,0
2024-05-14,21,30.0,23.7,66.8,2.8,1358.0,0.0,0.0,Spring,No,Yes,Al Rawdah Branch,Fiction,Walk-In,Tuesday,5,14,0,Cool,0
2024-05-15,8,50.0,26.6,75.0,4.2,1474.0,0.65,0.0,Spring,No,Yes,University Branch,Non-Fiction,Walk-In,Wednesday,5,15,0,Warm,0
2024-05-15,9,50.0,26.3,49.1,6.1,1201.0,3.45,0.0,Spring,No,Yes,Corniche Kiosk,Children,Student,Wednesday,5,15,1,Warm,0
2024-05-15,12,53.0,32.3,48.2,6.3,845.0,0.62,0.0,Spring,No,Yes,University Branch,History,Walk-In,Wednesday,5,15,0,Warm,0
2024-05-15,19,64.0,29.0,60.9,5.0,1577.0,0.0,0.0,Spring,No,Yes,Al Rawdah Branch,Non-Fiction,Regular,Wednesday,5,15,1,Warm,0
2024-05-15,20,60.0,26.0,65.4,7.7,1173.0,0.0,0.0,Spring,No,Yes,University Branch,Arabic Literature,Premium,Wednesday,5,15,0,Warm,0
2024-05-15,21,60.0,25.6,61.4,3.2,1247.0,0.0,0.0,Spring,No,Yes,University Branch,Fiction,Nan,Wednesday,5,15,0,Warm,0
2024-05-16,8,45.0,25.8,48.5,7.9,976.0,2.34,0.0,Spring,No,Yes,Al Rawdah Branch,Science,Regular,Thursday,5,16,0,Warm,0
2024-05-16,9,110.0,26.5,42.3,1.9,1463.0,1.085,0.0,Spring,No,Yes,University Branch,Non-Fiction,Student,Thursday,5,16,1,Warm,0
2024-05-16,11,48.0,29.2,65.5,3.9,1399.0,0.28,2.0,Spring,No,Yes,Al Hamra Branch,Business,Premium,Thursday,5,16,1,Warm,0
2024-05-16,12,65.0,29.9,70.3,3.9,1009.0,2.72,0.0,Spring,No,Yes,University Branch,History,Regular,Thursday,5,16,0,Warm,0
2024-05-16,13,82.0,29.8,60.2,0.8,1241.0,2.86,0.0,Spring,No,Yes,University Branch,Arabic Literature,Student,Thursday,5,16,0,Warm,0
2024-05-16,14,71.0,29.7,59.2,3.0,1430.0,1.73,0.0,Spring,No,Yes,University Branch,Business,Premium,Thursday,5,16,0,Warm,0
2024-05-16,15,24.0,32.5,41.1,4.9,1623.0,0.25,0.0,Spring,No,Yes,Corniche Kiosk,Arabic Literature,Walk-In,Thursday,5,16,0,Warm,0
2024-05-16,17,107.0,29.2,60.9,5.7,1439.0,1.36,0.0,Spring,No,Yes,University Branch,Non-Fiction,Student,Thursday,5,16,1,Warm,0
2024-05-16,18,92.0,28.6,62.0,4.6,1085.0,3.11,0.0,Spring,No,Yes,University Branch,Technology,Regular,Thursday,5,16,1,Warm,0
2024-05-16,19,93.0,27.5,44.4,4.2,1642.0,0.0,0.0,Spring,No,Yes,University Branch,Children,Premium,Thursday,5,16,1,Warm,0
2024-05-16,20,46.0,25.1,59.4,2.6,1883.0,0.0,0.0,Spring,No,Yes,Al Rawdah Branch,Children,Student,Thursday,5,16,0,Warm,0
2024-05-16,21,49.0,26.1,61.0,0.8,823.0,0.0,0.0,Spring,No,Yes,Al Rawdah Branch,Science,Student,Thursday,5,16,0,Warm,0
2024-05-17,8,36.0,28.1,63.6,5.0,1229.0,3.3,0.0,Spring,Yes,Yes,Al Rawdah Branch,Children,Regular,Friday,5,17,0,Warm,1
2024-05-17,14,34.0,34.0,52.9,3.6,1346.0,2.88,0.0,Spring,Yes,Yes,Al Hamra Branch,History,Regular,Friday,5,17,0,Warm,1
2024-05-17,15,41.0,31.9,56.0,6.2,1022.0,2.21,0.0,Spring,Yes,Yes,Al Rawdah Branch,Technology,Premium,Friday,5,17,0,Warm,1
2024-05-17,17,44.0,32.2,73.7,4.8,805.0,2.74,0.0,Spring,Yes,Yes,Al Rawdah Branch,Non-Fiction,Walk-In,Friday,5,17,1,Warm,1
2024-05-17,18,83.0,28.8,72.6,6.7,1572.0,1.42,0.0,Spring,Yes,Yes,Downtown Central,Science,Student,Friday,5,17,1,Warm,1
2024-05-17,22,20.0,26.9,55.8,6.7,1568.0,1.085,0.0,Spring,Yes,Yes,Corniche Kiosk,Arabic Literature,Student,Friday,5,17,0,Warm,1
2024-05-18,10,50.0,32.1,71.0,2.0,1217.0,1.26,0.0,Spring,No,Yes,Al Rawdah Branch,Children,Walk-In,Saturday,5,18,1,Warm,1
2024-05-18,12,47.0,34.3,45.9,4.1,1819.0,2.16,0.0,Spring,No,Yes,Al Hamra Branch,Children,Student,Saturday,5,18,0,Warm,1
2024-05-18,14,51.0,34.6,77.2,6.2,1228.0,1.2,0.0,Spring,No,Yes,University Branch,Fiction,Premium,Saturday,5,18,0,Warm,1
2024-05-18,15,56.0,35.4,64.7,4.6,1600.0,2.71,0.0,Spring,No,Yes,University Branch,Fiction,Premium,Saturday,5,18,0,Hot,1
2024-05-18,16,33.0,35.8,58.8,1.5,882.0,2.9,0.0,Spring,No,Yes,Corniche Kiosk,Arabic Literature,Regular,Saturday,5,18,1,Hot,1
2024-05-18,18,98.0,31.1,60.9,6.8,1591.0,2.77,0.0,Spring,No,Yes,Downtown Central,Non-Fiction,Premium,Saturday,5,18,1,Warm,1
2024-05-18,19,54.0,30.9,58.5,6.9,1294.0,0.0,0.0,Spring,No,Yes,Al Hamra Branch,Arabic Literature,Regular,Saturday,5,18,1,Warm,1
2024-05-18,20,36.0,31.3,48.4,1.8,1583.0,0.0,0.0,Spring,No,Yes,Al Hamra Branch,History,Premium,Saturday,5,18,0,Warm,1
2024-05-18,22,28.0,30.2,63.4,0.6,1965.0,0.0,0.0,Spring,No,Yes,Al Hamra Branch,Non-Fiction,Regular,Saturday,5,18,0,Warm,1
2024-05-19,8,72.0,30.7,40.7,6.6,1584.0,0.18,0.0,Spring,No,Yes,University Branch,History,Student,Sunday,5,19,0,Warm,0
2024-05-19,9,89.0,29.0,65.1,6.7,1457.0,0.86,0.0,Spring,No,Yes,University Branch,Children,Premium,Sunday,5,19,1,Warm,0
2024-05-19,14,46.0,35.8,47.1,4.4,1251.0,1.82,0.0,Spring,No,Yes,University Branch,Arabic Literature,Walk-In,Sunday,5,19,0,Hot,0
2024-05-19,16,53.0,35.7,64.6,2.3,1793.0,2.49,0.0,Spring,No,Yes,Al Hamra Branch,Fiction,Regular,Sunday,5,19,1,Hot,0
2024-05-19,17,70.0,33.0,65.0,3.6,1492.0,0.27,0.0,Spring,No,Yes,Downtown Central,Technology,Walk-In,Sunday,5,19,1,Warm,0
2024-05-19,18,95.0,32.0,66.5,3.8,1253.0,3.1,0.0,Spring,No,Yes,Downtown Central,Non-Fiction,Regular,Sunday,5,19,1,Warm,0
2024-05-19,21,59.0,29.6,58.4,1.1,1439.0,0.0,0.0,Spring,No,Yes,Downtown Central,Children,Premium,Sunday,5,19,0,Warm,0
2024-05-19,22,27.0,31.1,68.6,5.5,1334.0,0.0,0.0,Spring,No,Yes,Al Hamra Branch,Children,Walk-In,Sunday,5,19,0,Warm,0
2024-05-20,8,33.0,29.3,44.8,7.1,1488.0,0.43,0.0,Spring,No,Yes,Al Hamra Branch,History,Walk-In,Monday,5,20,0,Warm,0
2024-05-20,9,93.0,29.3,45.3,1.5,1801.0,3.44,0.0,Spring,No,Yes,University Branch,Business,Premium,Monday,5,20,1,Warm,0
2024-05-20,10,75.0,32.2,46.3,8.0,1958.0,2.98,0.0,Spring,No,Yes,Downtown Central,Technology,Walk-In,Monday,5,20,1,Warm,0
2024-05-20,12,86.0,32.4,38.4,5.0,1170.0,1.63,0.0,Spring,No,Yes,Downtown Central,Fiction,Student,Monday,5,20,0,Warm,0
2024-05-20,14,67.0,34.3,72.6,7.1,1588.0,0.91,0.0,Spring,No,Yes,Downtown Central,Science,Premium,Monday,5,20,0,Warm,0
2024-05-20,16,58.0,32.3,55.7,6.2,1099.0,2.3,0.0,Spring,No,Yes,Al Hamra Branch,History,Regular,Monday,5,20,1,Warm,0
2024-05-20,21,45.0,28.5,54.4,1.3,1661.0,0.0,0.0,Spring,No,Yes,Al Hamra Branch,Fiction,Student,Monday,5,20,0,Warm,0
2024-05-21,9,29.0,33.6,40.2,0.8,1882.0,0.86,0.0,Spring,No,Yes,Corniche Kiosk,Technology,Walk-In,Tuesday,5,21,1,Warm,0
2024-05-21,11,71.0,35.3,46.2,6.7,827.0,2.79,0.0,Spring,No,Yes,Al Rawdah Branch,Business,Student,Tuesday,5,21,1,Hot,0
2024-05-21,12,37.0,38.8,44.3,2.0,1030.0,1.04,0.0,Spring,No,Yes,Al Rawdah Branch,History,Premium,Tuesday,5,21,0,Hot,0
2024-05-21,13,56.0,38.3,50.1,4.4,1428.0,3.47,0.0,Spring,No,Yes,Downtown Central,History,Regular,Tuesday,5,21,0,Hot,0
2024-05-21,14,58.0,38.6,67.2,1.3,841.0,1.31,0.0,Spring,No,Yes,University Branch,Arabic Literature,Student,Tuesday,5,21,0,Hot,0
2024-05-21,15,45.0,36.7,69.4,5.8,1020.0,0.45,0.0,Spring,No,Yes,Al Rawdah Branch,Children,Student,Tuesday,5,21,0,Hot,0
2024-05-21,17,45.0,34.1,49.8,2.5,967.0,0.89,0.0,Spring,No,Yes,Corniche Kiosk,History,Nan,Tuesday,5,21,1,Warm,0
2024-05-21,21,49.0,31.5,65.2,2.8,1994.0,0.0,0.0,Spring,No,Yes,Downtown Central,Technology,Regular,Tuesday,5,21,0,Warm,0
2024-05-22,8,43.0,33.4,53.3,5.1,1186.0,0.32,4.0,Spring,No,Yes,University Branch,Arabic Literature,Premium,Wednesday,5,22,0,Warm,0
2024-05-22,11,80.0,35.3,61.0,4.0,1753.0,0.68,0.0,Spring,No,Yes,University Branch,Children,Premium,Wednesday,5,22,1,Hot,0
2024-05-22,12,19.0,39.3,58.7,6.2,1079.0,0.68,0.0,Spring,No,Yes,Corniche Kiosk,Fiction,Student,Wednesday,5,22,0,Hot,0
2024-05-22,14,57.0,37.5,46.1,7.2,1409.0,2.52,0.0,Spring,No,Yes,University Branch,Fiction,Premium,Wednesday,5,22,0,Hot,0
2024-05-22,15,26.0,38.6,45.0,2.8,1404.0,1.61,0.0,Spring,No,Yes,Corniche Kiosk,Non-Fiction,Premium,Wednesday,5,22,0,Hot,0
2024-05-22,17,82.0,37.4,49.6,6.4,1008.0,0.19,0.0,Spring,No,Yes,Downtown Central,History,Nan,Wednesday,5,22,1,Hot,0
2024-05-22,20,47.0,34.4,39.9,7.7,1946.0,0.0,0.0,Spring,No,Yes,University Branch,Children,Walk-In,Wednesday,5,22,0,Warm,0
2024-05-22,21,30.0,34.9,62.5,1.1,1926.0,0.0,0.0,Spring,No,Yes,Al Hamra Branch,History,Regular,Wednesday,5,22,0,Warm,0
2024-05-23,9,89.0,25.3,40.3,2.3,1118.0,1.87,0.0,Spring,No,Yes,Downtown Central,History,Regular,Thursday,5,23,1,Warm,0
2024-05-23,13,74.0,29.9,51.9,7.1,1421.0,0.29,0.0,Spring,No,Yes,Downtown Central,Business,Premium,Thursday,5,23,0,Warm,0
2024-05-23,16,101.0,30.6,56.8,5.5,1182.0,1.16,0.0,Spring,No,Yes,Downtown Central,Non-Fiction,Premium,Thursday,5,23,1,Warm,0
2024-05-23,17,53.0,26.7,71.0,4.2,1697.0,1.82,0.0,Spring,No,Yes,Al Hamra Branch,Technology,Walk-In,Thursday,5,23,1,Warm,0
2024-05-23,18,45.0,27.6,49.9,3.1,1149.0,2.69,0.0,Spring,No,Yes,Corniche Kiosk,Fiction,Regular,Thursday,5,23,1,Warm,0
2024-05-23,21,58.0,24.3,40.4,6.6,1911.0,0.0,0.0,Spring,No,Yes,Downtown Central,Non-Fiction,Regular,Thursday,5,23,0,Cool,0
2024-05-24,9,47.0,33.4,55.5,5.6,1879.0,2.38,0.0,Spring,Yes,Yes,Al Rawdah Branch,Business,Premium,Friday,5,24,1,Warm,1
2024-05-24,12,26.0,37.7,70.3,1.5,1283.0,2.18,0.0,Spring,Yes,Yes,Al Rawdah Branch,History,Premium,Friday,5,24,0,Hot,1
2024-05-24,13,17.0,38.6,74.9,7.2,933.0,0.45,5.0,Spring,Yes,Yes,Downtown Central,History,Premium,Friday,5,24,0,Hot,1
2024-05-24,14,18.0,38.6,43.2,2.0,1339.0,2.61,0.0,Spring,Yes,Yes,Al Hamra Branch,Science,Walk-In,Friday,5,24,0,Hot,1
2024-05-24,18,66.0,34.6,72.9,2.5,986.0,0.46,0.0,Spring,Yes,Yes,Downtown Central,History,Premium,Friday,5,24,1,Warm,1
2024-05-24,19,60.0,34.2,65.8,5.4,1014.0,0.0,0.0,Spring,Yes,Yes,Downtown Central,Children,Regular,Friday,5,24,1,Warm,1
2024-05-24,20,41.0,32.2,55.0,1.4,1333.0,0.0,0.0,Spring,Yes,Yes,Downtown Central,Business,Regular,Friday,5,24,0,Warm,1
2024-05-24,21,27.0,32.8,43.2,4.7,1090.0,0.0,0.7,Spring,Yes,Yes,Downtown Central,History,Student,Friday,5,24,0,Warm,1
2024-05-25,8,71.0,27.7,52.9,2.4,1635.0,2.92,0.0,Spring,No,Yes,University Branch,Business,Student,Saturday,5,25,0,Warm,1
2024-05-25,9,88.0,28.3,45.4,7.4,1430.0,1.77,0.0,Spring,No,Yes,University Branch,Science,Premium,Saturday,5,25,1,Warm,1
2024-05-25,10,60.0,28.0,51.3,7.4,1856.0,1.93,0.0,Spring,No,Yes,Al Hamra Branch,Technology,Student,Saturday,5,25,1,Warm,1
2024-05-25,11,60.0,32.2,53.4,4.0,842.0,3.08,0.0,Spring,No,Yes,Al Hamra Branch,History,Premium,Saturday,5,25,1,Warm,1
2024-05-25,12,69.0,33.5,64.0,5.1,1227.0,1.68,0.0,Spring,No,Yes,Downtown Central,Science,Premium,Saturday,5,25,0,Warm,1
2024-05-25,14,38.0,33.1,69.4,6.5,1546.0,0.24,4.4,Spring,No,Yes,University Branch,Non-Fiction,Regular,Saturday,5,25,0,Warm,1
2024-05-25,15,68.0,31.0,68.9,4.1,1107.0,2.59,0.0,Nan,No,Yes,Downtown Central,Science,Regular,Saturday,5,25,0,Warm,1
2024-05-25,16,61.0,32.6,74.3,5.8,1939.0,0.82,0.0,Spring,No,Yes,Al Rawdah Branch,Non-Fiction,Premium,Saturday,5,25,1,Warm,1
2024-05-25,18,56.0,27.9,48.6,7.7,1589.0,1.11,0.0,Spring,No,Yes,Al Hamra Branch,Non-Fiction,Walk-In,Saturday,5,25,1,Warm,1
2024-05-25,19,66.0,29.7,64.2,3.8,1590.0,0.0,0.0,Spring,No,Yes,Al Rawdah Branch,Non-Fiction,Premium,Saturday,5,25,1,Warm,1
2024-05-26,10,44.0,29.7,59.9,6.6,1833.0,2.45,0.0,Spring,No,Yes,Corniche Kiosk,Children,Regular,Sunday,5,26,1,Warm,0
2024-05-26,11,44.0,32.5,62.1,2.3,1440.0,1.69,0.0,Spring,No,Yes,Al Hamra Branch,History,Walk-In,Sunday,5,26,1,Warm,0
2024-05-26,15,72.0,34.1,74.5,5.8,948.0,0.67,0.0,Nan,No,Yes,Downtown Central,Fiction,Student,Sunday,5,26,0,Warm,0
2024-05-26,19,32.0,31.6,52.5,2.8,1937.0,0.0,0.0,Spring,No,Yes,Corniche Kiosk,History,Walk-In,Sunday,5,26,1,Warm,0
2024-05-26,20,68.0,29.7,67.4,4.4,1733.0,0.0,0.0,Spring,No,Yes,Downtown Central,Science,Student,Sunday,5,26,0,Warm,0
2024-05-26,22,29.0,27.7,39.2,6.0,804.0,0.0,0.0,Spring,No,Yes,Corniche Kiosk,Technology,Student,Sunday,5,26,0,Warm,0
2024-05-27,9,69.0,32.4,61.3,6.3,1626.0,3.45,0.0,Spring,No,Yes,Al Rawdah Branch,History,Premium,Monday,5,27,1,Warm,0
2024-05-27,11,61.0,33.1,51.4,7.9,1729.0,0.87,0.0,Spring,No,Yes,Al Hamra Branch,Fiction,Student,Monday,5,27,1,Warm,0
2024-05-27,12,61.0,37.5,53.2,7.7,1964.0,3.39,0.0,Spring,No,Yes,University Branch,Arabic Literature,Regular,Monday,5,27,0,Hot,0
2024-05-27,13,50.0,35.6,62.3,1.1,1414.0,2.48,0.0,Spring,No,Yes,University Branch,Non-Fiction,Walk-In,Monday,5,27,0,Hot,0
2024-05-27,14,63.0,37.4,71.0,5.7,1731.0,2.31,0.0,Spring,No,Yes,Downtown Central,Business,Premium,Monday,5,27,0,Hot,0
2024-05-27,15,53.0,37.3,75.1,7.0,1336.0,3.3,0.0,Spring,No,Yes,University Branch,Science,Premium,Monday,5,27,0,Hot,0
2024-05-27,16,51.0,36.0,52.5,6.3,1660.0,1.16,0.0,Spring,No,Yes,Al Hamra Branch,Arabic Literature,Premium,Monday,5,27,1,Hot,0
2024-05-27,17,49.0,34.5,59.1,5.7,1332.0,0.59,0.0,Spring,No,Yes,Al Hamra Branch,Fiction,Walk-In,Monday,5,27,1,Warm,0
2024-05-27,18,68.0,33.3,60.8,4.9,1117.0,1.7,0.0,Spring,Yes,Yes,Al Rawdah Branch,Non-Fiction,Premium,Monday,5,27,1,Warm,0
2024-05-27,19,60.0,34.3,60.2,3.1,1043.0,0.0,0.0,Spring,No,Yes,Al Rawdah Branch,Business,Regular,Monday,5,27,1,Warm,0
2024-05-27,20,64.0,32.3,68.9,4.1,1403.0,0.0,0.0,Spring,No,Yes,University Branch,Arabic Literature,Student,Monday,5,27,0,Warm,0
2024-05-27,21,29.0,31.4,58.4,1.3,1859.0,0.0,0.0,Spring,No,Yes,Corniche Kiosk,Business,Student,Monday,5,27,0,Warm,0
2024-05-28,8,38.0,31.8,75.3,4.5,1259.0,0.46,0.0,Spring,No,Yes,Al Rawdah Branch,Non-Fiction,Regular,Tuesday,5,28,0,Warm,0
2024-05-28,10,85.0,35.4,52.2,1.4,1032.0,3.48,0.0,Spring,No,Yes,University Branch,Business,Premium,Tuesday,5,28,1,Hot,0
2024-05-28,13,70.0,37.3,41.9,1.9,1412.0,0.85,0.0,Spring,No,Yes,Downtown Central,Fiction,Student,Tuesday,5,28,0,Hot,0
2024-05-28,14,51.0,39.0,45.5,7.1,1037.0,1.59,0.0,Spring,No,Yes,University Branch,History,Student,Tuesday,5,28,0,Hot,0
2024-05-28,15,35.0,38.4,54.4,5.6,1244.0,2.08,0.0,Spring,No,Yes,Al Hamra Branch,Arabic Literature,Regular,Tuesday,5,28,0,Hot,0
2024-05-28,16,48.0,39.0,71.9,1.0,1212.0,0.45,0.0,Spring,No,Yes,Al Rawdah Branch,History,Premium,Tuesday,5,28,1,Hot,0
2024-05-28,17,91.0,34.0,68.8,3.1,1588.0,0.74,0.0,Spring,No,Yes,University Branch,Business,Student,Tuesday,5,28,1,Warm,0
2024-05-28,18,75.0,35.0,65.3,0.9,825.0,2.17,0.0,Spring,No,Yes,University Branch,Non-Fiction,Regular,Tuesday,5,28,1,Warm,0
2024-05-28,19,68.0,35.6,60.1,5.0,1751.0,0.0,0.0,Spring,No,Yes,Al Rawdah Branch,Fiction,Student,Tuesday,5,28,1,Hot,0
2024-05-28,20,57.0,34.6,71.3,7.3,1862.0,0.0,0.0,Spring,No,Yes,University Branch,Children,Student,Tuesday,5,28,0,Warm,0
2024-05-28,21,28.0,34.5,43.2,3.3,1222.0,0.0,0.0,Spring,No,Yes,Al Hamra Branch,Non-Fiction,Walk-In,Tuesday,5,28,0,Warm,0
2024-05-28,22,44.0,32.1,71.5,5.9,839.0,0.0,0.0,Spring,No,Yes,Al Rawdah Branch,Arabic Literature,Student,Tuesday,5,28,0,Warm,0
2024-05-29,10,50.0,31.6,48.5,7.8,1180.0,0.11,0.0,Spring,No,Yes,Al Rawdah Branch,Business,Walk-In,Wednesday,5,29,1,Warm,0
2024-05-29,11,86.0,32.7,67.9,1.0,1416.0,0.41,0.0,Spring,No,Yes,University Branch,Science,Student,Wednesday,5,29,1,Warm,0
2024-05-29,13,58.0,34.0,55.9,7.8,1495.0,1.25,0.0,Spring,No,Yes,Al Rawdah Branch,History,Student,Wednesday,5,29,0,Warm,0
2024-05-29,16,82.0,35.3,69.3,2.6,1014.0,1.0,0.0,Spring,No,Yes,University Branch,Business,Premium,Wednesday,5,29,1,Hot,0
2024-05-29,17,33.0,30.5,45.1,1.0,1313.0,2.46,0.0,Spring,No,Yes,Corniche Kiosk,Science,Walk-In,Wednesday,5,29,1,Warm,0
2024-05-29,22,60.0,30.2,72.6,1.2,1688.0,0.0,0.0,Spring,No,Yes,Downtown Central,Science,Student,Wednesday,5,29,0,Warm,0
2024-05-30,9,30.0,29.7,64.1,7.2,1028.0,0.74,0.0,Spring,No,Yes,Corniche Kiosk,Business,Walk-In,Thursday,5,30,1,Warm,0
2024-05-30,10,58.0,33.9,68.8,5.9,1888.0,1.87,0.0,Spring,No,Yes,Al Rawdah Branch,Technology,Regular,Thursday,5,30,1,Warm,0
2024-05-30,11,58.0,33.5,72.1,3.4,1143.0,0.58,0.0,Spring,No,Yes,Al Rawdah Branch,Science,Regular,Thursday,5,30,1,Warm,0
2024-05-30,12,41.0,35.3,49.2,2.3,1579.0,0.33,0.0,Spring,No,Yes,Al Hamra Branch,Science,Premium,Thursday,5,30,0,Hot,0
2024-05-30,13,42.0,36.0,67.0,0.9,1190.0,0.44,0.0,Spring,No,Yes,Al Hamra Branch,Arabic Literature,Premium,Thursday,5,30,0,Hot,0
2024-05-30,14,70.0,35.1,72.4,2.7,1898.0,1.12,0.0,Spring,No,Yes,Downtown Central,Business,Student,Thursday,5,30,0,Hot,0
2024-05-30,16,70.0,36.0,47.3,4.1,1043.0,2.95,0.0,Spring,No,Yes,Downtown Central,History,Walk-In,Thursday,5,30,1,Hot,0
2024-05-30,17,42.0,32.4,66.4,4.9,1287.0,0.96,0.0,Spring,No,Yes,Corniche Kiosk,Technology,Premium,Thursday,5,30,1,Warm,0
2024-05-30,18,94.0,33.6,61.6,2.9,1756.0,0.28,0.0,Spring,No,Yes,Downtown Central,Non-Fiction,Premium,Thursday,5,30,1,Warm,0
2024-05-30,19,55.0,32.9,55.4,6.8,995.0,0.0,0.0,Spring,No,Yes,Al Hamra Branch,Business,Regular,Thursday,5,30,1,Warm,0
2024-05-30,21,39.0,30.9,57.7,6.4,1355.0,0.0,0.0,Spring,No,Yes,Al Hamra Branch,Business,Student,Thursday,5,30,0,Warm,0
2024-05-30,22,52.0,32.0,73.4,0.7,1814.0,0.0,0.0,Spring,No,Yes,Downtown Central,Non-Fiction,Regular,Thursday,5,30,0,Warm,0
2024-05-31,9,50.0,33.9,60.3,6.3,1916.0,2.36,0.0,Spring,Yes,Yes,Downtown Central,Non-Fiction,Walk-In,Friday,5,31,1,Warm,1
2024-05-31,11,53.0,34.9,56.0,0.9,1117.0,3.1,0.0,Spring,Yes,Yes,Downtown Central,Fiction,Walk-In,Friday,5,31,1,Warm,1
2024-05-31,16,21.0,39.2,64.2,6.1,833.0,0.22,0.0,Spring,Yes,Yes,Corniche Kiosk,Fiction,Regular,Friday,5,31,1,Hot,1
2024-05-31,18,48.0,34.8,48.1,4.5,1399.0,2.12,0.0,Spring,Yes,Yes,Al Rawdah Branch,Business,Regular,Friday,5,31,1,Warm,1
2024-05-31,20,24.0,34.5,70.7,2.0,823.0,0.0,0.0,Spring,Yes,Yes,University Branch,Fiction,Regular,Friday,5,31,0,Warm,1
2024-05-31,21,14.0,33.8,60.5,1.8,1399.0,0.0,0.0,Spring,Yes,Yes,Al Rawdah Branch,Children,Walk-In,Friday,5,31,0,Warm,1
2024-05-31,22,17.0,32.7,74.8,1.4,1210.0,0.0,0.0,Spring,Yes,Yes,Al Hamra Branch,History,Student,Friday,5,31,0,Warm,1
2024-06-01,8,19.0,36.8,48.9,1.3,1003.0,3.0,0.0,Summer,No,Yes,Al Hamra Branch,Fiction,Walk-In,Saturday,6,1,0,Hot,1
2024-06-01,9,60.0,35.7,39.7,7.6,1956.0,2.68,0.0,Summer,No,Yes,University Branch,Technology,Walk-In,Saturday,6,1,1,Hot,1
2024-06-01,13,28.0,40.4,45.8,4.2,1331.0,3.26,0.0,Summer,No,Yes,Al Rawdah Branch,Fiction,Premium,Saturday,6,1,0,Hot,1
2024-06-01,15,39.0,41.0,44.2,0.6,1739.0,2.67,0.0,Summer,No,Yes,University Branch,Non-Fiction,Student,Saturday,6,1,0,Hot,1
2024-06-01,16,26.0,42.4,62.3,5.6,845.0,0.43,0.0,Summer,No,Yes,Al Hamra Branch,Business,Walk-In,Saturday,6,1,1,Hot,1
2024-06-01,21,41.0,36.7,60.5,1.4,1656.0,0.0,0.0,Summer,No,Yes,Downtown Central,Fiction,Student,Saturday,6,1,0,Hot,1
2024-06-01,22,27.0,35.4,53.9,5.0,1174.0,0.0,0.0,Summer,No,Yes,Al Rawdah Branch,Arabic Literature,Regular,Saturday,6,1,0,Hot,1
2024-06-02,9,31.0,38.8,45.2,3.6,1456.0,2.39,0.0,Summer,No,Yes,Corniche Kiosk,Technology,Student,Sunday,6,2,1,Hot,0
2024-06-02,11,36.0,41.8,64.2,5.3,1544.0,3.14,0.0,Summer,No,Yes,Al Rawdah Branch,Business,Premium,Sunday,6,2,1,Hot,0
2024-06-02,14,17.0,44.8,70.7,7.3,1998.0,0.64,0.0,Summer,No,Yes,Corniche Kiosk,History,Student,Sunday,6,2,0,Hot,0
2024-06-02,15,42.0,44.7,45.2,1.0,1469.0,2.11,0.0,Summer,No,Yes,University Branch,History,Premium,Sunday,6,2,0,Hot,0
2024-06-02,16,32.0,46.1,62.2,4.1,1238.0,2.55,0.0,Summer,No,Yes,Al Hamra Branch,Business,Walk-In,Sunday,6,2,1,Hot,0
2024-06-02,18,55.0,41.3,61.7,4.9,1083.0,2.12,0.0,Summer,No,Yes,University Branch,Non-Fiction,Regular,Sunday,6,2,1,Hot,0
2024-06-02,19,60.0,41.5,57.3,4.5,1125.0,0.0,0.0,Summer,No,Yes,Downtown Central,History,Premium,Sunday,6,2,1,Hot,0
2024-06-02,22,22.0,39.7,53.2,5.7,1286.0,0.0,0.0,Summer,No,Yes,Al Rawdah Branch,Arabic Literature,Premium,Sunday,6,2,0,Hot,0
2024-06-03,8,67.0,33.9,66.1,4.1,1812.0,3.31,0.0,Summer,No,Yes,University Branch,Non-Fiction,Premium,Monday,6,3,0,Warm,0
2024-06-03,9,77.0,35.1,74.0,7.3,1499.0,0.25,0.0,Summer,No,Yes,University Branch,Fiction,Student,Monday,6,3,1,Hot,0
2024-06-03,10,61.0,37.7,67.7,4.0,862.0,2.5,0.0,Summer,No,Yes,Downtown Central,Non-Fiction,Walk-In,Monday,6,3,1,Hot,0
2024-06-03,11,55.0,37.5,52.6,7.2,1022.0,0.94,0.0,Summer,No,Yes,Al Rawdah Branch,History,Premium,Monday,6,3,1,Hot,0
2024-06-03,12,42.0,39.0,62.1,3.8,1403.0,2.51,0.0,Summer,No,Yes,Al Rawdah Branch,History,Premium,Monday,6,3,0,Hot,0
2024-06-03,13,41.0,41.0,66.6,4.7,1766.0,3.41,0.0,Summer,No,Yes,University Branch,History,Regular,Monday,6,3,0,Hot,0
2024-06-03,14,56.0,32.2,63.9,3.3,1071.0,1.17,0.0,Summer,No,Yes,Downtown Central,Children,Student,Monday,6,3,0,Warm,0
2024-06-03,15,25.0,39.8,57.0,3.0,1678.0,2.89,0.0,Summer,No,Yes,Al Hamra Branch,History,Regular,Monday,6,3,0,Hot,0
2024-06-03,16,51.0,40.6,51.6,2.7,1111.0,3.49,0.0,Summer,No,Yes,Al Rawdah Branch,Arabic Literature,Premium,Monday,6,3,1,Hot,0
2024-06-03,19,27.0,38.1,50.2,0.9,845.0,0.0,0.0,Summer,No,Yes,Corniche Kiosk,Business,Walk-In,Monday,6,3,1,Hot,0
2024-06-03,21,42.0,33.7,57.7,6.9,1162.0,0.0,0.0,Summer,No,Yes,Al Rawdah Branch,Children,Student,Monday,6,3,0,Warm,0
2024-06-03,22,12.0,35.0,49.2,4.2,821.0,0.0,0.0,Summer,No,Yes,Corniche Kiosk,Science,Walk-In,Monday,6,3,0,Warm,0
2024-06-04,8,17.0,41.9,72.0,5.6,1561.0,2.81,0.0,Summer,No,Yes,Corniche Kiosk,Children,Student,Tuesday,6,4,0,Hot,0
2024-06-04,9,50.0,40.4,61.0,7.3,1540.0,2.17,0.0,Summer,No,Yes,University Branch,Arabic Literature,Regular,Tuesday,6,4,1,Hot,0
2024-06-04,10,24.0,42.0,71.0,5.2,1068.0,1.51,0.0,Summer,No,Yes,Corniche Kiosk,Fiction,Student,Tuesday,6,4,1,Hot,0
2024-06-04,11,24.0,43.4,68.8,5.2,1297.0,3.37,0.0,Summer,No,Yes,Corniche Kiosk,Fiction,Walk-In,Tuesday,6,4,1,Hot,0
2024-06-04,13,15.0,47.6,46.9,1.9,1975.0,2.38,0.0,Summer,No,Yes,Corniche Kiosk,Arabic Literature,Walk-In,Tuesday,6,4,0,Hot,0
2024-06-04,14,33.0,44.8,38.5,6.2,1914.0,3.0,0.0,Summer,No,Yes,Al Hamra Branch,Technology,Student,Tuesday,6,4,0,Hot,0
2024-06-04,15,13.0,46.3,57.6,3.9,1574.0,1.81,0.0,Summer,No,Yes,Corniche Kiosk,Arabic Literature,Walk-In,Tuesday,6,4,0,Hot,0
2024-06-04,16,51.0,45.8,62.4,7.9,1830.0,1.44,0.0,Summer,No,Yes,University Branch,Non-Fiction,Walk-In,Tuesday,6,4,1,Hot,0
2024-06-04,17,49.0,41.8,59.4,6.3,1351.0,3.45,0.0,Summer,No,Yes,Al Rawdah Branch,Business,Premium,Tuesday,6,4,1,Hot,0
2024-06-04,18,26.0,43.6,48.5,3.5,1505.0,0.65,0.0,Summer,No,Yes,Corniche Kiosk,Non-Fiction,Regular,Tuesday,6,4,1,Hot,0
2024-06-04,19,40.0,44.8,70.0,2.5,1726.0,0.0,0.0,Summer,No,Yes,Al Hamra Branch,Fiction,Student,Tuesday,6,4,1,Hot,0
2024-06-04,20,11.0,40.6,74.0,4.8,888.0,0.0,0.0,Summer,No,Yes,Corniche Kiosk,Business,Premium,Tuesday,6,4,0,Hot,0
2024-06-05,8,16.0,31.3,77.8,4.3,809.0,0.52,2.4,Nan,No,Yes,Corniche Kiosk,Business,Regular,Wednesday,6,5,0,Warm,0
2024-06-05,10,50.0,34.2,55.0,6.3,1552.0,2.75,0.0,Summer,No,Yes,Al Rawdah Branch,Arabic Literature,Walk-In,Wednesday,6,5,1,Warm,0
2024-06-05,12,37.0,37.3,46.9,5.0,925.0,0.86,0.0,Summer,No,Yes,Al Rawdah Branch,Non-Fiction,Walk-In,Wednesday,6,5,0,Hot,0
2024-06-05,14,44.0,38.4,55.8,2.2,1988.0,1.82,0.0,Summer,No,Yes,Corniche Kiosk,Children,Premium,Wednesday,6,5,0,Hot,0
2024-06-05,15,79.0,36.1,43.7,8.0,1874.0,3.12,0.0,Summer,No,Yes,Downtown Central,Arabic Literature,Student,Wednesday,6,5,0,Hot,0
2024-06-05,19,50.0,32.2,45.1,3.6,1345.0,0.0,0.0,Summer,No,Yes,Corniche Kiosk,Business,Student,Wednesday,6,5,1,Warm,0
2024-06-05,20,41.0,32.6,68.5,2.2,1070.0,0.0,0.0,Summer,No,Yes,Al Hamra Branch,Science,Student,Wednesday,6,5,0,Warm,0
2024-06-05,21,31.0,33.5,69.5,3.1,1945.0,0.0,0.0,Summer,No,Yes,Al Hamra Branch,Business,Student,Wednesday,6,5,0,Warm,0
2024-06-06,9,25.0,39.1,65.9,4.6,1737.0,2.07,0.0,Summer,No,Yes,Corniche Kiosk,Technology,Premium,Thursday,6,6,1,Hot,0
2024-06-06,13,35.0,46.1,62.8,6.0,1806.0,1.44,0.0,Summer,No,Yes,Downtown Central,Children,Regular,Thursday,6,6,0,Hot,0
2024-06-06,14,29.0,46.3,61.8,7.4,1245.0,3.02,0.0,Summer,No,Yes,Al Hamra Branch,Technology,Student,Thursday,6,6,0,Hot,0
2024-06-06,15,29.0,44.5,52.5,6.3,1945.0,2.04,0.0,Summer,No,Yes,Al Hamra Branch,Fiction,Student,Thursday,6,6,0,Hot,0
2024-06-06,16,45.0,45.3,68.7,6.0,1008.0,1.085,0.0,Summer,No,Yes,Al Rawdah Branch,History,Regular,Thursday,6,6,1,Hot,0
2024-06-06,20,22.0,39.5,68.5,7.5,962.0,0.0,0.0,Summer,No,Yes,Al Hamra Branch,History,Regular,Thursday,6,6,0,Hot,0
2024-06-07,8,18.0,37.0,72.8,1.5,1222.0,0.86,0.0,Summer,Yes,Yes,Al Hamra Branch,Arabic Literature,Student,Friday,6,7,0,Hot,1
2024-06-07,15,17.0,41.2,51.2,5.9,1006.0,1.68,0.0,Summer,Yes,Yes,Al Rawdah Branch,Science,Regular,Friday,6,7,0,Hot,1
2024-06-07,16,31.0,43.5,48.9,1.9,1307.0,2.11,0.0,Summer,Yes,Yes,Al Rawdah Branch,Non-Fiction,Premium,Friday,6,7,1,Hot,1
2024-06-07,17,40.0,40.8,69.5,5.2,1947.0,0.6,0.0,Summer,Yes,Yes,University Branch,History,Premium,Friday,6,7,1,Hot,1
2024-06-07,18,17.0,38.3,58.7,2.9,1717.0,2.44,0.0,Summer,Yes,Yes,Corniche Kiosk,Arabic Literature,Walk-In,Friday,6,7,1,Hot,1
2024-06-07,22,16.0,38.7,45.9,7.1,1473.0,0.0,0.0,Summer,Yes,Yes,University Branch,Technology,Student,Friday,6,7,0,Hot,1
2024-06-08,10,41.0,41.4,47.3,3.3,1052.0,2.99,0.0,Summer,No,Yes,Al Hamra Branch,Children,Student,Saturday,6,8,1,Hot,1
2024-06-08,11,20.0,41.7,37.0,3.8,968.0,0.63,0.0,Summer,No,Yes,Corniche Kiosk,Science,Walk-In,Saturday,6,8,1,Hot,1
2024-06-08,12,26.0,32.2,58.0,2.9,1272.0,1.3,0.0,Summer,No,Yes,University Branch,Arabic Literature,Regular,Saturday,6,8,0,Warm,1
2024-06-08,13,18.0,43.1,61.8,4.6,1197.0,0.24,0.0,Summer,No,Yes,Al Rawdah Branch,Business,Walk-In,Saturday,6,8,0,Hot,1
2024-06-08,15,18.0,44.4,75.6,6.2,1221.0,1.56,0.0,Summer,No,Yes,Al Rawdah Branch,Arabic Literature,Walk-In,Saturday,6,8,0,Hot,1
2024-06-08,16,36.0,44.2,47.5,5.6,1598.0,1.46,0.0,Summer,No,Yes,Al Rawdah Branch,Science,Regular,Saturday,6,8,1,Hot,1
2024-06-08,17,45.0,40.6,36.3,4.5,1181.0,0.91,0.0,Summer,No,Yes,University Branch,Non-Fiction,Walk-In,Saturday,6,8,1,Hot,1
2024-06-08,18,70.0,41.8,48.1,6.5,1188.0,2.95,0.0,Summer,No,Yes,Downtown Central,Children,Student,Saturday,6,8,1,Hot,1
2024-06-08,19,39.0,40.2,63.7,5.1,855.0,0.0,0.0,Summer,No,Yes,Al Rawdah Branch,History,Student,Saturday,6,8,1,Hot,1
2024-06-08,21,9.0,37.7,70.5,1.4,1096.0,0.0,0.0,Summer,No,Yes,Corniche Kiosk,Children,Nan,Saturday,6,8,0,Hot,1
2024-06-08,22,38.0,37.5,62.6,3.7,1355.0,0.0,0.0,Summer,No,Yes,Downtown Central,History,Student,Saturday,6,8,0,Hot,1
2024-06-09,8,49.0,37.4,45.4,4.2,1802.0,2.08,0.0,Summer,No,Yes,University Branch,History,Premium,Sunday,6,9,0,Hot,0
2024-06-09,10,41.0,40.7,67.3,1.0,1695.0,0.84,0.0,Summer,No,Yes,Al Rawdah Branch,Business,Regular,Sunday,6,9,1,Hot,0
2024-06-09,12,29.0,43.2,61.7,6.1,1577.0,0.33,0.0,Summer,No,Yes,University Branch,Business,Walk-In,Sunday,6,9,0,Hot,0
2024-06-09,13,23.0,43.7,70.3,1.9,1404.0,1.09,0.0,Summer,No,Yes,Al Rawdah Branch,Non-Fiction,Walk-In,Sunday,6,9,0,Hot,0
2024-06-09,14,16.0,42.6,53.6,4.8,1246.0,1.085,0.0,Summer,No,Yes,Al Hamra Branch,Arabic Literature,Walk-In,Sunday,6,9,0,Hot,0
2024-06-09,15,45.0,44.1,71.6,2.6,1379.0,3.45,0.0,Summer,No,Yes,Downtown Central,Children,Premium,Sunday,6,9,0,Hot,0
2024-06-09,16,42.0,43.0,74.6,7.7,975.0,1.36,0.0,Summer,No,Yes,University Branch,Science,Walk-In,Sunday,6,9,1,Hot,0
2024-06-09,17,45.0,40.0,71.7,3.4,1958.0,3.3,0.0,Summer,No,Yes,Al Rawdah Branch,Science,Regular,Sunday,6,9,1,Hot,0
2024-06-09,19,40.0,40.4,49.0,8.0,1875.0,0.0,3.0,Summer,No,Yes,University Branch,Arabic Literature,Walk-In,Sunday,6,9,1,Hot,0
2024-06-09,21,28.0,37.0,41.8,4.6,1412.0,0.0,0.0,Summer,No,Yes,University Branch,Fiction,Walk-In,Sunday,6,9,0,Hot,0
2024-06-09,22,34.0,37.9,58.5,4.7,1382.0,0.0,0.0,Summer,No,Yes,University Branch,Business,Student,Sunday,6,9,0,Hot,0
2024-06-10,8,28.0,40.2,53.1,5.4,1860.0,2.2,0.0,Summer,No,Yes,Al Hamra Branch,Arabic Literature,Student,Monday,6,10,0,Hot,0
2024-06-10,9,69.0,37.7,64.6,6.4,1007.0,0.6,0.0,Summer,No,Yes,University Branch,Arabic Literature,Student,Monday,6,10,1,Hot,0
2024-06-10,11,67.0,41.3,50.7,2.0,1856.0,3.25,0.0,Summer,No,Yes,University Branch,Technology,Student,Monday,6,10,1,Hot,0
2024-06-10,14,33.0,42.5,73.9,6.5,1793.0,1.085,0.0,Summer,No,Yes,University Branch,Non-Fiction,Premium,Monday,6,10,0,Hot,0
2024-06-10,19,77.0,39.6,44.2,4.2,1783.0,0.0,0.0,Summer,No,Yes,Downtown Central,History,Student,Monday,6,10,1,Hot,0
2024-06-10,20,45.0,37.9,42.8,3.1,1091.0,0.0,0.0,Summer,No,Yes,Downtown Central,Fiction,Regular,Monday,6,10,0,Hot,0
2024-06-11,9,53.0,32.2,44.8,7.9,1554.0,0.64,3.5,Summer,No,Yes,Al Hamra Branch,Business,Regular,Tuesday,6,11,1,Warm,0
2024-06-11,10,23.0,36.0,48.8,4.4,1965.0,0.03,0.0,Summer,No,Yes,Corniche Kiosk,Arabic Literature,Walk-In,Tuesday,6,11,1,Hot,0
2024-06-11,11,61.0,36.0,58.7,5.9,1935.0,3.41,0.0,Summer,No,Yes,University Branch,Science,Walk-In,Tuesday,6,11,1,Hot,0
2024-06-11,12,40.0,38.3,51.7,1.4,1095.0,1.94,0.0,Summer,No,Yes,Al Rawdah Branch,History,Student,Tuesday,6,11,0,Hot,0
2024-06-11,13,27.0,39.9,60.2,0.6,846.0,0.43,0.0,Summer,No,Yes,Corniche Kiosk,Fiction,Student,Tuesday,6,11,0,Hot,0
2024-06-11,14,42.0,39.4,63.4,6.7,1207.0,0.46,0.0,Summer,No,Yes,University Branch,Fiction,Premium,Tuesday,6,11,0,Hot,0
2024-06-11,16,44.0,39.4,61.7,7.9,1996.0,1.81,0.0,Summer,No,Yes,University Branch,Non-Fiction,Student,Tuesday,6,11,1,Hot,0
2024-06-11,17,74.0,35.7,58.3,5.6,1642.0,0.78,0.0,Summer,No,Yes,University Branch,Fiction,Regular,Tuesday,6,11,1,Hot,0
2024-06-11,19,89.0,35.2,69.8,2.7,1527.0,0.0,0.0,Summer,No,Yes,University Branch,Children,Student,Tuesday,6,11,1,Hot,0
2024-06-11,20,52.0,32.5,50.3,5.8,1312.0,0.0,0.0,Summer,No,Yes,Al Rawdah Branch,Arabic Literature,Student,Tuesday,6,11,0,Warm,0
2024-06-11,21,52.0,35.4,56.1,7.4,899.0,0.0,0.0,Summer,No,Yes,Downtown Central,Science,Student,Tuesday,6,11,0,Hot,0
2024-06-12,8,31.0,43.3,47.9,4.4,883.0,0.87,0.0,Summer,No,Yes,University Branch,Business,Premium,Wednesday,6,12,0,Hot,0
2024-06-12,9,66.0,43.1,41.4,5.8,1175.0,2.51,0.0,Summer,No,Yes,Downtown Central,Children,Student,Wednesday,6,12,1,Hot,0
2024-06-12,11,32.0,43.8,55.4,7.4,820.0,0.72,0.0,Summer,No,Yes,Al Rawdah Branch,Arabic Literature,Regular,Wednesday,6,12,1,Hot,0
2024-06-12,13,13.0,49.2,64.6,7.2,977.0,0.12,0.0,Summer,No,Yes,Corniche Kiosk,Fiction,Walk-In,Wednesday,6,12,0,Hot,0
2024-06-12,15,18.0,48.0,62.0,6.9,868.0,0.09,0.0,Summer,No,Yes,Corniche Kiosk,Fiction,Premium,Wednesday,6,12,0,Hot,0
2024-06-12,16,38.0,48.4,41.4,6.1,1080.0,0.3,0.0,Summer,No,Yes,Al Rawdah Branch,Business,Walk-In,Wednesday,6,12,1,Hot,0
2024-06-12,18,55.0,44.8,58.1,4.8,1190.0,0.6,0.0,Summer,No,Yes,University Branch,Technology,Premium,Wednesday,6,12,1,Hot,0
2024-06-12,21,15.0,43.2,71.9,7.5,1331.0,0.0,0.0,Summer,No,Yes,Downtown Central,Non-Fiction,Regular,Wednesday,6,12,0,Hot,0
2024-06-12,22,16.0,42.4,62.6,4.5,824.0,0.0,0.0,Summer,No,Yes,Al Rawdah Branch,Non-Fiction,Walk-In,Wednesday,6,12,0,Hot,0
2024-06-13,8,31.0,36.6,38.7,2.6,1135.0,3.03,0.3,Summer,No,Yes,Al Hamra Branch,Arabic Literature,Regular,Thursday,6,13,0,Hot,0
2024-06-13,9,47.0,38.4,73.7,5.3,1048.0,0.42,1.6,Summer,No,Yes,University Branch,Business,Regular,Thursday,6,13,1,Hot,0
2024-06-13,10,68.0,38.9,64.3,5.6,1646.0,0.65,0.0,Summer,No,Yes,Downtown Central,Non-Fiction,Premium,Thursday,6,13,1,Hot,0
2024-06-13,11,47.0,40.8,61.0,4.5,1275.0,2.88,0.0,Summer,No,Yes,Al Hamra Branch,Arabic Literature,Student,Thursday,6,13,1,Hot,0
2024-06-13,12,31.0,42.2,63.5,5.2,1245.0,3.09,0.0,Summer,No,Yes,Al Hamra Branch,Fiction,Student,Thursday,6,13,0,Hot,0
2024-06-13,13,36.0,43.1,62.4,1.2,1104.0,2.38,0.0,Summer,No,Yes,University Branch,Business,Regular,Thursday,6,13,0,Hot,0
2024-06-13,17,57.0,39.5,62.5,6.6,1667.0,1.79,0.0,Summer,No,Yes,Downtown Central,Business,Walk-In,Thursday,6,13,1,Hot,0
2024-06-13,20,17.0,37.3,40.0,5.6,1872.0,0.0,0.0,Summer,No,Yes,Corniche Kiosk,Arabic Literature,Regular,Thursday,6,13,0,Hot,0
2024-06-13,21,19.0,39.3,67.4,6.3,994.0,0.0,0.0,Summer,No,Yes,Downtown Central,Arabic Literature,Walk-In,Thursday,6,13,0,Hot,0
2024-06-14,8,23.0,37.4,58.7,3.3,1399.0,2.38,0.0,Nan,Yes,Yes,Downtown Central,History,Walk-In,Friday,6,14,0,Hot,1
2024-06-14,9,20.0,35.7,65.9,6.9,1058.0,0.99,0.0,Summer,Yes,Yes,Corniche Kiosk,Non-Fiction,Regular,Friday,6,14,1,Hot,1
2024-06-14,11,37.0,37.8,59.4,1.6,1483.0,0.74,4.6,Summer,Yes,Yes,Downtown Central,Science,Student,Friday,6,14,1,Hot,1
2024-06-14,12,10.0,41.9,57.6,2.3,800.0,1.71,0.0,Summer,Yes,Yes,Al Rawdah Branch,History,Walk-In,Friday,6,14,0,Hot,1
2024-06-14,15,44.0,41.2,76.3,4.7,988.0,2.46,0.0,Summer,Yes,Yes,Downtown Central,Technology,Premium,Friday,6,14,0,Hot,1
2024-06-14,16,22.0,41.9,67.8,4.4,1254.0,0.64,0.0,Summer,Yes,Yes,Al Hamra Branch,Arabic Literature,Premium,Friday,6,14,1,Hot,1
2024-06-14,17,43.0,37.1,67.1,6.2,914.0,2.71,0.0,Summer,Yes,Yes,Al Hamra Branch,Technology,Student,Friday,6,14,1,Hot,1
2024-06-14,19,59.0,38.6,45.0,6.5,1308.0,0.0,0.0,Summer,Yes,Yes,Downtown Central,Science,Student,Friday,6,14,1,Hot,1
2024-06-14,20,2.0,36.1,68.4,1.4,1705.0,0.0,0.0,Summer,Yes,Yes,Corniche Kiosk,Fiction,Regular,Friday,6,14,0,Hot,1
2024-06-14,21,32.0,35.1,47.3,7.9,1821.0,0.0,0.0,Summer,Yes,Yes,Downtown Central,Technology,Premium,Friday,6,14,0,Hot,1
2024-06-14,22,19.0,35.2,39.6,1.9,1203.0,0.0,0.0,Summer,Yes,Yes,Al Hamra Branch,Fiction,Premium,Friday,6,14,0,Hot,1
2024-06-15,8,17.0,38.5,46.7,3.9,1211.0,0.59,0.0,Summer,No,Yes,Al Hamra Branch,Children,Walk-In,Saturday,6,15,0,Hot,1
2024-06-15,10,27.0,39.9,65.7,4.6,1327.0,3.33,0.0,Summer,No,Yes,Corniche Kiosk,Arabic Literature,Walk-In,Saturday,6,15,1,Hot,1
2024-06-15,11,43.0,38.6,41.8,6.8,1287.0,2.67,0.0,Summer,No,Yes,Al Hamra Branch,Fiction,Regular,Saturday,6,15,1,Hot,1
2024-06-15,17,42.0,39.1,62.1,5.5,1214.0,1.55,0.0,Summer,No,Yes,Al Rawdah Branch,Children,Premium,Saturday,6,15,1,Hot,1
2024-06-15,18,30.0,38.6,70.5,3.0,1737.0,0.63,0.0,Summer,No,Yes,Al Hamra Branch,Fiction,Walk-In,Saturday,6,15,1,Hot,1
2024-06-15,21,31.0,36.5,70.3,6.1,1330.0,0.0,0.0,Summer,No,Yes,Downtown Central,Technology,Regular,Saturday,6,15,0,Hot,1
2024-06-16,11,52.0,39.3,72.5,2.3,1127.0,2.36,2.9,Summer,No,Yes,University Branch,Science,Regular,Sunday,6,16,1,Hot,0
2024-06-16,12,42.0,41.5,44.9,3.0,1460.0,0.21,0.0,Summer,No,Yes,University Branch,Arabic Literature,Student,Sunday,6,16,0,Hot,0
2024-06-16,13,42.0,40.3,58.1,4.5,1016.0,2.32,0.0,Summer,No,Yes,University Branch,Technology,Walk-In,Sunday,6,16,0,Hot,0
2024-06-16,14,18.0,40.3,61.6,2.7,1889.0,2.54,0.0,Summer,No,Yes,Corniche Kiosk,History,Walk-In,Sunday,6,16,0,Hot,0
2024-06-16,16,53.0,41.0,48.8,3.5,1384.0,1.91,0.0,Summer,No,Yes,Downtown Central,History,Nan,Sunday,6,16,1,Hot,0
2024-06-16,17,85.0,39.4,46.6,4.5,1638.0,1.54,0.0,Summer,No,Yes,Downtown Central,Science,Student,Sunday,6,16,1,Hot,0
2024-06-16,18,60.0,38.6,66.7,7.1,1970.0,2.99,1.9,Summer,No,Yes,Downtown Central,Science,Regular,Sunday,6,16,1,Hot,0
2024-06-16,19,69.0,38.4,63.4,7.0,1675.0,0.0,0.0,Summer,No,Yes,Downtown Central,Fiction,Regular,Sunday,6,16,1,Hot,0
2024-06-16,20,15.0,37.5,65.2,4.3,1957.0,0.0,0.0,Summer,No,Yes,Corniche Kiosk,Non-Fiction,Walk-In,Sunday,6,16,0,Hot,0
2024-06-16,21,43.0,36.4,49.5,6.0,1155.0,0.0,0.0,Summer,No,Yes,Downtown Central,History,Regular,Sunday,6,16,0,Hot,0
2024-06-16,22,15.0,37.3,73.1,2.4,1539.0,0.0,0.0,Summer,No,Yes,Corniche Kiosk,Business,Premium,Sunday,6,16,0,Hot,0
2024-06-17,8,29.0,38.2,48.7,1.4,1137.0,2.41,0.0,Summer,No,Yes,Al Hamra Branch,Fiction,Regular,Monday,6,17,0,Hot,0
2024-06-17,11,69.0,39.6,58.6,1.5,1887.0,0.79,0.0,Summer,No,Yes,Downtown Central,Technology,Student,Monday,6,17,1,Hot,0
2024-06-17,12,30.0,42.0,67.5,0.8,1529.0,2.84,0.0,Summer,No,Yes,Al Rawdah Branch,Science,Premium,Monday,6,17,0,Hot,0
2024-06-17,13,27.0,43.2,61.1,4.9,1620.0,2.03,0.0,Summer,No,Yes,Al Hamra Branch,Children,Premium,Monday,6,17,0,Hot,0
2024-06-17,14,38.0,41.7,45.8,2.1,1224.0,0.7,0.0,Summer,No,Yes,Downtown Central,Non-Fiction,Regular,Monday,6,17,0,Hot,0
2024-06-17,16,33.0,41.4,54.5,4.1,1425.0,3.05,0.0,Summer,No,Yes,Al Rawdah Branch,Business,Walk-In,Monday,6,17,1,Hot,0
2024-06-17,17,74.0,39.5,75.8,3.9,1472.0,2.96,0.0,Summer,No,Yes,University Branch,Business,Student,Monday,6,17,1,Hot,0
2024-06-17,18,33.0,41.3,73.3,5.7,837.0,1.43,0.0,Summer,No,Yes,Al Rawdah Branch,Fiction,Walk-In,Monday,6,17,1,Hot,0
2024-06-17,19,56.0,38.4,65.0,6.0,1780.0,0.0,0.0,Summer,No,Yes,Al Rawdah Branch,Children,Premium,Monday,6,17,1,Hot,0
2024-06-17,20,24.0,38.9,73.2,6.1,1949.0,0.0,0.0,Summer,No,Yes,Al Hamra Branch,Arabic Literature,Premium,Monday,6,17,0,Hot,0
2024-06-17,21,11.0,32.2,59.5,5.9,1360.0,0.0,0.0,Summer,No,Yes,Corniche Kiosk,Arabic Literature,Walk-In,Monday,6,17,0,Warm,0
2024-06-17,22,37.0,37.5,57.5,1.4,1029.0,0.0,0.0,Summer,No,Yes,Downtown Central,Arabic Literature,Premium,Monday,6,17,0,Hot,0
2024-06-18,8,28.0,33.1,60.5,4.0,922.0,0.53,0.0,Summer,No,Yes,Corniche Kiosk,Children,Student,Tuesday,6,18,0,Warm,0
2024-06-18,11,37.0,35.1,77.1,3.9,1651.0,1.96,0.0,Summer,No,Yes,Corniche Kiosk,History,Student,Tuesday,6,18,1,Hot,0
2024-06-18,12,49.0,37.7,46.7,2.7,1449.0,1.14,4.2,Summer,No,Yes,Downtown Central,Children,Premium,Tuesday,6,18,0,Hot,0
2024-06-18,17,43.0,33.4,60.0,0.7,1067.0,2.42,0.0,Summer,No,Yes,Corniche Kiosk,Science,Regular,Tuesday,6,18,1,Warm,0
2024-06-18,19,42.0,34.1,55.3,5.3,1556.0,0.0,0.0,Summer,No,Yes,Corniche Kiosk,Non-Fiction,Student,Tuesday,6,18,1,Warm,0
2024-06-18,21,32.0,32.8,66.8,5.6,1339.0,0.0,0.0,Summer,No,Yes,Al Rawdah Branch,Arabic Literature,Walk-In,Tuesday,6,18,0,Warm,0
2024-06-19,8,20.0,41.1,55.4,7.7,1594.0,2.24,0.0,Summer,No,Yes,Corniche Kiosk,Arabic Literature,Regular,Wednesday,6,19,0,Hot,0
2024-06-19,9,44.0,40.1,49.2,7.6,1870.0,3.03,0.0,Summer,No,Yes,Al Rawdah Branch,Arabic Literature,Regular,Wednesday,6,19,1,Hot,0
2024-06-19,11,46.0,43.3,64.3,3.3,1426.0,3.24,0.0,Summer,No,Yes,Downtown Central,History,Walk-In,Wednesday,6,19,1,Hot,0
2024-06-19,12,27.0,46.8,46.7,1.1,1251.0,2.88,0.0,Summer,No,Yes,Al Rawdah Branch,History,Walk-In,Wednesday,6,19,0,Hot,0
2024-06-19,13,49.0,46.1,42.1,0.8,1566.0,1.33,0.0,Nan,No,Yes,Downtown Central,Children,Student,Wednesday,6,19,0,Hot,0
2024-06-19,14,23.0,46.8,63.8,2.9,1751.0,2.48,0.0,Summer,No,Yes,Al Hamra Branch,Science,Walk-In,Wednesday,6,19,0,Hot,0
2024-06-19,15,22.0,46.6,72.8,4.1,948.0,0.43,0.0,Summer,No,Yes,Al Rawdah Branch,History,Walk-In,Wednesday,6,19,0,Hot,0
2024-06-19,17,34.0,42.4,60.4,2.0,971.0,2.59,0.0,Summer,No,Yes,Al Rawdah Branch,Science,Walk-In,Wednesday,6,19,1,Hot,0
2024-06-19,18,25.0,44.6,64.1,1.9,1588.0,0.11,0.0,Summer,No,Yes,Corniche Kiosk,Children,Walk-In,Wednesday,6,19,1,Hot,0
2024-06-20,10,36.0,40.4,61.3,5.2,1081.0,2.22,0.0,Summer,No,Yes,Al Hamra Branch,Children,Regular,Thursday,6,20,1,Hot,0
2024-06-20,11,35.0,41.6,68.2,0.8,1654.0,2.28,0.0,Summer,No,Yes,Al Rawdah Branch,Science,Walk-In,Thursday,6,20,1,Hot,0
2024-06-20,12,19.0,43.8,46.3,4.2,1716.0,1.35,0.0,Summer,No,Yes,Al Hamra Branch,Children,Walk-In,Thursday,6,20,0,Hot,0
2024-06-20,13,48.0,43.6,67.1,5.0,1937.0,2.84,0.0,Summer,No,Yes,Downtown Central,Business,Student,Thursday,6,20,0,Hot,0
2024-06-20,16,65.0,43.8,63.3,6.9,1933.0,1.29,0.0,Summer,No,Yes,Downtown Central,Business,Premium,Thursday,6,20,1,Hot,0
2024-06-20,17,43.0,40.5,48.8,1.1,1298.0,0.2,0.0,Summer,No,Yes,Al Hamra Branch,Arabic Literature,Student,Thursday,6,20,1,Hot,0
2024-06-20,18,51.0,40.0,56.8,2.3,1903.0,0.82,0.0,Summer,No,Yes,Al Rawdah Branch,History,Student,Thursday,6,20,1,Hot,0
2024-06-20,20,25.0,38.9,55.9,7.6,869.0,0.0,0.0,Summer,No,Yes,Al Hamra Branch,Children,Student,Thursday,6,20,0,Hot,0
2024-06-20,22,11.0,40.7,56.7,2.4,1469.0,0.0,0.0,Summer,No,Yes,Al Hamra Branch,Business,Regular,Thursday,6,20,0,Hot,0
2024-06-21,8,13.0,36.7,60.2,5.2,1161.0,2.34,0.0,Summer,Yes,Yes,Corniche Kiosk,Technology,Walk-In,Friday,6,21,0,Hot,1
2024-06-21,11,22.0,38.2,71.3,7.8,1351.0,0.92,0.0,Summer,Yes,Yes,Al Rawdah Branch,Business,Walk-In,Friday,6,21,1,Hot,1
2024-06-21,12,15.0,40.6,67.4,3.6,1191.0,3.2,0.0,Summer,Yes,Yes,Al Hamra Branch,Business,Premium,Friday,6,21,0,Hot,1
2024-06-21,13,3.0,41.8,59.0,1.6,1820.0,1.63,0.0,Summer,Yes,Yes,Corniche Kiosk,Non-Fiction,Regular,Friday,6,21,0,Hot,1
2024-06-21,14,8.0,40.7,43.6,7.5,1120.0,1.39,2.7,Summer,Yes,Yes,University Branch,Non-Fiction,Student,Friday,6,21,0,Hot,1
2024-06-21,15,14.0,42.2,47.0,4.0,1221.0,1.83,0.0,Summer,Yes,Yes,Downtown Central,Arabic Literature,Walk-In,Friday,6,21,0,Hot,1
2024-06-21,16,46.0,40.5,63.1,0.6,853.0,0.96,0.0,Summer,Yes,Yes,University Branch,History,Student,Friday,6,21,1,Hot,1
2024-06-21,19,48.0,39.7,45.2,2.4,1816.0,0.0,0.0,Summer,Yes,Yes,University Branch,History,Student,Friday,6,21,1,Hot,1
2024-06-21,21,15.0,37.7,58.2,3.5,1201.0,0.0,0.0,Summer,Yes,Yes,University Branch,History,Walk-In,Friday,6,21,0,Hot,1
2024-06-21,22,19.0,35.6,42.6,4.2,1591.0,0.0,0.0,Summer,Yes,Yes,Al Hamra Branch,Arabic Literature,Regular,Friday,6,21,0,Hot,1
2024-06-22,10,36.0,43.9,64.4,1.1,928.0,0.22,0.0,Summer,Yes,Yes,Downtown Central,Fiction,Student,Saturday,6,22,1,Hot,1
2024-06-22,11,36.0,42.4,50.1,2.6,808.0,1.73,0.0,Summer,Yes,Yes,Downtown Central,Children,Premium,Saturday,6,22,1,Hot,1
2024-06-22,12,8.0,44.9,69.9,5.5,819.0,3.35,0.0,Summer,Yes,Yes,Al Hamra Branch,Science,Regular,Saturday,6,22,0,Hot,1
2024-06-22,13,3.0,45.9,73.8,2.2,843.0,0.59,0.0,Summer,Yes,Yes,Al Hamra Branch,Arabic Literature,Walk-In,Saturday,6,22,0,Hot,1
2024-06-22,14,12.0,47.3,52.2,3.7,1936.0,1.22,0.0,Summer,Yes,Yes,Corniche Kiosk,Technology,Student,Saturday,6,22,0,Hot,1
2024-06-22,16,32.0,47.1,49.4,0.9,1451.0,2.29,0.0,Summer,Yes,Yes,Al Hamra Branch,Technology,Regular,Saturday,6,22,1,Hot,1
2024-06-22,19,37.0,42.7,43.5,0.6,1811.0,0.0,0.0,Nan,Yes,Yes,Downtown Central,Business,Premium,Saturday,6,22,1,Hot,1
2024-06-22,20,0.0,40.0,63.9,1.9,1128.0,0.0,0.0,Summer,Yes,Yes,Corniche Kiosk,Business,Regular,Saturday,6,22,0,Hot,1
2024-06-22,22,0.0,40.8,71.3,5.6,1053.0,0.0,0.0,Summer,Yes,Yes,University Branch,Fiction,Walk-In,Saturday,6,22,0,Hot,1
2024-06-23,8,40.0,39.8,52.0,6.1,1190.0,1.64,0.0,Summer,No,Yes,University Branch,History,Student,Sunday,6,23,0,Hot,0
2024-06-23,9,24.0,38.6,66.6,1.1,1959.0,0.68,0.0,Summer,No,Yes,Corniche Kiosk,Children,Premium,Sunday,6,23,1,Hot,0
2024-06-23,10,30.0,39.2,74.0,2.5,1371.0,2.56,0.0,Summer,No,Yes,Al Hamra Branch,Technology,Regular,Sunday,6,23,1,Hot,0
2024-06-23,11,64.0,39.9,42.8,7.3,1073.0,1.86,0.0,Summer,No,Yes,University Branch,Technology,Student,Sunday,6,23,1,Hot,0
2024-06-23,12,31.0,42.5,55.6,0.9,946.0,1.43,0.0,Summer,No,Yes,Downtown Central,Science,Walk-In,Sunday,6,23,0,Hot,0
2024-06-23,13,25.0,42.0,52.6,2.1,1096.0,0.86,0.0,Summer,No,Yes,Al Rawdah Branch,Science,Regular,Sunday,6,23,0,Hot,0
2024-06-23,14,21.0,42.9,58.3,6.4,1064.0,2.13,2.3,Summer,No,Yes,Al Rawdah Branch,Arabic Literature,Student,Sunday,6,23,0,Hot,0
2024-06-23,15,44.0,44.6,67.1,5.5,829.0,1.23,0.0,Nan,No,Yes,University Branch,Technology,Student,Sunday,6,23,0,Hot,0
2024-06-23,19,53.0,40.1,42.0,7.4,1104.0,0.0,0.0,Summer,No,Yes,Al Hamra Branch,Non-Fiction,Student,Sunday,6,23,1,Hot,0
2024-06-23,20,20.0,37.5,67.4,6.7,1594.0,0.0,0.0,Summer,No,Yes,Corniche Kiosk,Non-Fiction,Premium,Sunday,6,23,0,Hot,0
2024-06-23,22,11.0,38.3,48.5,7.7,1742.0,0.0,0.0,Summer,No,Yes,Corniche Kiosk,Children,Regular,Sunday,6,23,0,Hot,0
2024-06-24,8,39.0,33.9,37.2,5.2,1256.0,3.06,0.0,Summer,No,Yes,Al Hamra Branch,Non-Fiction,Walk-In,Monday,6,24,0,Warm,0
2024-06-24,9,68.0,33.3,61.2,0.9,1900.0,2.01,0.0,Summer,No,Yes,Downtown Central,Children,Walk-In,Monday,6,24,1,Warm,0
2024-06-24,10,64.0,34.1,68.6,5.4,1825.0,2.31,0.0,Summer,No,Yes,University Branch,History,Walk-In,Monday,6,24,1,Warm,0
2024-06-24,11,93.0,36.2,60.2,2.3,1248.0,2.76,0.0,Summer,No,Yes,University Branch,Business,Student,Monday,6,24,1,Hot,0
2024-06-24,13,21.0,37.3,69.5,3.6,945.0,3.03,0.0,Summer,No,Yes,Corniche Kiosk,Science,Walk-In,Monday,6,24,0,Hot,0
2024-06-24,16,69.0,37.0,67.8,2.8,1342.0,3.41,0.0,Summer,No,Yes,Al Rawdah Branch,Children,Student,Monday,6,24,1,Hot,0
2024-06-24,18,54.0,35.7,48.0,2.5,1425.0,0.69,0.0,Summer,No,Yes,Al Rawdah Branch,Children,Regular,Monday,6,24,1,Hot,0
2024-06-24,19,97.0,34.0,65.3,2.1,818.0,0.0,0.0,Summer,No,Yes,Downtown Central,Arabic Literature,Student,Monday,6,24,1,Warm,0
2024-06-24,20,28.0,31.8,37.3,3.7,839.0,0.0,0.0,Summer,No,Yes,Corniche Kiosk,Arabic Literature,Student,Monday,6,24,0,Warm,0
2024-06-24,22,52.0,33.9,51.1,2.5,1816.0,0.0,0.0,Summer,No,Yes,University Branch,History,Premium,Monday,6,24,0,Warm,0
2024-06-25,8,27.0,43.7,52.2,5.1,1156.0,0.42,0.0,Nan,No,Yes,Downtown Central,Fiction,Premium,Tuesday,6,25,0,Hot,0
2024-06-25,9,43.0,41.3,77.0,2.4,802.0,2.24,0.0,Summer,No,Yes,Al Rawdah Branch,Fiction,Student,Tuesday,6,25,1,Hot,0
2024-06-25,10,55.0,44.1,72.1,4.7,1197.0,2.36,0.0,Summer,No,Yes,Downtown Central,Fiction,Regular,Tuesday,6,25,1,Hot,0
2024-06-25,12,27.0,48.5,61.9,0.6,1024.0,0.48,0.0,Summer,No,Yes,Al Rawdah Branch,Children,Regular,Tuesday,6,25,0,Hot,0
2024-06-25,13,26.0,48.8,74.8,2.4,1928.0,1.5,0.0,Summer,No,Yes,Al Rawdah Branch,Children,Walk-In,Tuesday,6,25,0,Hot,0
2024-06-25,14,34.0,47.4,46.9,7.5,1418.0,0.99,0.0,Summer,No,Yes,University Branch,Fiction,Premium,Tuesday,6,25,0,Hot,0
2024-06-25,15,33.0,48.5,60.2,1.9,1828.0,3.2,0.0,Summer,No,Yes,Al Rawdah Branch,History,Nan,Tuesday,6,25,0,Hot,0
2024-06-25,17,37.0,45.3,63.1,2.6,1212.0,1.085,0.0,Summer,No,Yes,Al Hamra Branch,Non-Fiction,Regular,Tuesday,6,25,1,Hot,0
2024-06-25,18,63.0,43.8,64.2,4.5,1144.0,1.52,0.0,Summer,No,Yes,University Branch,Business,Student,Tuesday,6,25,1,Hot,0
2024-06-25,19,45.0,45.8,64.7,2.2,1771.0,0.0,0.0,Summer,No,Yes,University Branch,Technology,Walk-In,Tuesday,6,25,1,Hot,0
2024-06-25,20,17.0,41.9,72.7,0.7,1682.0,0.0,0.0,Summer,No,Yes,Al Rawdah Branch,Science,Regular,Tuesday,6,25,0,Hot,0
2024-06-26,8,15.0,41.9,65.2,2.2,1867.0,0.46,0.0,Summer,No,Yes,Al Rawdah Branch,Fiction,Walk-In,Wednesday,6,26,0,Hot,0
2024-06-26,13,37.0,47.7,70.2,6.0,1844.0,1.88,0.0,Summer,No,Yes,University Branch,Arabic Literature,Student,Wednesday,6,26,0,Hot,0
2024-06-26,15,30.0,45.5,67.4,7.2,964.0,1.49,0.0,Summer,No,Yes,University Branch,Children,Walk-In,Wednesday,6,26,0,Hot,0
2024-06-26,16,53.0,46.7,59.7,3.3,1910.0,1.18,0.0,Summer,No,Yes,University Branch,Non-Fiction,Regular,Wednesday,6,26,1,Hot,0
2024-06-26,17,35.0,42.2,54.7,2.3,1722.0,1.14,0.0,Summer,No,Yes,Al Rawdah Branch,Science,Walk-In,Wednesday,6,26,1,Hot,0
2024-06-26,18,68.0,42.2,49.6,2.8,1341.0,1.78,0.0,Summer,No,Yes,University Branch,Fiction,Student,Wednesday,6,26,1,Hot,0
2024-06-26,19,39.0,45.1,44.4,1.4,1360.0,0.0,0.0,Summer,No,Yes,Al Rawdah Branch,Business,Regular,Wednesday,6,26,1,Hot,0
2024-06-26,20,12.0,42.9,49.3,1.1,1111.0,0.0,0.0,Summer,No,Yes,Al Rawdah Branch,Fiction,Walk-In,Wednesday,6,26,0,Hot,0
2024-06-26,22,15.0,43.0,71.8,3.0,1846.0,0.0,0.0,Summer,No,Yes,Al Rawdah Branch,Fiction,Student,Wednesday,6,26,0,Hot,0
2024-06-27,8,9.0,41.8,43.9,4.1,1556.0,1.085,0.0,Summer,No,Yes,Corniche Kiosk,Children,Walk-In,Thursday,6,27,0,Hot,0
2024-06-27,9,45.0,41.0,64.4,2.4,1311.0,3.0,0.0,Summer,No,Yes,Al Rawdah Branch,Fiction,Student,Thursday,6,27,1,Hot,0
2024-06-27,10,56.0,45.1,44.3,2.0,1849.0,0.16,0.0,Summer,No,Yes,University Branch,Business,Student,Thursday,6,27,1,Hot,0
2024-06-27,11,62.0,45.2,46.6,1.5,1093.0,2.95,0.0,Summer,No,Yes,University Branch,Children,Premium,Thursday,6,27,1,Hot,0
2024-06-27,12,24.0,45.5,46.0,3.9,1888.0,0.75,0.0,Summer,No,Yes,Al Hamra Branch,History,Premium,Thursday,6,27,0,Hot,0
2024-06-27,15,31.0,46.7,55.8,2.6,1191.0,2.69,0.0,Summer,No,Yes,Al Hamra Branch,Technology,Student,Thursday,6,27,0,Hot,0
2024-06-27,16,67.0,46.9,49.1,5.2,1907.0,3.35,0.0,Summer,No,Yes,Downtown Central,History,Regular,Thursday,6,27,1,Hot,0
2024-06-27,17,71.0,43.2,50.5,1.3,1413.0,1.4,0.0,Summer,No,Yes,Downtown Central,Non-Fiction,Student,Thursday,6,27,1,Hot,0
2024-06-27,21,21.0,43.1,66.6,3.6,1754.0,0.0,0.0,Summer,No,Yes,Downtown Central,Science,Student,Thursday,6,27,0,Hot,0
2024-06-27,22,19.0,42.7,57.1,1.7,1772.0,0.0,0.0,Summer,No,Yes,University Branch,Arabic Literature,Student,Thursday,6,27,0,Hot,0
2024-06-28,8,36.0,33.0,44.1,7.3,1777.0,2.14,0.0,Summer,Yes,Yes,Al Rawdah Branch,Business,Premium,Friday,6,28,0,Warm,1
2024-06-28,10,55.0,32.7,57.9,7.3,1744.0,1.45,0.0,Summer,Yes,Yes,Downtown Central,Arabic Literature,Walk-In,Friday,6,28,1,Warm,1
2024-06-28,12,22.0,36.8,67.9,1.5,954.0,2.18,0.0,Summer,Yes,Yes,Al Rawdah Branch,Science,Premium,Friday,6,28,0,Hot,1
2024-06-28,13,41.0,36.0,72.0,0.5,1460.0,3.32,0.0,Nan,Yes,Yes,Downtown Central,Business,Regular,Friday,6,28,0,Hot,1
2024-06-28,14,18.0,36.9,43.9,4.0,867.0,2.4,0.0,Summer,Yes,Yes,Corniche Kiosk,Children,Premium,Friday,6,28,0,Hot,1
2024-06-28,16,22.0,38.5,35.9,1.8,961.0,0.19,0.0,Summer,Yes,Yes,Corniche Kiosk,Business,Premium,Friday,6,28,1,Hot,1
2024-06-28,17,21.0,35.5,58.4,7.3,1672.0,2.64,0.0,Summer,Yes,Yes,Corniche Kiosk,Arabic Literature,Regular,Friday,6,28,1,Hot,1
2024-06-28,20,34.0,32.6,73.2,4.3,1933.0,0.0,0.0,Summer,Yes,Yes,University Branch,Arabic Literature,Premium,Friday,6,28,0,Warm,1
2024-06-28,21,16.0,32.8,56.3,2.1,985.0,0.0,0.0,Summer,Yes,Yes,Corniche Kiosk,Technology,Student,Friday,6,28,0,Warm,1
2024-06-28,22,27.0,33.4,63.8,5.6,1727.0,0.0,0.0,Summer,Yes,Yes,Downtown Central,Children,Regular,Friday,6,28,0,Warm,1
2024-06-29,10,43.0,42.3,71.7,4.3,1393.0,2.95,0.0,Summer,No,Yes,Downtown Central,Fiction,Walk-In,Saturday,6,29,1,Hot,1
2024-06-29,11,44.0,40.9,67.2,6.5,1828.0,0.29,0.0,Summer,No,Yes,Downtown Central,History,Premium,Saturday,6,29,1,Hot,1
2024-06-29,13,15.0,45.9,48.1,1.0,1003.0,0.52,0.0,Summer,No,Yes,Corniche Kiosk,Business,Premium,Saturday,6,29,0,Hot,1
2024-06-29,14,29.0,44.1,55.2,3.0,1850.0,0.51,0.0,Summer,No,Yes,Downtown Central,Arabic Literature,Regular,Saturday,6,29,0,Hot,1
2024-06-29,18,36.0,41.8,59.6,2.7,1179.0,2.64,0.0,Summer,No,Yes,Al Hamra Branch,Arabic Literature,Regular,Saturday,6,29,1,Hot,1
2024-06-29,20,19.0,40.9,41.2,5.4,1006.0,0.0,0.0,Summer,No,Yes,University Branch,Non-Fiction,Premium,Saturday,6,29,0,Hot,1
2024-06-30,8,32.0,43.5,53.6,5.0,1587.0,0.19,0.0,Summer,No,Yes,University Branch,History,Student,Sunday,6,30,0,Hot,0
2024-06-30,9,30.0,42.8,68.9,7.6,1668.0,0.73,0.0,Summer,No,Yes,Corniche Kiosk,Arabic Literature,Student,Sunday,6,30,1,Hot,0
2024-06-30,12,41.0,48.1,65.4,5.2,1750.0,2.34,0.0,Summer,No,Yes,University Branch,Arabic Literature,Premium,Sunday,6,30,0,Hot,0
2024-06-30,13,31.0,48.2,74.2,3.7,1123.0,3.17,0.0,Summer,No,Yes,Al Hamra Branch,Children,Premium,Sunday,6,30,0,Hot,0
2024-06-30,14,31.0,49.2,51.2,5.5,1086.0,0.86,0.0,Summer,No,Yes,Al Hamra Branch,Science,Student,Sunday,6,30,0,Hot,0
2024-06-30,17,73.0,45.1,54.0,0.6,1638.0,2.35,0.0,Summer,No,Yes,Downtown Central,Technology,Student,Sunday,6,30,1,Hot,0
2024-06-30,19,45.0,46.2,57.1,6.0,1235.0,0.0,0.0,Summer,No,Yes,University Branch,Children,Walk-In,Sunday,6,30,1,Hot,0
2024-06-30,22,21.0,41.4,45.5,4.9,1970.0,0.0,0.0,Summer,No,Yes,Al Rawdah Branch,Children,Student,Sunday,6,30,0,Hot,0
2024-07-01,9,32.0,34.4,66.3,4.0,1149.0,2.96,0.0,Summer,No,Yes,Corniche Kiosk,Children,Walk-In,Monday,7,1,1,Warm,0
2024-07-01,10,45.0,34.2,73.0,7.5,846.0,1.26,0.0,Summer,No,Yes,Al Hamra Branch,History,Walk-In,Monday,7,1,1,Warm,0
2024-07-01,11,89.0,36.0,59.6,4.2,1025.0,3.26,0.0,Summer,No,Yes,University Branch,Business,Student,Monday,7,1,1,Hot,0
2024-07-01,13,37.0,38.3,77.6,7.2,999.0,0.86,0.0,Summer,No,Yes,Downtown Central,History,Walk-In,Monday,7,1,0,Hot,0
2024-07-01,14,31.0,39.0,67.7,3.4,1209.0,1.65,0.0,Summer,No,Yes,Al Hamra Branch,Arabic Literature,Student,Monday,7,1,0,Hot,0
2024-07-01,15,30.0,37.8,79.9,5.5,1590.0,2.67,0.0,Summer,No,Yes,Al Rawdah Branch,Non-Fiction,Walk-In,Monday,7,1,0,Hot,0
2024-07-01,16,69.0,37.0,89.9,6.2,1140.0,0.63,0.0,Summer,No,Yes,Downtown Central,Fiction,Regular,Monday,7,1,1,Hot,0
2024-07-01,19,45.0,36.0,74.9,6.1,999.0,0.0,0.0,Summer,No,Yes,Al Rawdah Branch,Non-Fiction,Walk-In,Monday,7,1,1,Hot,0
2024-07-01,20,30.0,34.0,58.3,2.3,1646.0,0.0,0.0,Summer,No,Yes,Al Hamra Branch,Fiction,Walk-In,Monday,7,1,0,Warm,0
2024-07-01,21,50.0,32.7,86.7,4.5,1199.0,0.0,0.0,Summer,No,Yes,Downtown Central,Technology,Premium,Monday,7,1,0,Warm,0
2024-07-01,22,38.0,33.8,78.0,3.0,1214.0,0.0,0.0,Summer,No,Yes,Al Hamra Branch,Technology,Premium,Monday,7,1,0,Warm,0
2024-07-02,9,29.0,40.3,51.4,3.3,1237.0,2.73,0.0,Summer,Yes,Yes,Al Hamra Branch,Fiction,Regular,Tuesday,7,2,1,Hot,0
2024-07-02,10,31.0,44.3,69.1,2.9,1068.0,1.89,0.0,Summer,Yes,Yes,Al Hamra Branch,Arabic Literature,Student,Tuesday,7,2,1,Hot,0
2024-07-02,13,3.0,46.6,82.1,2.3,1698.0,1.98,0.8,Summer,Yes,Yes,Al Hamra Branch,Technology,Walk-In,Tuesday,7,2,0,Hot,0
2024-07-02,15,14.0,45.7,76.3,1.6,1373.0,0.42,0.0,Summer,Yes,Yes,University Branch,Business,Regular,Tuesday,7,2,0,Hot,0
2024-07-02,16,25.0,47.0,60.2,3.1,1897.0,3.27,0.0,Nan,Yes,Yes,Al Hamra Branch,History,Walk-In,Tuesday,7,2,1,Hot,0
2024-07-02,19,30.0,44.3,83.4,4.5,1697.0,0.0,0.0,Summer,Yes,Yes,University Branch,Non-Fiction,Walk-In,Tuesday,7,2,1,Hot,0
2024-07-02,20,14.0,32.2,60.2,7.7,1051.0,0.0,0.0,Summer,Yes,Yes,University Branch,Non-Fiction,Regular,Tuesday,7,2,0,Warm,0
2024-07-02,22,0.0,40.3,72.1,5.1,982.0,0.0,3.8,Summer,Yes,Yes,Al Hamra Branch,History,Walk-In,Tuesday,7,2,0,Hot,0
2024-07-03,8,58.0,35.0,70.8,3.7,1741.0,0.57,0.0,Summer,No,Yes,University Branch,Business,Student,Wednesday,7,3,0,Warm,0
2024-07-03,10,33.0,38.0,58.7,5.5,1701.0,2.49,0.0,Summer,No,Yes,Corniche Kiosk,Business,Premium,Wednesday,7,3,1,Hot,0
2024-07-03,13,45.0,41.8,86.4,7.8,1211.0,3.14,0.0,Summer,No,Yes,University Branch,Science,Student,Wednesday,7,3,0,Hot,0
2024-07-03,14,23.0,40.9,88.2,3.6,1555.0,0.3,0.0,Summer,No,Yes,Al Rawdah Branch,Non-Fiction,Premium,Wednesday,7,3,0,Hot,0
2024-07-03,15,27.0,39.2,69.6,6.7,1428.0,1.31,0.0,Summer,No,Yes,Al Hamra Branch,Technology,Walk-In,Wednesday,7,3,0,Hot,0
2024-07-03,19,73.0,36.2,66.2,4.7,1834.0,0.0,0.0,Summer,No,Yes,University Branch,Science,Regular,Wednesday,7,3,1,Hot,0
2024-07-03,20,52.0,36.2,90.4,7.4,1161.0,0.0,0.0,Summer,No,Yes,Downtown Central,Arabic Literature,Student,Wednesday,7,3,0,Hot,0
2024-07-03,22,40.0,35.5,86.5,2.3,1635.0,0.0,0.0,Summer,No,Yes,Downtown Central,History,Premium,Wednesday,7,3,0,Hot,0
2024-07-04,8,16.0,43.6,59.8,4.0,1123.0,1.28,0.0,Summer,No,Yes,Corniche Kiosk,Science,Student,Thursday,7,4,0,Hot,0
2024-07-04,10,26.0,43.4,72.1,5.0,1106.0,2.52,0.0,Summer,No,Yes,Corniche Kiosk,Children,Premium,Thursday,7,4,1,Hot,0
2024-07-04,11,64.0,46.3,69.3,3.9,1533.0,3.01,0.0,Summer,No,Yes,Downtown Central,Arabic Literature,Student,Thursday,7,4,1,Hot,0
2024-07-04,12,39.0,47.1,85.3,4.2,1464.0,0.51,0.0,Summer,No,Yes,Downtown Central,History,Student,Thursday,7,4,0,Hot,0
2024-07-04,15,14.0,49.2,82.5,6.4,866.0,0.81,0.0,Summer,No,Yes,Corniche Kiosk,Arabic Literature,Regular,Thursday,7,4,0,Hot,0
2024-07-04,16,37.0,46.5,72.0,5.7,954.0,0.21,0.0,Summer,No,Yes,Al Hamra Branch,Business,Premium,Thursday,7,4,1,Hot,0
2024-07-04,17,33.0,46.0,54.0,5.6,1268.0,0.99,0.0,Summer,No,Yes,Corniche Kiosk,Children,Student,Thursday,7,4,1,Hot,0
2024-07-06,8,24.0,39.8,81.2,3.3,991.0,2.67,0.0,Summer,No,Yes,Downtown Central,History,Walk-In,Saturday,7,6,0,Hot,1
2024-07-06,9,18.0,40.0,70.2,7.0,1395.0,2.51,0.0,Summer,No,Yes,Corniche Kiosk,History,Walk-In,Saturday,7,6,1,Hot,1
2024-07-06,10,20.0,41.1,63.0,3.9,1476.0,0.69,0.0,Summer,No,Yes,Al Hamra Branch,Non-Fiction,Walk-In,Saturday,7,6,1,Hot,1
2024-07-06,11,37.0,32.2,66.3,5.4,1630.0,0.18,0.0,Summer,No,Yes,Downtown Central,Children,Walk-In,Saturday,7,6,1,Warm,1
2024-07-06,12,32.0,43.0,67.5,3.4,1969.0,1.29,0.0,Summer,No,Yes,University Branch,Arabic Literature,Regular,Saturday,7,6,0,Hot,1
2024-07-06,14,25.0,43.1,65.6,3.8,1187.0,2.64,0.0,Summer,No,Yes,Al Hamra Branch,History,Premium,Saturday,7,6,0,Hot,1
2024-07-06,15,18.0,43.1,58.3,6.6,1169.0,2.96,0.0,Summer,No,Yes,Al Rawdah Branch,Fiction,Regular,Saturday,7,6,0,Hot,1
2024-07-06,16,36.0,42.8,57.2,6.8,1401.0,2.38,1.7,Summer,No,Yes,Al Rawdah Branch,Non-Fiction,Student,Saturday,7,6,1,Hot,1
2024-07-06,19,48.0,40.4,53.9,2.7,1667.0,0.0,0.0,Summer,No,Yes,Al Rawdah Branch,History,Nan,Saturday,7,6,1,Hot,1
2024-07-06,21,26.0,39.0,60.2,1.5,1700.0,0.0,0.0,Summer,No,Yes,University Branch,Fiction,Premium,Saturday,7,6,0,Hot,1
2024-07-06,22,13.0,39.9,73.9,7.7,1297.0,0.0,0.0,Summer,No,Yes,University Branch,Children,Regular,Saturday,7,6,0,Hot,1
2024-07-07,8,69.0,33.3,68.3,0.6,1347.0,2.17,0.0,Summer,No,Yes,Downtown Central,History,Premium,Sunday,7,7,0,Warm,0
2024-07-07,9,65.0,33.5,61.9,6.7,1384.0,3.26,0.0,Summer,No,Yes,Al Hamra Branch,Fiction,Premium,Sunday,7,7,1,Warm,0
2024-07-07,10,27.0,37.2,88.7,3.6,1901.0,1.67,0.0,Summer,No,Yes,Corniche Kiosk,History,Premium,Sunday,7,7,1,Hot,0
2024-07-07,11,62.0,35.3,87.8,1.4,1399.0,1.36,0.0,Summer,No,Yes,Downtown Central,Science,Walk-In,Sunday,7,7,1,Hot,0
2024-07-07,12,44.0,37.4,77.1,6.9,873.0,0.17,0.0,Summer,No,Yes,Al Hamra Branch,Non-Fiction,Student,Sunday,7,7,0,Hot,0
2024-07-07,13,27.0,40.1,79.6,1.6,1075.0,2.57,0.0,Summer,No,Yes,Corniche Kiosk,Arabic Literature,Student,Sunday,7,7,0,Hot,0
2024-07-07,14,33.0,37.8,84.3,1.5,950.0,2.51,0.0,Nan,No,Yes,Al Rawdah Branch,Business,Nan,Sunday,7,7,0,Hot,0
2024-07-07,17,48.0,34.5,83.5,3.2,1039.0,2.76,0.0,Summer,No,Yes,Al Hamra Branch,Technology,Regular,Sunday,7,7,1,Warm,0
2024-07-07,18,45.0,36.5,88.5,1.4,1927.0,1.74,0.0,Summer,No,Yes,Al Rawdah Branch,History,Walk-In,Sunday,7,7,1,Hot,0
2024-07-07,19,64.0,35.5,55.7,5.9,1046.0,0.0,0.0,Summer,No,Yes,Al Rawdah Branch,Technology,Premium,Sunday,7,7,1,Hot,0
2024-07-07,20,32.0,32.7,54.9,6.7,846.0,0.0,0.0,Summer,No,Yes,Al Rawdah Branch,Fiction,Walk-In,Sunday,7,7,0,Warm,0
2024-07-07,22,19.0,32.4,79.7,5.6,1510.0,0.0,0.0,Summer,No,Yes,Corniche Kiosk,Technology,Premium,Sunday,7,7,0,Warm,0
2024-07-08,8,22.0,40.4,72.0,7.1,1277.0,1.17,0.0,Summer,No,Yes,Al Hamra Branch,Arabic Literature,Premium,Monday,7,8,0,Hot,0
2024-07-08,11,27.0,42.1,73.9,7.8,1742.0,0.77,0.0,Summer,No,Yes,Al Rawdah Branch,Technology,Walk-In,Monday,7,8,1,Hot,0
2024-07-08,12,30.0,45.8,60.2,4.8,1682.0,3.34,0.0,Summer,No,Yes,University Branch,History,Walk-In,Monday,7,8,0,Hot,0
2024-07-08,13,40.0,46.3,87.5,3.7,1465.0,2.92,0.0,Summer,No,Yes,Downtown Central,Children,Regular,Monday,7,8,0,Hot,0
2024-07-08,15,24.0,46.8,76.9,0.6,1250.0,2.96,1.3,Summer,No,Yes,University Branch,Children,Walk-In,Monday,7,8,0,Hot,0
2024-07-08,17,49.0,44.3,59.2,0.6,934.0,2.84,0.0,Summer,No,Yes,Al Hamra Branch,Business,Premium,Monday,7,8,1,Hot,0
2024-07-08,18,39.0,41.7,80.9,3.6,1440.0,2.27,0.0,Summer,No,Yes,Al Rawdah Branch,Business,Regular,Monday,7,8,1,Hot,0
2024-07-08,20,22.0,42.0,72.0,2.9,1956.0,0.0,0.0,Summer,No,Yes,Al Hamra Branch,Non-Fiction,Student,Monday,7,8,0,Hot,0
2024-07-08,21,8.0,40.6,74.0,7.3,1557.0,0.0,3.9,Summer,No,Yes,Downtown Central,Fiction,Regular,Monday,7,8,0,Hot,0
2024-07-09,8,36.0,42.0,83.8,6.2,1601.0,3.44,0.0,Summer,No,Yes,Downtown Central,Children,Premium,Tuesday,7,9,0,Hot,0
2024-07-09,10,25.0,45.5,73.4,7.0,1886.0,1.11,0.0,Summer,Yes,Yes,Al Hamra Branch,Children,Walk-In,Tuesday,7,9,1,Hot,0
2024-07-09,11,51.0,43.7,89.5,7.3,1061.0,2.12,0.0,Summer,No,Yes,Downtown Central,Technology,Regular,Tuesday,7,9,1,Hot,0
2024-07-09,16,45.0,46.3,59.5,7.3,1654.0,2.68,0.0,Summer,No,Yes,Al Rawdah Branch,Science,Regular,Tuesday,7,9,1,Hot,0
2024-07-09,17,29.0,44.1,90.2,2.1,1578.0,0.05,0.0,Summer,No,Yes,Al Hamra Branch,Non-Fiction,Regular,Tuesday,7,9,1,Hot,0
2024-07-09,21,17.0,41.5,65.4,7.6,1070.0,0.0,0.0,Summer,No,Yes,University Branch,Non-Fiction,Regular,Tuesday,7,9,0,Hot,0
2024-07-10,8,30.0,42.2,71.5,5.4,1038.0,1.48,0.0,Summer,No,Yes,Downtown Central,Technology,Regular,Wednesday,7,10,0,Hot,0
2024-07-10,9,29.0,43.3,69.4,1.5,1552.0,1.03,0.0,Summer,No,Yes,Corniche Kiosk,Arabic Literature,Premium,Wednesday,7,10,1,Hot,0
2024-07-10,10,35.0,43.0,74.1,7.7,1958.0,2.38,0.0,Summer,No,Yes,Al Rawdah Branch,Arabic Literature,Regular,Wednesday,7,10,1,Hot,0
2024-07-10,11,32.0,44.6,82.2,7.1,1132.0,2.54,0.0,Summer,No,Yes,Al Rawdah Branch,Fiction,Walk-In,Wednesday,7,10,1,Hot,0
2024-07-10,12,19.0,46.2,69.3,6.8,1214.0,1.05,0.0,Summer,No,Yes,Corniche Kiosk,Arabic Literature,Premium,Wednesday,7,10,0,Hot,0
2024-07-10,13,31.0,47.1,73.7,4.3,1838.0,0.8,0.0,Summer,No,Yes,Al Hamra Branch,Science,Premium,Wednesday,7,10,0,Hot,0
2024-07-10,14,33.0,48.6,59.9,5.6,1976.0,1.72,0.0,Summer,No,Yes,Downtown Central,Fiction,Walk-In,Wednesday,7,10,0,Hot,0
2024-07-10,15,27.0,48.1,87.4,3.7,1851.0,3.26,0.0,Summer,No,Yes,Al Rawdah Branch,Business,Walk-In,Wednesday,7,10,0,Hot,0
2024-07-10,16,47.0,47.5,85.2,3.1,1143.0,1.41,0.0,Summer,No,Yes,Al Rawdah Branch,Non-Fiction,Regular,Wednesday,7,10,1,Hot,0
2024-07-10,21,16.0,43.6,54.5,2.4,1329.0,0.0,0.0,Summer,No,Yes,Downtown Central,Non-Fiction,Walk-In,Wednesday,7,10,0,Hot,0
2024-07-10,22,9.0,42.1,79.8,3.0,1625.0,0.0,0.0,Summer,No,Yes,Al Rawdah Branch,Children,Walk-In,Wednesday,7,10,0,Hot,0
2024-07-11,10,33.0,40.7,83.2,4.4,1164.0,2.55,3.9,Summer,No,Yes,Al Hamra Branch,Children,Student,Thursday,7,11,1,Hot,0
2024-07-11,11,38.0,40.7,71.3,4.0,1134.0,1.14,0.0,Summer,No,Yes,University Branch,Non-Fiction,Walk-In,Thursday,7,11,1,Hot,0
2024-07-11,15,23.0,43.7,77.0,7.6,1450.0,0.26,0.0,Summer,No,Yes,Al Hamra Branch,Business,Regular,Thursday,7,11,0,Hot,0
2024-07-11,19,45.0,41.9,56.5,0.6,1805.0,0.0,0.0,Summer,No,Yes,University Branch,Children,Walk-In,Thursday,7,11,1,Hot,0
2024-07-11,20,20.0,40.0,71.5,0.6,1926.0,0.0,0.0,Summer,No,Yes,Al Rawdah Branch,Non-Fiction,Walk-In,Thursday,7,11,0,Hot,0
2024-07-11,21,12.0,40.5,61.5,5.0,1827.0,0.0,0.0,Nan,No,Yes,Al Hamra Branch,Non-Fiction,Regular,Thursday,7,11,0,Hot,0
2024-07-11,22,11.0,40.6,83.3,4.0,1175.0,0.0,0.0,Summer,No,Yes,Al Hamra Branch,Children,Premium,Thursday,7,11,0,Hot,0
2024-07-12,8,23.0,34.2,66.1,6.8,1928.0,0.7,0.0,Summer,Yes,Yes,Al Rawdah Branch,Technology,Student,Friday,7,12,0,Warm,1
2024-07-12,9,42.0,32.9,50.5,5.7,1155.0,3.16,0.0,Summer,Yes,Yes,Al Rawdah Branch,Fiction,Walk-In,Friday,7,12,1,Warm,1
2024-07-12,10,47.0,36.4,81.8,1.5,1725.0,1.75,0.0,Summer,Yes,Yes,University Branch,Science,Premium,Friday,7,12,1,Hot,1
2024-07-12,11,53.0,37.2,80.1,2.9,975.0,0.05,0.0,Summer,Yes,Yes,Downtown Central,Science,Student,Friday,7,12,1,Hot,1
2024-07-12,13,19.0,39.8,78.1,5.7,1416.0,2.3,0.0,Summer,Yes,Yes,Downtown Central,Fiction,Regular,Friday,7,12,0,Hot,1
2024-07-12,16,26.0,38.5,86.4,3.7,1197.0,2.5,0.0,Summer,Yes,Yes,Corniche Kiosk,Non-Fiction,Premium,Friday,7,12,1,Hot,1
2024-07-12,18,43.0,35.1,76.4,6.8,1030.0,0.21,0.0,Summer,Yes,Yes,Al Rawdah Branch,Business,Regular,Friday,7,12,1,Hot,1
2024-07-12,21,20.0,35.0,66.0,5.5,845.0,0.0,0.0,Summer,Yes,Yes,Downtown Central,Science,Walk-In,Friday,7,12,0,Warm,1
2024-07-13,8,64.0,33.9,57.9,3.4,1147.0,2.79,0.0,Summer,No,Yes,Downtown Central,Arabic Literature,Premium,Saturday,7,13,0,Warm,1
2024-07-13,11,50.0,35.2,80.9,7.2,1843.0,1.085,0.0,Summer,No,Yes,Al Rawdah Branch,Business,Premium,Saturday,7,13,1,Hot,1
2024-07-13,16,24.0,40.2,82.8,7.1,819.0,0.62,0.0,Summer,No,Yes,Corniche Kiosk,Fiction,Regular,Saturday,7,13,1,Hot,1
2024-07-13,18,27.0,37.9,54.3,4.6,1894.0,2.0,1.9,Summer,No,Yes,Corniche Kiosk,Technology,Student,Saturday,7,13,1,Hot,1
2024-07-13,20,26.0,35.1,67.4,4.7,1894.0,0.0,0.0,Summer,No,Yes,Al Rawdah Branch,Children,Walk-In,Saturday,7,13,0,Hot,1
2024-07-13,21,49.0,34.5,64.7,1.1,1022.0,0.0,0.0,Summer,No,Yes,Downtown Central,Technology,Student,Saturday,7,13,0,Warm,1
2024-07-13,22,32.0,34.4,77.4,1.5,1611.0,0.0,0.0,Summer,No,Yes,University Branch,Arabic Literature,Regular,Saturday,7,13,0,Warm,1
2024-07-14,9,41.0,39.3,54.5,4.1,1462.0,2.41,0.0,Summer,No,Yes,Al Hamra Branch,Fiction,Walk-In,Sunday,7,14,1,Hot,0
2024-07-14,11,61.0,38.6,83.9,3.4,1243.0,2.19,0.0,Summer,No,Yes,University Branch,Science,Premium,Sunday,7,14,1,Hot,0
2024-07-14,12,32.0,42.1,86.5,3.0,1612.0,3.32,0.0,Summer,No,Yes,Downtown Central,Technology,Walk-In,Sunday,7,14,0,Hot,0
2024-07-14,14,32.0,43.9,81.8,5.7,871.0,3.01,0.0,Summer,No,Yes,Al Hamra Branch,Science,Student,Sunday,7,14,0,Hot,0
2024-07-14,15,15.0,44.3,91.4,6.8,1307.0,1.39,0.0,Summer,No,Yes,Corniche Kiosk,Fiction,Premium,Sunday,7,14,0,Hot,0
2024-07-14,20,43.0,37.5,60.8,1.0,1904.0,0.0,0.0,Summer,No,Yes,University Branch,Business,Regular,Sunday,7,14,0,Hot,0
2024-07-14,21,33.0,38.0,76.5,0.8,1219.0,0.0,0.0,Summer,No,Yes,Downtown Central,Technology,Regular,Sunday,7,14,0,Hot,0
2024-07-15,8,45.0,37.9,82.6,6.1,1875.0,2.49,0.0,Summer,No,Yes,Downtown Central,Science,Regular,Monday,7,15,0,Hot,0
2024-07-15,10,48.0,41.1,86.1,5.6,1081.0,1.0,0.0,Summer,No,Yes,Downtown Central,Arabic Literature,Regular,Monday,7,15,1,Hot,0
2024-07-15,11,55.0,38.6,57.2,3.5,937.0,3.28,0.0,Summer,No,Yes,Al Rawdah Branch,Business,Premium,Monday,7,15,1,Hot,0
2024-07-15,14,29.0,41.7,65.0,7.4,815.0,2.66,0.0,Summer,No,Yes,Al Rawdah Branch,Arabic Literature,Walk-In,Monday,7,15,0,Hot,0
2024-07-15,15,43.0,43.7,86.5,1.3,1654.0,3.14,0.0,Summer,No,Yes,Downtown Central,Fiction,Student,Monday,7,15,0,Hot,0
2024-07-15,20,24.0,36.7,61.0,5.1,1632.0,0.0,0.0,Summer,No,Yes,Corniche Kiosk,Fiction,Student,Monday,7,15,0,Hot,0
2024-07-16,8,23.0,40.8,86.2,7.5,1403.0,2.61,0.0,Summer,No,Yes,Al Rawdah Branch,Business,Regular,Tuesday,7,16,0,Hot,0
2024-07-16,10,25.0,41.4,72.5,4.7,1755.0,1.54,0.0,Summer,No,Yes,Corniche Kiosk,Arabic Literature,Regular,Tuesday,7,16,1,Hot,0
2024-07-16,11,24.0,42.2,57.2,1.3,1523.0,2.75,0.0,Summer,No,Yes,Corniche Kiosk,Science,Walk-In,Tuesday,7,16,1,Hot,0
2024-07-16,12,5.0,44.8,63.9,2.4,1536.0,0.58,0.0,Summer,No,Yes,Corniche Kiosk,Fiction,Walk-In,Tuesday,7,16,0,Hot,0
2024-07-16,17,25.0,43.1,54.7,4.3,1672.0,2.51,0.0,Summer,No,Yes,Corniche Kiosk,History,Premium,Tuesday,7,16,1,Hot,0
2024-07-16,19,27.0,41.0,81.1,0.5,1800.0,0.0,0.0,Summer,No,Yes,Corniche Kiosk,Fiction,Regular,Tuesday,7,16,1,Hot,0
2024-07-16,20,10.0,39.3,83.2,4.6,1015.0,0.0,0.0,Summer,No,Yes,Corniche Kiosk,Arabic Literature,Walk-In,Tuesday,7,16,0,Hot,0
2024-07-16,21,19.0,40.2,67.9,5.2,947.0,0.0,0.0,Summer,No,Yes,Al Rawdah Branch,Business,Student,Tuesday,7,16,0,Hot,0
2024-07-16,22,19.0,41.8,60.1,1.8,1052.0,0.0,0.0,Summer,No,Yes,University Branch,Fiction,Regular,Tuesday,7,16,0,Hot,0
2024-07-17,8,45.0,33.3,84.5,4.1,993.0,0.41,0.0,Summer,No,Yes,Al Hamra Branch,Business,Nan,Wednesday,7,17,0,Warm,0
2024-07-17,10,30.0,35.5,53.0,2.0,1182.0,1.67,0.0,Summer,No,Yes,Corniche Kiosk,History,Walk-In,Wednesday,7,17,1,Hot,0
2024-07-17,11,73.0,33.2,77.4,3.7,1275.0,2.74,0.0,Summer,No,Yes,Al Rawdah Branch,Science,Student,Wednesday,7,17,1,Warm,0
2024-07-17,13,29.0,37.8,73.6,1.5,802.0,1.95,0.0,Summer,No,Yes,Corniche Kiosk,Technology,Student,Wednesday,7,17,0,Hot,0
2024-07-17,16,68.0,38.3,62.7,5.6,1866.0,2.8,0.0,Summer,No,Yes,University Branch,Non-Fiction,Regular,Wednesday,7,17,1,Hot,0
2024-07-17,17,79.0,33.2,79.4,1.2,1557.0,2.75,0.0,Summer,No,Yes,Al Rawdah Branch,Children,Student,Wednesday,7,17,1,Warm,0
2024-07-18,8,8.0,40.4,60.4,1.5,1923.0,0.3,0.0,Summer,No,Yes,Corniche Kiosk,Technology,Walk-In,Thursday,7,18,0,Hot,0
2024-07-18,9,28.0,40.3,66.7,1.2,1127.0,0.43,0.0,Summer,No,Yes,Al Rawdah Branch,Business,Walk-In,Thursday,7,18,1,Hot,0
2024-07-18,10,35.0,43.9,77.3,5.9,987.0,2.14,0.0,Summer,No,Yes,Al Hamra Branch,Science,Regular,Thursday,7,18,1,Hot,0
2024-07-18,11,61.0,44.1,63.7,6.8,1893.0,1.18,0.0,Summer,No,Yes,Downtown Central,Technology,Student,Thursday,7,18,1,Hot,0
2024-07-18,12,32.0,46.0,72.2,2.8,882.0,2.68,0.0,Summer,No,Yes,Al Rawdah Branch,Children,Premium,Thursday,7,18,0,Hot,0
2024-07-18,14,26.0,47.0,57.7,3.9,1439.0,1.3,0.0,Summer,No,Yes,Al Rawdah Branch,Children,Regular,Thursday,7,18,0,Hot,0
2024-07-18,15,25.0,32.2,82.5,2.3,1393.0,2.1,0.0,Summer,No,Yes,Al Rawdah Branch,Arabic Literature,Regular,Thursday,7,18,0,Warm,0
2024-07-18,16,63.0,45.4,57.3,6.0,862.0,3.42,0.0,Summer,No,Yes,University Branch,Arabic Literature,Student,Thursday,7,18,1,Hot,0
2024-07-18,21,9.0,41.8,76.9,1.6,1984.0,0.0,0.0,Summer,No,Yes,Corniche Kiosk,Non-Fiction,Student,Thursday,7,18,0,Hot,0
2024-07-18,22,11.0,32.2,63.1,1.0,1664.0,0.0,0.0,Summer,No,Yes,Al Hamra Branch,Fiction,Walk-In,Thursday,7,18,0,Warm,0
2024-07-19,9,12.0,32.2,88.0,5.8,1312.0,0.13,0.0,Summer,Yes,Yes,Corniche Kiosk,Science,Student,Friday,7,19,1,Warm,1
2024-07-19,10,26.0,43.2,85.1,2.5,1795.0,2.76,0.0,Summer,Yes,Yes,University Branch,Business,Nan,Friday,7,19,1,Hot,1
2024-07-19,14,16.0,47.0,71.1,6.6,1754.0,2.39,0.0,Nan,Yes,Yes,Al Rawdah Branch,History,Premium,Friday,7,19,0,Hot,1
2024-07-19,15,1.0,45.7,78.3,6.8,996.0,0.07,0.0,Summer,Yes,Yes,Corniche Kiosk,History,Walk-In,Friday,7,19,0,Hot,1
2024-07-19,16,23.0,47.1,81.7,3.9,1413.0,1.22,0.0,Summer,Yes,Yes,Al Hamra Branch,Arabic Literature,Student,Friday,7,19,1,Hot,1
2024-07-19,19,17.0,42.1,70.3,5.1,1915.0,0.0,0.0,Summer,Yes,Yes,Al Rawdah Branch,Technology,Walk-In,Friday,7,19,1,Hot,1
2024-07-19,21,6.0,40.4,62.3,6.5,1621.0,0.0,0.0,Summer,Yes,Yes,University Branch,Arabic Literature,Walk-In,Friday,7,19,0,Hot,1
2024-07-20,9,49.0,37.8,79.7,6.0,1851.0,3.04,0.0,Summer,No,Yes,Al Rawdah Branch,Science,Regular,Saturday,7,20,1,Hot,1
2024-07-20,10,19.0,38.3,68.1,7.3,1098.0,0.0,0.0,Summer,No,Yes,Corniche Kiosk,Science,Walk-In,Saturday,7,20,1,Hot,1
2024-07-20,14,23.0,42.4,73.3,3.5,1483.0,1.8,0.0,Summer,No,Yes,Al Hamra Branch,Fiction,Student,Saturday,7,20,0,Hot,1
2024-07-20,15,35.0,41.1,81.9,6.0,1628.0,2.52,0.0,Summer,No,Yes,University Branch,History,Student,Saturday,7,20,0,Hot,1
2024-07-20,16,31.0,42.6,60.3,2.3,1072.0,1.72,0.0,Summer,No,Yes,Al Hamra Branch,History,Walk-In,Saturday,7,20,1,Hot,1
2024-07-20,18,59.0,37.9,82.3,1.0,1108.0,0.37,0.0,Summer,No,Yes,University Branch,Technology,Premium,Saturday,7,20,1,Hot,1
2024-07-20,22,9.0,37.6,54.8,4.6,1885.0,0.0,0.0,Summer,No,Yes,Corniche Kiosk,Non-Fiction,Walk-In,Saturday,7,20,0,Hot,1
2024-07-21,10,41.0,42.5,87.1,6.5,1353.0,0.73,0.0,Summer,No,Yes,Downtown Central,History,Regular,Sunday,7,21,1,Hot,0
2024-07-21,11,51.0,42.3,56.5,7.5,1962.0,2.4,0.0,Summer,No,Yes,University Branch,Business,Premium,Sunday,7,21,1,Hot,0
2024-07-21,13,42.0,43.6,83.4,2.1,1188.0,1.85,0.0,Summer,No,Yes,University Branch,Fiction,Student,Sunday,7,21,0,Hot,0
2024-07-21,14,27.0,45.3,59.5,6.5,988.0,0.68,0.0,Summer,No,Yes,Al Hamra Branch,Arabic Literature,Walk-In,Sunday,7,21,0,Hot,0
2024-07-21,15,45.0,45.4,66.3,3.1,1803.0,1.78,0.0,Summer,No,Yes,Downtown Central,Science,Student,Sunday,7,21,0,Hot,0
2024-07-21,16,46.0,44.1,69.3,3.9,1400.0,2.11,0.0,Summer,No,Yes,University Branch,Technology,Walk-In,Sunday,7,21,1,Hot,0
2024-07-21,18,35.0,40.7,68.9,3.7,1167.0,1.42,0.0,Summer,No,Yes,Al Rawdah Branch,Technology,Walk-In,Sunday,7,21,1,Hot,0
2024-07-21,19,28.0,40.2,55.6,1.7,1892.0,0.0,0.0,Summer,No,Yes,Corniche Kiosk,Fiction,Premium,Sunday,7,21,1,Hot,0
2024-07-21,20,23.0,40.4,77.5,4.3,1068.0,0.0,0.0,Summer,No,Yes,Al Rawdah Branch,Technology,Regular,Sunday,7,21,0,Hot,0
2024-07-21,21,31.0,39.0,61.3,6.8,1606.0,0.0,0.0,Summer,No,Yes,Downtown Central,Science,Student,Sunday,7,21,0,Hot,0
2024-07-22,8,22.0,40.7,69.1,1.7,1802.0,2.52,0.0,Summer,No,Yes,Al Hamra Branch,Arabic Literature,Student,Monday,7,22,0,Hot,0
2024-07-22,9,46.0,43.1,63.6,4.9,1496.0,0.68,0.0,Summer,No,Yes,Al Rawdah Branch,Children,Premium,Monday,7,22,1,Hot,0
2024-07-22,10,50.0,43.1,62.6,3.5,1344.0,2.59,0.0,Summer,No,Yes,Downtown Central,Science,Walk-In,Monday,7,22,1,Hot,0
2024-07-22,13,21.0,46.8,58.0,6.5,1742.0,3.4,0.0,Summer,No,Yes,Corniche Kiosk,Science,Regular,Monday,7,22,0,Hot,0
2024-07-22,15,20.0,46.0,83.2,2.2,1667.0,0.49,0.0,Summer,No,Yes,Al Hamra Branch,History,Regular,Monday,7,22,0,Hot,0
2024-07-22,16,39.0,46.9,53.8,2.1,886.0,2.05,0.0,Summer,No,Yes,Al Hamra Branch,Non-Fiction,Premium,Monday,7,22,1,Hot,0
2024-07-22,18,48.0,45.2,70.1,4.7,1234.0,1.29,0.0,Summer,No,Yes,Downtown Central,Children,Walk-In,Monday,7,22,1,Hot,0
2024-07-22,20,19.0,42.0,87.4,6.2,961.0,0.0,0.0,Summer,No,Yes,University Branch,Technology,Walk-In,Monday,7,22,0,Hot,0
2024-07-22,22,7.0,43.4,93.5,7.3,1642.0,0.0,0.0,Summer,No,Yes,Corniche Kiosk,Technology,Regular,Monday,7,22,0,Hot,0
2024-07-23,8,25.0,40.3,83.4,2.0,1514.0,0.01,0.0,Summer,No,Yes,University Branch,Children,Regular,Tuesday,7,23,0,Hot,0
2024-07-23,9,43.0,42.1,85.5,1.5,1143.0,1.1,0.0,Summer,No,Yes,University Branch,Science,Regular,Tuesday,7,23,1,Hot,0
2024-07-23,13,30.0,44.6,72.8,1.9,1450.0,1.51,0.0,Summer,No,Yes,Al Rawdah Branch,Technology,Student,Tuesday,7,23,0,Hot,0
2024-07-23,16,38.0,45.1,52.0,5.1,1536.0,1.18,0.0,Summer,No,Yes,Al Hamra Branch,History,Premium,Tuesday,7,23,1,Hot,0
2024-07-23,17,56.0,42.8,66.4,5.1,1487.0,2.71,0.0,Summer,No,Yes,Al Rawdah Branch,Technology,Student,Tuesday,7,23,1,Hot,0
2024-07-23,18,59.0,43.8,76.9,4.8,1374.0,2.49,0.0,Summer,No,Yes,University Branch,Arabic Literature,Premium,Tuesday,7,23,1,Hot,0
2024-07-23,20,36.0,39.9,54.6,7.4,1355.0,0.0,0.0,Summer,No,Yes,University Branch,Children,Student,Tuesday,7,23,0,Hot,0
2024-07-23,21,22.0,41.6,80.7,7.2,1136.0,0.0,0.0,Summer,No,Yes,University Branch,Science,Student,Tuesday,7,23,0,Hot,0
2024-07-23,22,12.0,41.1,60.2,1.2,901.0,0.0,0.0,Summer,No,Yes,Al Rawdah Branch,Fiction,Student,Tuesday,7,23,0,Hot,0
2024-07-24,8,24.0,39.2,72.8,7.2,881.0,2.03,0.0,Summer,Yes,Yes,Downtown Central,Children,Premium,Wednesday,7,24,0,Hot,0
2024-07-24,10,12.0,41.8,75.4,3.1,1758.0,2.74,0.0,Summer,Yes,Yes,Corniche Kiosk,Children,Regular,Wednesday,7,24,1,Hot,0
2024-07-24,11,44.0,40.2,89.8,1.1,1139.0,3.17,0.0,Summer,Yes,Yes,Downtown Central,Fiction,Student,Wednesday,7,24,1,Hot,0
2024-07-24,13,31.0,44.5,52.5,2.9,1979.0,2.46,0.0,Summer,Yes,Yes,University Branch,Arabic Literature,Student,Wednesday,7,24,0,Hot,0
2024-07-24,14,31.0,43.2,60.8,5.2,1869.0,3.42,0.0,Summer,Yes,Yes,University Branch,Children,Regular,Wednesday,7,24,0,Hot,0
2024-07-24,15,29.0,46.1,56.3,0.7,1860.0,1.43,0.0,Summer,Yes,Yes,Downtown Central,Technology,Nan,Wednesday,7,24,0,Hot,0
2024-07-24,16,46.0,43.8,71.9,6.0,1723.0,2.92,0.0,Summer,Yes,Yes,University Branch,Technology,Regular,Wednesday,7,24,1,Hot,0
2024-07-24,18,36.0,41.2,82.5,1.1,1410.0,1.36,0.0,Summer,Yes,Yes,Downtown Central,Fiction,Walk-In,Wednesday,7,24,1,Hot,0
2024-07-24,19,31.0,41.6,65.3,5.9,1754.0,0.0,0.0,Summer,Yes,Yes,Downtown Central,Business,Walk-In,Wednesday,7,24,1,Hot,0
2024-07-24,21,16.0,38.8,60.4,4.2,1217.0,0.0,0.0,Summer,Yes,Yes,University Branch,Non-Fiction,Regular,Wednesday,7,24,0,Hot,0
2024-07-24,22,17.0,38.6,54.4,7.7,919.0,0.0,0.0,Summer,Yes,Yes,University Branch,Fiction,Regular,Wednesday,7,24,0,Hot,0
2024-07-25,8,33.0,42.1,68.6,4.2,817.0,1.48,0.0,Summer,No,Yes,Downtown Central,History,Student,Thursday,7,25,0,Hot,0
2024-07-25,9,39.0,43.3,53.9,6.3,1487.0,2.63,0.0,Summer,No,Yes,Al Hamra Branch,Science,Regular,Thursday,7,25,1,Hot,0
2024-07-25,10,36.0,42.8,66.9,4.2,1476.0,2.58,4.6,Summer,No,Yes,University Branch,Technology,Walk-In,Thursday,7,25,1,Hot,0
2024-07-25,12,21.0,47.7,71.5,7.1,1096.0,2.35,3.9,Summer,No,Yes,University Branch,Children,Premium,Thursday,7,25,0,Hot,0
2024-07-25,14,32.0,32.2,82.2,7.0,1609.0,0.78,0.0,Summer,No,Yes,Downtown Central,Arabic Literature,Regular,Thursday,7,25,0,Warm,0
2024-07-25,16,65.0,47.8,64.1,5.8,1981.0,1.82,0.0,Summer,No,Yes,Downtown Central,Science,Premium,Thursday,7,25,1,Hot,0
2024-07-25,18,45.0,43.1,61.3,5.3,1551.0,2.12,0.0,Summer,No,Yes,Al Rawdah Branch,Children,Student,Thursday,7,25,1,Hot,0
2024-07-25,19,40.0,43.8,79.2,5.6,1577.0,0.0,0.0,Summer,No,Yes,Al Hamra Branch,Arabic Literature,Premium,Thursday,7,25,1,Hot,0
2024-07-26,8,29.0,35.4,65.8,6.6,1963.0,1.0,0.0,Summer,Yes,Yes,Al Rawdah Branch,Business,Premium,Friday,7,26,0,Hot,1
2024-07-26,9,22.0,35.2,60.8,5.2,928.0,3.18,0.0,Summer,Yes,Yes,Corniche Kiosk,History,Walk-In,Friday,7,26,1,Hot,1
2024-07-26,10,28.0,36.1,79.7,2.2,1175.0,3.48,0.0,Summer,Yes,Yes,Corniche Kiosk,Children,Student,Friday,7,26,1,Hot,1
2024-07-26,11,61.0,36.6,77.7,3.3,1438.0,3.29,0.0,Summer,Yes,Yes,University Branch,Non-Fiction,Student,Friday,7,26,1,Hot,1
2024-07-26,12,7.0,40.9,76.5,2.7,909.0,1.9,0.0,Summer,Yes,Yes,Corniche Kiosk,Fiction,Student,Friday,7,26,0,Hot,1
2024-07-26,13,11.0,41.6,90.1,2.6,1794.0,0.75,0.0,Summer,Yes,Yes,Downtown Central,History,Student,Friday,7,26,0,Hot,1
2024-07-26,14,19.0,38.8,60.3,5.4,1677.0,1.0,0.0,Summer,No,Yes,Al Rawdah Branch,Arabic Literature,Regular,Friday,7,26,0,Hot,1
2024-07-26,15,7.0,40.4,77.5,0.8,1340.0,2.09,0.0,Summer,Yes,Yes,Corniche Kiosk,Science,Regular,Friday,7,26,0,Hot,1
2024-07-26,18,34.0,38.5,67.7,6.2,1844.0,2.86,0.0,Summer,Yes,Yes,Al Hamra Branch,Children,Regular,Friday,7,26,1,Hot,1
2024-07-26,19,35.0,37.8,82.3,3.8,1368.0,0.0,0.0,Summer,Yes,Yes,Al Rawdah Branch,Non-Fiction,Student,Friday,7,26,1,Hot,1
2024-07-26,20,26.0,32.2,74.6,3.6,1615.0,0.0,0.0,Summer,Yes,Yes,Downtown Central,Fiction,Walk-In,Friday,7,26,0,Warm,1
2024-07-26,22,15.0,35.0,81.8,3.6,940.0,0.0,0.0,Summer,Yes,Yes,Al Hamra Branch,Technology,Regular,Friday,7,26,0,Warm,1
2024-07-28,8,60.0,32.1,80.1,4.5,1349.0,0.26,0.0,Summer,No,Yes,Downtown Central,Non-Fiction,Regular,Sunday,7,28,0,Warm,0
2024-07-28,10,49.0,35.4,64.5,4.9,810.0,2.35,0.0,Summer,No,Yes,Al Hamra Branch,Science,Regular,Sunday,7,28,1,Hot,0
2024-07-28,12,33.0,39.2,55.2,5.4,1617.0,0.81,0.0,Summer,No,Yes,University Branch,Arabic Literature,Walk-In,Sunday,7,28,0,Hot,0
2024-07-28,13,27.0,37.5,81.9,0.6,998.0,1.96,0.0,Summer,No,Yes,Corniche Kiosk,Arabic Literature,Premium,Sunday,7,28,0,Hot,0
2024-07-28,14,41.0,38.6,69.4,6.8,1638.0,1.74,0.0,Summer,No,Yes,Al Rawdah Branch,Science,Student,Sunday,7,28,0,Hot,0
2024-07-28,15,27.0,38.9,83.2,1.8,1310.0,1.53,0.0,Summer,No,Yes,Al Hamra Branch,Science,Student,Sunday,7,28,0,Hot,0
2024-07-28,17,75.0,36.1,80.3,4.8,1636.0,0.39,0.0,Summer,No,Yes,University Branch,Arabic Literature,Premium,Sunday,7,28,1,Hot,0
2024-07-28,18,78.0,35.6,62.0,7.6,1465.0,3.18,0.0,Summer,No,Yes,University Branch,Science,Regular,Sunday,7,28,1,Hot,0
2024-07-28,20,27.0,34.2,72.3,6.0,1630.0,0.0,0.0,Summer,No,Yes,Corniche Kiosk,Children,Student,Sunday,7,28,0,Warm,0
2024-07-28,21,37.0,32.6,68.8,4.2,833.0,0.0,0.0,Summer,No,Yes,Al Hamra Branch,Technology,Premium,Sunday,7,28,0,Warm,0
2024-07-29,8,42.0,39.9,83.2,4.4,1380.0,2.35,0.0,Summer,No,Yes,Downtown Central,Children,Student,Monday,7,29,0,Hot,0
2024-07-29,9,52.0,39.7,85.1,4.0,1018.0,0.42,0.0,Summer,No,Yes,Downtown Central,History,Regular,Monday,7,29,1,Hot,0
2024-07-29,10,20.0,42.9,72.4,0.8,1896.0,2.92,0.0,Summer,No,Yes,Corniche Kiosk,History,Regular,Monday,7,29,1,Hot,0
2024-07-29,11,42.0,41.8,68.5,4.0,1711.0,2.07,0.0,Summer,No,Yes,Al Rawdah Branch,Children,Premium,Monday,7,29,1,Hot,0
2024-07-29,15,15.0,44.9,83.3,2.7,1087.0,1.02,0.0,Summer,No,Yes,Corniche Kiosk,Fiction,Student,Monday,7,29,0,Hot,0
2024-07-29,16,42.0,45.0,65.2,4.9,1988.0,2.69,0.0,Summer,No,Yes,Al Rawdah Branch,Science,Regular,Monday,7,29,1,Hot,0
2024-07-29,17,60.0,41.1,58.2,7.6,901.0,1.09,2.5,Summer,No,Yes,Downtown Central,Fiction,Student,Monday,7,29,1,Hot,0
2024-07-29,18,53.0,41.5,69.9,6.6,909.0,2.61,0.0,Summer,No,Yes,Downtown Central,Non-Fiction,Regular,Monday,7,29,1,Hot,0
2024-07-29,20,20.0,40.0,87.5,2.0,1966.0,0.0,1.3,Summer,No,Yes,Al Rawdah Branch,Children,Regular,Monday,7,29,0,Hot,0
2024-07-29,21,15.0,41.1,57.2,2.2,1922.0,0.0,0.0,Summer,No,Yes,Al Rawdah Branch,Fiction,Regular,Monday,7,29,0,Hot,0
2024-07-29,22,17.0,40.0,61.8,7.0,1054.0,0.0,0.0,Summer,No,Yes,Downtown Central,Non-Fiction,Regular,Monday,7,29,0,Hot,0
2024-07-30,8,29.0,32.2,63.0,2.5,841.0,2.9,0.0,Summer,No,Yes,Corniche Kiosk,Science,Nan,Tuesday,7,30,0,Warm,0
2024-07-30,9,78.0,32.4,78.4,4.1,1866.0,1.7,0.0,Summer,No,Yes,University Branch,History,Premium,Tuesday,7,30,1,Warm,0
2024-07-30,10,35.0,34.6,57.1,3.0,1071.0,0.66,0.0,Summer,No,Yes,Corniche Kiosk,Children,Premium,Tuesday,7,30,1,Warm,0
2024-07-30,14,44.0,40.1,71.5,6.2,1566.0,1.86,0.0,Summer,No,Yes,Corniche Kiosk,Arabic Literature,Student,Tuesday,7,30,0,Hot,0
2024-07-30,16,64.0,37.8,58.3,5.8,1254.0,2.32,0.0,Summer,No,Yes,Al Rawdah Branch,Non-Fiction,Premium,Tuesday,7,30,1,Hot,0
2024-07-30,17,43.0,34.9,86.8,0.6,1897.0,2.12,0.0,Summer,No,Yes,Al Hamra Branch,Arabic Literature,Walk-In,Tuesday,7,30,1,Warm,0
2024-07-30,18,95.0,34.2,64.7,5.7,866.0,0.77,0.0,Summer,No,Yes,University Branch,Technology,Student,Tuesday,7,30,1,Warm,0
2024-07-30,22,56.0,34.0,74.3,1.0,1851.0,0.0,0.0,Summer,No,Yes,Downtown Central,Arabic Literature,Student,Tuesday,7,30,0,Warm,0
2024-07-31,9,59.0,40.5,77.0,4.4,1800.0,2.42,0.0,Summer,No,Yes,University Branch,Children,Regular,Wednesday,7,31,1,Hot,0
2024-07-31,10,36.0,41.9,58.5,7.6,1759.0,0.34,0.0,Summer,No,Yes,University Branch,Science,Walk-In,Wednesday,7,31,1,Hot,0
2024-07-31,11,59.0,42.9,69.3,2.2,1076.0,1.84,0.0,Summer,No,Yes,Downtown Central,Non-Fiction,Student,Wednesday,7,31,1,Hot,0
2024-07-31,12,32.0,47.4,57.9,1.6,1308.0,3.36,0.0,Summer,No,Yes,University Branch,Arabic Literature,Walk-In,Wednesday,7,31,0,Hot,0
2024-07-31,13,17.0,45.4,73.8,3.9,1424.0,1.2,0.0,Summer,No,Yes,Al Rawdah Branch,Technology,Walk-In,Wednesday,7,31,0,Hot,0
2024-07-31,17,52.0,42.3,59.5,4.5,947.0,3.22,0.0,Summer,No,Yes,Downtown Central,Fiction,Walk-In,Wednesday,7,31,1,Hot,0
2024-07-31,19,40.0,43.8,52.0,2.6,801.0,0.0,0.0,Summer,No,Yes,Al Rawdah Branch,Science,Student,Wednesday,7,31,1,Hot,0
2024-07-31,21,22.0,39.8,75.1,5.4,1125.0,0.0,0.0,Summer,No,Yes,University Branch,Business,Nan,Wednesday,7,31,0,Hot,0
2024-08-01,9,63.0,39.4,85.6,3.7,1515.0,3.46,0.0,Summer,No,Yes,University Branch,History,Premium,Thursday,8,1,1,Hot,0
2024-08-01,10,48.0,39.7,60.2,0.9,1701.0,0.94,3.3,Summer,No,Yes,University Branch,Business,Student,Thursday,8,1,1,Hot,0
2024-08-01,11,52.0,39.8,54.1,6.3,1560.0,2.42,0.0,Summer,No,Yes,Al Rawdah Branch,Non-Fiction,Premium,Thursday,8,1,1,Hot,0
2024-08-01,12,48.0,44.1,62.8,7.5,1889.0,1.3,0.0,Summer,No,Yes,Downtown Central,History,Student,Thursday,8,1,0,Hot,0
2024-08-01,13,39.0,44.8,86.3,3.5,1988.0,2.37,0.0,Summer,No,Yes,University Branch,Non-Fiction,Student,Thursday,8,1,0,Hot,0
2024-08-01,14,45.0,45.6,69.4,1.0,1540.0,2.49,0.0,Summer,No,Yes,Downtown Central,Children,Student,Thursday,8,1,0,Hot,0
2024-08-01,15,16.0,43.4,62.5,6.0,1380.0,1.35,0.0,Summer,No,Yes,Corniche Kiosk,Business,Walk-In,Thursday,8,1,0,Hot,0
2024-08-01,16,41.0,45.4,68.9,7.0,870.0,3.47,0.0,Summer,No,Yes,Al Hamra Branch,Business,Premium,Thursday,8,1,1,Hot,0
2024-08-01,17,25.0,40.4,81.7,7.9,1882.0,1.86,0.0,Summer,No,Yes,Corniche Kiosk,Non-Fiction,Regular,Thursday,8,1,1,Hot,0
2024-08-01,19,58.0,40.2,51.8,3.3,1565.0,0.0,0.0,Summer,No,Yes,University Branch,Fiction,Premium,Thursday,8,1,1,Hot,0
2024-08-01,21,20.0,37.8,72.0,5.0,1416.0,0.0,0.0,Summer,No,Yes,Al Rawdah Branch,Science,Walk-In,Thursday,8,1,0,Hot,0
2024-08-01,22,15.0,38.1,62.9,3.0,1102.0,0.0,0.0,Summer,No,Yes,Corniche Kiosk,History,Premium,Thursday,8,1,0,Hot,0
2024-08-02,9,33.0,32.9,71.1,3.7,823.0,2.15,0.0,Summer,Yes,Yes,Corniche Kiosk,Children,Premium,Friday,8,2,1,Warm,1
2024-08-02,10,47.0,36.7,71.5,1.5,969.0,2.05,0.0,Summer,Yes,Yes,University Branch,Fiction,Regular,Friday,8,2,1,Hot,1
2024-08-02,12,22.0,38.4,75.3,0.5,958.0,1.31,0.0,Summer,Yes,Yes,Al Rawdah Branch,Children,Student,Friday,8,2,0,Hot,1
2024-08-02,13,6.0,38.1,68.9,5.1,1399.0,0.73,0.0,Summer,Yes,Yes,Corniche Kiosk,Non-Fiction,Regular,Friday,8,2,0,Hot,1
2024-08-02,14,20.0,38.7,64.9,2.4,1396.0,1.77,0.0,Summer,Yes,Yes,Al Hamra Branch,Arabic Literature,Premium,Friday,8,2,0,Hot,1
2024-08-02,16,37.0,38.6,69.9,2.0,928.0,0.48,0.0,Summer,Yes,Yes,Al Rawdah Branch,Children,Student,Friday,8,2,1,Hot,1
2024-08-02,18,32.0,32.2,67.7,2.0,922.0,1.55,2.5,Summer,Yes,Yes,Al Rawdah Branch,Arabic Literature,Premium,Friday,8,2,1,Warm,1
2024-08-02,19,73.0,34.2,68.8,3.4,1812.0,0.0,0.0,Summer,Yes,Yes,Downtown Central,Science,Student,Friday,8,2,1,Warm,1
2024-08-02,20,23.0,33.2,86.2,2.5,1345.0,0.0,0.0,Summer,Yes,Yes,Al Rawdah Branch,Non-Fiction,Student,Friday,8,2,0,Warm,1
2024-08-02,22,11.0,34.3,92.5,4.2,984.0,0.0,0.0,Summer,Yes,Yes,Al Hamra Branch,Non-Fiction,Regular,Friday,8,2,0,Warm,1
2024-08-03,9,83.0,32.5,70.4,1.6,1997.0,0.96,0.0,Summer,No,Yes,University Branch,History,Student,Saturday,8,3,1,Warm,1
2024-08-03,10,53.0,33.7,60.8,4.1,1471.0,3.32,0.0,Summer,No,Yes,Al Hamra Branch,Non-Fiction,Regular,Saturday,8,3,1,Warm,1
2024-08-03,11,42.0,35.3,83.1,5.0,1252.0,1.26,0.0,Nan,No,Yes,Al Hamra Branch,Children,Regular,Saturday,8,3,1,Hot,1
2024-08-03,14,47.0,36.9,83.1,6.6,1844.0,3.32,0.0,Summer,No,Yes,University Branch,Science,Regular,Saturday,8,3,0,Hot,1
2024-08-03,15,40.0,37.6,71.6,5.5,901.0,2.03,0.0,Summer,No,Yes,Downtown Central,Business,Walk-In,Saturday,8,3,0,Hot,1
2024-08-03,16,29.0,37.9,68.6,4.3,926.0,1.05,0.0,Summer,No,Yes,Corniche Kiosk,Arabic Literature,Premium,Saturday,8,3,1,Hot,1
2024-08-03,17,24.0,35.2,60.8,3.4,1650.0,2.27,0.0,Summer,No,Yes,Corniche Kiosk,Business,Walk-In,Saturday,8,3,1,Hot,1
2024-08-03,18,28.0,34.1,69.2,5.6,1945.0,1.085,0.0,Summer,No,Yes,Corniche Kiosk,Science,Walk-In,Saturday,8,3,1,Warm,1
2024-08-03,19,67.0,34.5,69.5,5.5,1711.0,0.0,0.0,Summer,No,Yes,University Branch,History,Regular,Saturday,8,3,1,Warm,1
2024-08-03,20,53.0,33.3,80.2,6.0,1572.0,0.0,0.0,Summer,No,Yes,University Branch,Arabic Literature,Student,Saturday,8,3,0,Warm,1
2024-08-04,8,23.0,41.4,81.5,1.8,1012.0,1.78,0.0,Summer,No,Yes,Al Hamra Branch,Arabic Literature,Student,Sunday,8,4,0,Hot,0
2024-08-04,10,55.0,42.2,57.2,7.8,1696.0,0.93,0.0,Summer,No,Yes,University Branch,Fiction,Student,Sunday,8,4,1,Hot,0
2024-08-04,11,26.0,42.4,81.6,6.9,1586.0,0.28,2.1,Summer,No,Yes,Al Hamra Branch,Technology,Student,Sunday,8,4,1,Hot,0
2024-08-04,12,26.0,46.3,61.0,2.1,1798.0,0.07,0.0,Summer,No,Yes,University Branch,Science,Walk-In,Sunday,8,4,0,Hot,0
2024-08-04,13,42.0,43.6,53.2,6.1,1399.0,2.29,0.0,Summer,No,Yes,Downtown Central,Children,Regular,Sunday,8,4,0,Hot,0
2024-08-04,14,21.0,44.8,63.9,6.9,805.0,0.28,0.0,Summer,No,Yes,Al Hamra Branch,Fiction,Walk-In,Sunday,8,4,0,Hot,0
2024-08-04,15,37.0,44.3,65.7,0.6,1052.0,3.15,0.0,Summer,No,Yes,University Branch,Science,Walk-In,Sunday,8,4,0,Hot,0
2024-08-04,16,47.0,45.7,61.0,2.8,1610.0,3.12,0.0,Summer,No,Yes,Al Hamra Branch,Business,Premium,Sunday,8,4,1,Hot,0
2024-08-04,21,18.0,39.4,86.9,5.1,1786.0,0.0,0.0,Summer,No,Yes,Al Hamra Branch,History,Walk-In,Sunday,8,4,0,Hot,0
2024-08-04,22,20.0,38.6,59.1,1.6,1511.0,0.0,0.0,Summer,No,Yes,Al Hamra Branch,History,Walk-In,Sunday,8,4,0,Hot,0
2024-08-05,8,28.0,39.7,73.6,7.4,1160.0,3.03,0.0,Summer,No,Yes,University Branch,Science,Walk-In,Monday,8,5,0,Hot,0
2024-08-05,9,68.0,41.7,57.0,7.4,1989.0,2.52,0.0,Summer,No,Yes,Downtown Central,Science,Student,Monday,8,5,1,Hot,0
2024-08-05,10,44.0,41.6,61.8,3.5,1982.0,1.04,0.0,Summer,No,Yes,Al Rawdah Branch,Arabic Literature,Premium,Monday,8,5,1,Hot,0
2024-08-05,11,31.0,43.5,85.3,1.9,1958.0,1.16,4.6,Summer,No,Yes,University Branch,History,Regular,Monday,8,5,1,Hot,0
2024-08-05,14,32.0,45.8,77.3,2.6,1481.0,1.23,0.0,Summer,No,Yes,Al Rawdah Branch,Business,Premium,Monday,8,5,0,Hot,0
2024-08-05,22,21.0,41.0,68.2,4.3,1987.0,0.0,0.0,Summer,No,Yes,University Branch,Business,Premium,Monday,8,5,0,Hot,0
2024-08-06,8,24.0,36.4,88.8,6.3,1417.0,0.34,0.0,Summer,No,Yes,Corniche Kiosk,Arabic Literature,Student,Tuesday,8,6,0,Hot,0
2024-08-06,9,40.0,35.8,53.1,5.2,819.0,0.43,0.0,Summer,No,Yes,Al Rawdah Branch,Arabic Literature,Walk-In,Tuesday,8,6,1,Hot,0
2024-08-06,11,67.0,37.4,60.3,4.2,1715.0,2.88,0.0,Summer,No,Yes,University Branch,Science,Regular,Tuesday,8,6,1,Hot,0
2024-08-06,12,34.0,42.2,62.7,2.7,1985.0,2.14,3.3,Summer,No,Yes,Downtown Central,Non-Fiction,Student,Tuesday,8,6,0,Hot,0
2024-08-06,13,21.0,41.4,67.3,4.7,1566.0,2.18,0.0,Summer,No,Yes,Corniche Kiosk,Children,Premium,Tuesday,8,6,0,Hot,0
2024-08-06,16,26.0,42.1,71.2,4.4,1694.0,0.64,0.0,Summer,No,Yes,Corniche Kiosk,Non-Fiction,Regular,Tuesday,8,6,1,Hot,0
2024-08-06,17,45.0,39.8,63.5,6.4,1203.0,1.76,0.0,Summer,No,Yes,Al Hamra Branch,History,Premium,Tuesday,8,6,1,Hot,0
2024-08-06,18,72.0,38.6,76.2,0.5,1889.0,2.92,0.0,Nan,No,Yes,Downtown Central,Business,Regular,Tuesday,8,6,1,Hot,0
2024-08-06,20,27.0,37.1,82.4,1.6,1307.0,0.0,0.0,Summer,No,Yes,Al Rawdah Branch,Business,Walk-In,Tuesday,8,6,0,Hot,0
2024-08-06,21,21.0,36.6,62.8,0.8,1642.0,0.0,0.0,Summer,No,Yes,Corniche Kiosk,Arabic Literature,Premium,Tuesday,8,6,0,Hot,0
2024-08-07,9,29.0,40.4,65.6,3.3,885.0,0.78,0.0,Summer,No,Yes,Al Hamra Branch,History,Regular,Wednesday,8,7,1,Hot,0
2024-08-07,10,34.0,41.5,89.3,2.9,1874.0,1.29,0.0,Summer,No,Yes,Al Hamra Branch,Science,Premium,Wednesday,8,7,1,Hot,0
2024-08-07,11,64.0,43.6,71.5,4.5,1644.0,2.65,0.0,Summer,No,Yes,Downtown Central,Fiction,Student,Wednesday,8,7,1,Hot,0
2024-08-07,12,14.0,46.2,89.7,2.6,851.0,3.49,0.0,Summer,No,Yes,Corniche Kiosk,Non-Fiction,Regular,Wednesday,8,7,0,Hot,0
2024-08-07,13,25.0,44.6,81.7,7.6,1062.0,0.28,0.0,Summer,No,Yes,Al Hamra Branch,Fiction,Regular,Wednesday,8,7,0,Hot,0
2024-08-07,15,18.0,43.9,74.8,4.8,805.0,1.085,0.0,Summer,No,Yes,Corniche Kiosk,Business,Walk-In,Wednesday,8,7,0,Hot,0
2024-08-07,16,40.0,43.9,73.7,0.8,1487.0,0.5,0.0,Summer,No,Yes,Al Hamra Branch,Children,Premium,Wednesday,8,7,1,Hot,0
2024-08-07,18,35.0,42.3,60.8,7.8,807.0,2.11,0.0,Summer,No,Yes,Corniche Kiosk,Non-Fiction,Student,Wednesday,8,7,1,Hot,0
2024-08-07,21,15.0,41.4,90.4,6.7,820.0,0.0,0.0,Summer,No,Yes,Al Rawdah Branch,History,Regular,Wednesday,8,7,0,Hot,0
2024-08-07,22,6.0,41.5,83.2,2.7,1203.0,0.0,0.0,Summer,No,Yes,Corniche Kiosk,Arabic Literature,Walk-In,Wednesday,8,7,0,Hot,0
2024-08-08,9,41.0,33.5,70.5,6.0,1772.0,0.19,0.0,Summer,No,Yes,Al Hamra Branch,Business,Walk-In,Thursday,8,8,1,Warm,0
2024-08-08,12,50.0,39.2,78.0,3.7,1517.0,2.51,0.0,Summer,No,Yes,Downtown Central,History,Premium,Thursday,8,8,0,Hot,0
2024-08-08,13,41.0,38.0,79.0,2.5,830.0,0.84,0.0,Summer,No,Yes,Downtown Central,History,Walk-In,Thursday,8,8,0,Hot,0
2024-08-08,14,16.0,40.0,72.4,6.1,1379.0,0.0,0.0,Summer,No,Yes,Corniche Kiosk,History,Regular,Thursday,8,8,0,Hot,0
2024-08-08,17,89.0,37.2,79.0,4.6,811.0,2.61,0.0,Summer,No,Yes,Downtown Central,History,Student,Thursday,8,8,1,Hot,0
2024-08-08,18,59.0,37.4,65.0,2.4,1351.0,1.73,0.0,Summer,No,Yes,Al Hamra Branch,Children,Student,Thursday,8,8,1,Hot,0
2024-08-08,20,40.0,35.2,68.4,3.4,1653.0,0.0,0.0,Summer,No,Yes,Al Rawdah Branch,Non-Fiction,Premium,Thursday,8,8,0,Hot,0
2024-08-09,9,38.0,34.4,61.4,4.6,1963.0,2.31,0.0,Summer,Yes,Yes,Al Rawdah Branch,Business,Walk-In,Friday,8,9,1,Warm,1
2024-08-09,10,20.0,36.6,79.7,7.5,1162.0,1.11,0.0,Summer,Yes,Yes,Corniche Kiosk,History,Premium,Friday,8,9,1,Hot,1
2024-08-09,11,49.0,36.0,53.9,5.2,1251.0,0.93,0.0,Summer,Yes,Yes,Downtown Central,History,Regular,Friday,8,9,1,Hot,1
2024-08-09,12,14.0,38.9,54.2,2.2,1213.0,2.53,0.0,Summer,Yes,Yes,Corniche Kiosk,Non-Fiction,Student,Friday,8,9,0,Hot,1
2024-08-09,13,21.0,38.1,82.0,4.5,962.0,1.36,0.0,Summer,Yes,Yes,Al Hamra Branch,History,Premium,Friday,8,9,0,Hot,1
2024-08-09,14,22.0,37.4,58.8,7.4,1510.0,2.08,0.0,Summer,Yes,Yes,Al Rawdah Branch,History,Regular,Friday,8,9,0,Hot,1
2024-08-09,15,31.0,39.1,79.8,3.7,1149.0,1.95,0.0,Summer,Yes,Yes,Downtown Central,Children,Premium,Friday,8,9,0,Hot,1
2024-08-09,19,59.0,34.9,59.3,5.5,1566.0,0.0,0.0,Summer,Yes,Yes,University Branch,Science,Premium,Friday,8,9,1,Warm,1
2024-08-10,9,36.0,41.0,70.8,0.8,1740.0,3.47,0.0,Summer,No,Yes,Al Rawdah Branch,Science,Premium,Saturday,8,10,1,Hot,1
2024-08-10,10,19.0,44.3,60.2,4.1,1138.0,0.05,0.0,Summer,No,Yes,Corniche Kiosk,Technology,Premium,Saturday,8,10,1,Hot,1
2024-08-10,12,31.0,47.5,55.9,0.7,861.0,1.55,0.0,Summer,No,Yes,Downtown Central,Children,Regular,Saturday,8,10,0,Hot,1
2024-08-10,13,24.0,45.7,58.4,0.7,1044.0,1.65,0.0,Summer,No,Yes,Al Rawdah Branch,Business,Student,Saturday,8,10,0,Hot,1
2024-08-10,16,16.0,47.9,60.1,6.0,1888.0,0.17,4.1,Summer,No,Yes,Corniche Kiosk,History,Regular,Saturday,8,10,1,Hot,1
2024-08-10,18,47.0,42.3,86.7,5.1,1509.0,2.8,0.0,Summer,No,Yes,Downtown Central,History,Walk-In,Saturday,8,10,1,Hot,1
2024-08-10,19,18.0,42.4,78.4,1.0,1991.0,0.0,0.0,Summer,No,Yes,Al Hamra Branch,Non-Fiction,Walk-In,Saturday,8,10,1,Hot,1
2024-08-11,8,57.0,33.6,60.2,4.7,837.0,1.98,0.0,Summer,No,Yes,Downtown Central,Business,Regular,Sunday,8,11,0,Warm,0
2024-08-11,9,39.0,35.7,66.2,5.1,1333.0,3.37,0.0,Summer,No,Yes,Corniche Kiosk,Arabic Literature,Premium,Sunday,8,11,1,Hot,0
2024-08-11,11,54.0,35.5,70.5,6.6,1321.0,2.91,0.0,Summer,No,Yes,Al Hamra Branch,Business,Regular,Sunday,8,11,1,Hot,0
2024-08-11,13,32.0,40.3,56.7,4.2,1147.0,2.97,0.0,Summer,No,Yes,Al Rawdah Branch,History,Regular,Sunday,8,11,0,Hot,0
2024-08-11,14,47.0,39.1,85.0,1.5,1416.0,2.08,0.0,Summer,No,Yes,Downtown Central,Fiction,Premium,Sunday,8,11,0,Hot,0
2024-08-11,18,59.0,37.3,72.6,1.5,1267.0,2.71,0.0,Summer,No,Yes,University Branch,Fiction,Walk-In,Sunday,8,11,1,Hot,0
2024-08-11,19,44.0,38.2,64.3,4.2,1556.0,0.0,0.0,Summer,No,Yes,Al Hamra Branch,Arabic Literature,Regular,Sunday,8,11,1,Hot,0
2024-08-11,20,20.0,33.5,82.8,5.2,1954.0,0.0,0.0,Summer,No,Yes,Corniche Kiosk,History,Walk-In,Sunday,8,11,0,Warm,0
2024-08-11,21,43.0,35.0,60.2,5.7,1259.0,0.0,0.0,Summer,No,Yes,Downtown Central,Technology,Premium,Sunday,8,11,0,Warm,0
2024-08-11,22,38.0,35.4,78.5,3.9,1942.0,0.0,0.0,Summer,No,Yes,Al Rawdah Branch,History,Student,Sunday,8,11,0,Hot,0
2024-08-12,8,26.0,42.2,81.5,3.9,1983.0,2.92,0.0,Summer,No,Yes,Al Rawdah Branch,Fiction,Regular,Monday,8,12,0,Hot,0
2024-08-12,11,53.0,43.2,60.7,7.0,905.0,1.61,0.0,Summer,No,Yes,University Branch,Technology,Premium,Monday,8,12,1,Hot,0
2024-08-12,13,18.0,46.1,81.8,2.0,1575.0,1.8,0.0,Summer,No,Yes,Corniche Kiosk,Non-Fiction,Regular,Monday,8,12,0,Hot,0
2024-08-12,15,9.0,45.5,88.2,7.8,1645.0,1.53,0.0,Summer,No,Yes,Corniche Kiosk,Children,Walk-In,Monday,8,12,0,Hot,0
2024-08-12,16,65.0,45.5,51.6,0.8,918.0,1.03,0.0,Summer,No,Yes,Downtown Central,Non-Fiction,Premium,Monday,8,12,1,Hot,0
2024-08-12,18,61.0,42.8,79.3,4.5,1551.0,0.03,0.0,Summer,No,Yes,Downtown Central,Non-Fiction,Premium,Monday,8,12,1,Hot,0
2024-08-12,19,43.0,44.4,68.8,3.0,808.0,0.0,0.0,Summer,No,Yes,Al Rawdah Branch,History,Premium,Monday,8,12,1,Hot,0
2024-08-12,22,18.0,41.2,65.9,4.4,1820.0,0.0,0.0,Summer,No,Yes,University Branch,Non-Fiction,Student,Monday,8,12,0,Hot,0
2024-08-13,8,23.0,37.0,60.8,1.7,871.0,1.32,0.0,Summer,No,Yes,Al Hamra Branch,Non-Fiction,Walk-In,Tuesday,8,13,0,Hot,0
2024-08-13,10,24.0,39.6,69.2,1.1,1643.0,1.97,0.0,Summer,No,Yes,Corniche Kiosk,Fiction,Premium,Tuesday,8,13,1,Hot,0
2024-08-13,11,44.0,38.0,75.4,4.4,1253.0,3.22,0.0,Summer,No,Yes,Downtown Central,Non-Fiction,Premium,Tuesday,8,13,1,Hot,0
2024-08-13,12,11.0,41.3,80.5,4.2,1559.0,2.06,0.0,Summer,No,Yes,Corniche Kiosk,Business,Walk-In,Tuesday,8,13,0,Hot,0
2024-08-13,13,29.0,40.6,64.4,6.3,1683.0,1.53,0.0,Summer,No,Yes,Al Hamra Branch,Science,Regular,Tuesday,8,13,0,Hot,0
2024-08-13,16,58.0,42.3,86.4,7.8,1426.0,1.91,0.0,Summer,No,Yes,University Branch,Science,Premium,Tuesday,8,13,1,Hot,0
2024-08-13,17,35.0,39.0,89.0,4.0,1221.0,3.03,0.0,Summer,No,Yes,Corniche Kiosk,Fiction,Student,Tuesday,8,13,1,Hot,0
2024-08-13,18,58.0,37.5,82.3,7.0,1447.0,1.03,0.0,Summer,No,Yes,University Branch,Science,Walk-In,Tuesday,8,13,1,Hot,0
2024-08-13,19,21.0,38.8,55.5,7.6,1032.0,0.0,0.0,Summer,No,Yes,Corniche Kiosk,Technology,Walk-In,Tuesday,8,13,1,Hot,0
2024-08-13,20,28.0,38.0,55.9,4.7,1535.0,0.0,0.0,Summer,No,Yes,Al Rawdah Branch,Arabic Literature,Regular,Tuesday,8,13,0,Hot,0
2024-08-14,8,43.0,33.9,58.6,2.9,1231.0,2.58,0.0,Summer,No,Yes,Al Hamra Branch,Fiction,Premium,Wednesday,8,14,0,Warm,0
2024-08-14,12,20.0,40.4,64.3,2.1,1663.0,0.25,4.8,Summer,No,Yes,Al Rawdah Branch,Arabic Literature,Student,Wednesday,8,14,0,Hot,0
2024-08-14,14,15.0,38.7,56.7,5.8,1315.0,3.03,0.0,Summer,No,Yes,Corniche Kiosk,Arabic Literature,Regular,Wednesday,8,14,0,Hot,0
2024-08-14,15,26.0,40.0,74.6,4.3,1738.0,1.0,0.0,Summer,No,Yes,Al Rawdah Branch,Children,Regular,Wednesday,8,14,0,Hot,0
2024-08-14,19,54.0,38.5,80.1,1.8,1489.0,0.0,0.0,Summer,No,Yes,Downtown Central,Fiction,Walk-In,Wednesday,8,14,1,Hot,0
2024-08-14,21,32.0,34.8,56.6,2.8,1540.0,1.085,0.0,Summer,No,Yes,Al Rawdah Branch,History,Regular,Wednesday,8,14,0,Warm,0
2024-08-14,22,45.0,34.8,93.1,7.8,1216.0,0.0,0.0,Summer,No,Yes,Downtown Central,Children,Student,Wednesday,8,14,0,Warm,0
2024-08-15,8,44.0,39.0,60.8,2.1,1224.0,0.36,0.0,Summer,No,Yes,Downtown Central,Non-Fiction,Premium,Thursday,8,15,0,Hot,0
2024-08-15,9,58.0,37.2,55.9,7.0,1860.0,2.44,0.0,Summer,No,Yes,University Branch,Non-Fiction,Walk-In,Thursday,8,15,1,Hot,0
2024-08-15,11,25.0,40.6,71.5,4.3,1025.0,3.14,0.0,Summer,No,Yes,Corniche Kiosk,Science,Walk-In,Thursday,8,15,1,Hot,0
2024-08-15,12,26.0,44.5,66.6,6.7,907.0,2.13,0.0,Summer,No,Yes,Al Hamra Branch,Fiction,Regular,Thursday,8,15,0,Hot,0
2024-08-15,13,28.0,45.0,58.3,6.8,1117.0,0.67,0.0,Summer,No,Yes,Downtown Central,History,Walk-In,Thursday,8,15,0,Hot,0
2024-08-15,14,26.0,42.1,61.3,5.2,1971.0,1.76,0.5,Summer,No,Yes,Downtown Central,Technology,Premium,Thursday,8,15,0,Hot,0
2024-08-15,15,10.0,44.1,92.7,4.8,889.0,0.37,0.0,Summer,No,Yes,Corniche Kiosk,Fiction,Walk-In,Thursday,8,15,0,Hot,0
2024-08-15,16,20.0,42.9,69.4,1.2,1174.0,1.84,0.0,Summer,No,Yes,Corniche Kiosk,Fiction,Walk-In,Thursday,8,15,1,Hot,0
2024-08-15,17,46.0,42.1,58.6,1.2,1768.0,0.42,1.2,Summer,No,Yes,University Branch,Technology,Premium,Thursday,8,15,1,Hot,0
2024-08-15,19,45.0,40.1,78.0,2.9,1984.0,0.0,0.0,Summer,No,Yes,Al Hamra Branch,Business,Student,Thursday,8,15,1,Hot,0
2024-08-15,20,28.0,39.0,63.7,3.5,1427.0,0.0,0.0,Summer,No,Yes,Al Rawdah Branch,Science,Premium,Thursday,8,15,0,Hot,0
2024-08-16,8,19.0,35.6,73.1,6.6,1193.0,1.4,0.0,Summer,Yes,Yes,Corniche Kiosk,Science,Student,Friday,8,16,0,Hot,1
2024-08-16,9,55.0,35.6,75.9,5.9,1635.0,0.87,0.0,Summer,Yes,Yes,University Branch,Technology,Premium,Friday,8,16,1,Hot,1
2024-08-16,13,19.0,39.1,63.4,4.0,1399.0,0.52,0.0,Summer,Yes,Yes,University Branch,Business,Premium,Friday,8,16,0,Hot,1
2024-08-16,15,20.0,38.8,69.9,4.6,1930.0,3.08,0.0,Summer,Yes,Yes,Al Rawdah Branch,Business,Student,Friday,8,16,0,Hot,1
2024-08-16,17,16.0,34.9,85.6,5.9,1016.0,0.41,3.7,Summer,Yes,Yes,Corniche Kiosk,Fiction,Walk-In,Friday,8,16,1,Warm,1
2024-08-16,18,24.0,37.4,65.2,4.4,1213.0,0.93,0.0,Summer,Yes,Yes,Corniche Kiosk,History,Regular,Friday,8,16,1,Hot,1
2024-08-16,20,31.0,33.1,71.0,7.0,1120.0,0.0,0.0,Summer,Yes,Yes,Downtown Central,Science,Regular,Friday,8,16,0,Warm,1
2024-08-17,12,21.0,44.0,72.2,2.1,1352.0,2.58,0.0,Summer,No,Yes,Corniche Kiosk,Technology,Premium,Saturday,8,17,0,Hot,1
2024-08-17,13,26.0,43.1,66.1,6.0,1312.0,1.57,0.0,Summer,No,Yes,University Branch,Fiction,Regular,Saturday,8,17,0,Hot,1
2024-08-17,14,20.0,43.2,67.3,4.5,1543.0,0.81,0.0,Summer,No,Yes,Downtown Central,Business,Walk-In,Saturday,8,17,0,Hot,1
2024-08-17,16,63.0,32.2,52.7,7.3,1825.0,2.44,0.0,Summer,No,Yes,Downtown Central,Children,Premium,Saturday,8,17,1,Warm,1
2024-08-17,17,59.0,38.9,84.7,0.9,1816.0,0.77,0.0,Summer,No,Yes,Downtown Central,Arabic Literature,Premium,Saturday,8,17,1,Hot,1
2024-08-17,18,69.0,39.6,63.4,2.9,1360.0,1.51,0.0,Summer,No,Yes,Downtown Central,Technology,Premium,Saturday,8,17,1,Hot,1
2024-08-17,22,24.0,37.4,73.9,3.4,1448.0,0.0,0.0,Summer,No,Yes,Downtown Central,Technology,Regular,Saturday,8,17,0,Hot,1
2024-08-18,8,43.0,32.2,60.9,2.9,1089.0,3.37,0.0,Summer,No,Yes,Downtown Central,Science,Regular,Sunday,8,18,0,Warm,0
2024-08-18,10,50.0,42.1,80.6,4.4,868.0,1.91,0.0,Summer,No,Yes,Downtown Central,History,Regular,Sunday,8,18,1,Hot,0
2024-08-18,11,65.0,39.5,59.9,5.2,1399.0,0.9,0.0,Summer,No,Yes,Downtown Central,Arabic Literature,Premium,Sunday,8,18,1,Hot,0
2024-08-18,12,23.0,44.4,82.4,1.4,934.0,0.76,0.0,Summer,No,Yes,Al Hamra Branch,Arabic Literature,Premium,Sunday,8,18,0,Hot,0
2024-08-18,13,39.0,45.0,63.9,0.7,1617.0,3.31,0.0,Nan,No,Yes,Downtown Central,Technology,Walk-In,Sunday,8,18,0,Hot,0
2024-08-18,14,32.0,43.9,65.3,5.7,1170.0,2.81,0.0,Summer,No,Yes,Al Rawdah Branch,Technology,Premium,Sunday,8,18,0,Hot,0
2024-08-18,15,26.0,45.1,82.5,7.0,970.0,0.99,0.0,Summer,No,Yes,Al Rawdah Branch,History,Regular,Sunday,8,18,0,Hot,0
2024-08-18,16,73.0,43.4,56.8,1.2,1287.0,2.7,0.0,Summer,No,Yes,Downtown Central,Technology,Student,Sunday,8,18,1,Hot,0
2024-08-18,18,59.0,41.9,79.2,3.4,1330.0,3.39,0.0,Summer,No,Yes,Downtown Central,History,Regular,Sunday,8,18,1,Hot,0
2024-08-18,19,55.0,32.2,90.8,6.7,1124.0,0.0,0.0,Summer,No,Yes,University Branch,Non-Fiction,Premium,Sunday,8,18,1,Warm,0
2024-08-18,20,35.0,38.4,57.6,4.5,1438.0,0.0,0.0,Summer,No,Yes,Downtown Central,Non-Fiction,Walk-In,Sunday,8,18,0,Hot,0
2024-08-19,8,45.0,39.3,63.6,3.2,1653.0,2.26,0.0,Summer,No,Yes,Downtown Central,Arabic Literature,Student,Monday,8,19,0,Hot,0
2024-08-19,9,47.0,38.4,79.9,7.3,1621.0,2.95,0.0,Summer,No,Yes,Al Hamra Branch,Arabic Literature,Nan,Monday,8,19,1,Hot,0
2024-08-19,14,30.0,44.0,63.7,7.9,837.0,1.38,0.0,Summer,Yes,Yes,Al Hamra Branch,Children,Premium,Monday,8,19,0,Hot,0
2024-08-19,15,12.0,42.9,74.0,3.8,1876.0,3.03,1.0,Summer,No,Yes,Corniche Kiosk,Non-Fiction,Premium,Monday,8,19,0,Hot,0
2024-08-19,17,42.0,40.1,76.1,0.7,1165.0,2.94,0.0,Summer,No,Yes,Al Rawdah Branch,Science,Walk-In,Monday,8,19,1,Hot,0
2024-08-19,18,71.0,40.2,69.6,5.5,1717.0,1.085,0.0,Summer,No,Yes,Downtown Central,History,Premium,Monday,8,19,1,Hot,0
2024-08-19,19,47.0,41.9,55.6,5.9,1228.0,0.0,3.5,Summer,No,Yes,University Branch,Fiction,Regular,Monday,8,19,1,Hot,0
2024-08-19,21,18.0,39.3,81.6,7.3,1218.0,0.0,0.0,Summer,Yes,Yes,Al Hamra Branch,Science,Walk-In,Monday,8,19,0,Hot,0
2024-08-20,8,44.0,36.3,78.3,2.4,1153.0,3.11,0.0,Summer,No,Yes,Al Hamra Branch,Arabic Literature,Premium,Tuesday,8,20,0,Hot,0
2024-08-20,10,68.0,38.2,83.5,4.4,1975.0,1.42,0.0,Summer,No,Yes,University Branch,Arabic Literature,Student,Tuesday,8,20,1,Hot,0
2024-08-20,12,47.0,40.1,64.0,4.3,858.0,0.56,0.0,Summer,No,Yes,Downtown Central,Business,Student,Tuesday,8,20,0,Hot,0
2024-08-20,15,20.0,39.5,73.4,2.2,1399.0,0.47,0.0,Summer,No,Yes,Al Hamra Branch,Fiction,Regular,Tuesday,8,20,0,Hot,0
2024-08-20,18,42.0,37.7,86.4,3.5,981.0,1.86,0.0,Summer,No,Yes,Al Rawdah Branch,Fiction,Walk-In,Tuesday,8,20,1,Hot,0
2024-08-20,19,21.0,38.4,63.1,1.1,1508.0,0.0,0.0,Summer,No,Yes,Corniche Kiosk,Non-Fiction,Walk-In,Tuesday,8,20,1,Hot,0
2024-08-20,20,51.0,36.7,88.5,5.8,989.0,0.0,0.0,Summer,No,Yes,Downtown Central,Arabic Literature,Student,Tuesday,8,20,0,Hot,0
2024-08-20,21,17.0,32.2,75.4,5.3,909.0,0.0,0.0,Summer,No,Yes,Corniche Kiosk,History,Premium,Tuesday,8,20,0,Warm,0
2024-08-20,22,33.0,36.7,70.3,6.1,1018.0,0.0,0.0,Summer,No,Yes,University Branch,Science,Regular,Tuesday,8,20,0,Hot,0
2024-08-21,8,54.0,34.1,58.7,4.1,1225.0,2.58,0.0,Summer,No,Yes,University Branch,Children,Regular,Wednesday,8,21,0,Warm,0
2024-08-21,9,65.0,32.4,60.2,3.8,1216.0,1.085,0.0,Summer,No,Yes,University Branch,Science,Walk-In,Wednesday,8,21,1,Warm,0
2024-08-21,11,54.0,36.5,74.1,7.0,1866.0,0.72,0.0,Summer,No,Yes,Al Rawdah Branch,Non-Fiction,Student,Wednesday,8,21,1,Hot,0
2024-08-21,12,36.0,39.4,84.3,1.4,1120.0,3.3,0.0,Summer,No,Yes,University Branch,Science,Walk-In,Wednesday,8,21,0,Hot,0
2024-08-21,14,20.0,38.1,88.0,6.2,1531.0,0.73,0.0,Summer,No,Yes,Corniche Kiosk,Arabic Literature,Regular,Wednesday,8,21,0,Hot,0
2024-08-21,15,24.0,38.5,88.1,0.6,1911.0,0.64,0.0,Summer,No,Yes,Al Hamra Branch,Business,Walk-In,Wednesday,8,21,0,Hot,0
2024-08-21,16,91.0,36.7,88.9,4.0,1922.0,2.63,0.0,Summer,No,Yes,Downtown Central,Science,Student,Wednesday,8,21,1,Hot,0
2024-08-21,20,29.0,33.6,72.9,0.5,1230.0,0.0,2.0,Summer,No,Yes,Al Hamra Branch,History,Regular,Wednesday,8,21,0,Warm,0
2024-08-21,22,50.0,32.2,77.1,7.6,1939.0,0.0,0.0,Summer,No,Yes,University Branch,Children,Student,Wednesday,8,21,0,Warm,0
2024-08-22,9,21.0,40.6,74.4,0.8,1788.0,0.83,0.0,Summer,No,Yes,Corniche Kiosk,Technology,Regular,Thursday,8,22,1,Hot,0
2024-08-22,10,31.0,44.7,55.0,3.8,1635.0,0.46,0.0,Summer,No,Yes,Al Hamra Branch,Technology,Premium,Thursday,8,22,1,Hot,0
2024-08-22,12,44.0,46.5,59.6,1.6,865.0,1.42,0.0,Summer,No,Yes,University Branch,Children,Student,Thursday,8,22,0,Hot,0
2024-08-22,18,63.0,44.2,87.9,4.5,1417.0,0.65,0.0,Summer,No,Yes,Downtown Central,Technology,Student,Thursday,8,22,1,Hot,0
2024-08-22,19,38.0,44.4,78.7,6.1,935.0,0.0,0.0,Summer,No,Yes,Al Rawdah Branch,Fiction,Regular,Thursday,8,22,1,Hot,0
2024-08-22,20,29.0,41.6,62.2,5.9,1109.0,0.0,0.0,Summer,No,Yes,Downtown Central,Technology,Student,Thursday,8,22,0,Hot,0
2024-08-22,21,7.0,43.3,70.0,2.8,1399.0,0.0,0.0,Summer,No,Yes,Corniche Kiosk,Technology,Walk-In,Thursday,8,22,0,Hot,0
2024-08-23,9,40.0,32.2,53.6,1.1,1957.0,0.24,0.0,Summer,Yes,Yes,Al Rawdah Branch,Fiction,Regular,Friday,8,23,1,Warm,1
2024-08-23,10,55.0,35.8,67.0,1.0,1485.0,0.44,0.0,Summer,Yes,Yes,Downtown Central,Children,Premium,Friday,8,23,1,Hot,1
2024-08-23,11,41.0,34.4,59.6,5.7,822.0,2.51,0.0,Summer,Yes,Yes,Al Rawdah Branch,History,Regular,Friday,8,23,1,Warm,1
2024-08-23,13,25.0,37.8,56.3,7.4,1357.0,0.16,0.0,Summer,Yes,Yes,Al Rawdah Branch,Business,Student,Friday,8,23,0,Hot,1
2024-08-23,17,78.0,35.8,56.6,6.7,1006.0,3.45,0.0,Summer,Yes,Yes,Downtown Central,Children,Student,Friday,8,23,1,Hot,1
2024-08-23,18,36.0,34.9,88.0,7.2,801.0,0.03,0.0,Summer,Yes,Yes,Al Hamra Branch,Fiction,Regular,Friday,8,23,1,Warm,1
2024-08-23,21,10.0,33.3,56.5,3.6,1153.0,0.0,0.0,Summer,Yes,Yes,Corniche Kiosk,Fiction,Walk-In,Friday,8,23,0,Warm,1
2024-08-23,22,32.0,32.0,57.0,5.6,1199.0,0.0,0.0,Summer,Yes,Yes,University Branch,Children,Student,Friday,8,23,0,Warm,1
2024-08-24,8,35.0,37.1,85.0,3.4,1934.0,1.18,0.0,Summer,No,Yes,Downtown Central,History,Regular,Saturday,8,24,0,Hot,1
2024-08-24,9,64.0,36.4,82.3,2.1,896.0,2.4,0.0,Summer,No,Yes,Downtown Central,Children,Regular,Saturday,8,24,1,Hot,1
2024-08-24,11,18.0,40.4,77.9,6.5,1328.0,3.47,0.0,Summer,No,Yes,Corniche Kiosk,Non-Fiction,Walk-In,Saturday,8,24,1,Hot,1
2024-08-24,12,24.0,42.1,60.1,2.1,1450.0,1.21,0.0,Summer,No,Yes,University Branch,Technology,Walk-In,Saturday,8,24,0,Hot,1
2024-08-24,13,22.0,43.9,75.0,6.6,1609.0,0.56,0.0,Summer,No,Yes,University Branch,History,Regular,Saturday,8,24,0,Hot,1
2024-08-24,14,20.0,42.5,78.4,5.4,1772.0,0.24,0.0,Summer,No,Yes,University Branch,Science,Premium,Saturday,8,24,0,Hot,1
2024-08-24,17,33.0,39.3,83.0,0.7,1621.0,1.75,0.0,Summer,No,Yes,Al Hamra Branch,Science,Walk-In,Saturday,8,24,1,Hot,1
2024-08-24,18,40.0,32.2,90.0,7.4,1186.0,1.15,0.0,Summer,No,Yes,Al Rawdah Branch,Arabic Literature,Premium,Saturday,8,24,1,Warm,1
2024-08-24,19,38.0,39.2,61.8,1.1,1871.0,0.0,0.0,Summer,No,Yes,Al Hamra Branch,Arabic Literature,Premium,Saturday,8,24,1,Hot,1
2024-08-24,20,22.0,37.2,73.4,5.6,998.0,0.0,0.0,Summer,No,Yes,Al Rawdah Branch,Children,Regular,Saturday,8,24,0,Hot,1
2024-08-24,21,7.0,37.9,64.3,4.0,1822.0,0.0,0.0,Summer,No,Yes,Corniche Kiosk,Science,Walk-In,Saturday,8,24,0,Hot,1
2024-08-24,22,31.0,36.2,74.1,2.6,1435.0,0.0,0.0,Summer,No,Yes,Downtown Central,Science,Premium,Saturday,8,24,0,Hot,1
2024-08-25,8,18.0,41.4,65.0,6.5,1869.0,3.1,0.0,Summer,No,Yes,Al Hamra Branch,Science,Regular,Sunday,8,25,0,Hot,0
2024-08-25,9,38.0,42.3,88.6,3.2,1570.0,0.76,0.0,Summer,No,Yes,Al Hamra Branch,Technology,Student,Sunday,8,25,1,Hot,0
2024-08-25,11,62.0,42.3,89.5,1.9,909.0,2.56,0.0,Summer,No,Yes,Downtown Central,Fiction,Student,Sunday,8,25,1,Hot,0
2024-08-25,12,32.0,46.7,84.8,7.7,1955.0,2.79,0.0,Summer,No,Yes,University Branch,Arabic Literature,Walk-In,Sunday,8,25,0,Hot,0
2024-08-25,14,22.0,46.3,63.3,6.0,800.0,1.94,0.0,Summer,No,Yes,Corniche Kiosk,Children,Student,Sunday,8,25,0,Hot,0
2024-08-25,15,20.0,44.4,72.9,6.8,1637.0,0.24,0.0,Summer,No,Yes,Al Hamra Branch,History,Premium,Sunday,8,25,0,Hot,0
2024-08-25,18,29.0,42.6,73.3,2.6,1434.0,2.22,0.0,Summer,No,Yes,Corniche Kiosk,Non-Fiction,Student,Sunday,8,25,1,Hot,0
2024-08-25,19,60.0,41.7,68.4,3.7,1686.0,0.0,0.0,Summer,No,Yes,Downtown Central,Technology,Premium,Sunday,8,25,1,Hot,0
2024-08-25,20,29.0,42.0,57.0,7.4,1098.0,0.0,0.0,Summer,No,Yes,Downtown Central,Business,Regular,Sunday,8,25,0,Hot,0
2024-08-25,21,19.0,40.1,55.0,2.6,1794.0,0.0,0.0,Summer,No,Yes,Al Hamra Branch,Business,Walk-In,Sunday,8,25,0,Hot,0
2024-08-25,22,9.0,41.7,70.9,6.9,1644.0,0.0,0.0,Summer,No,Yes,Corniche Kiosk,Arabic Literature,Walk-In,Sunday,8,25,0,Hot,0
2024-08-26,13,34.0,36.8,70.4,3.9,1892.0,3.32,0.0,Summer,No,Yes,Corniche Kiosk,Arabic Literature,Premium,Monday,8,26,0,Hot,0
2024-08-26,14,39.0,39.1,73.0,2.8,863.0,0.3,0.0,Summer,No,Yes,Downtown Central,Technology,Regular,Monday,8,26,0,Hot,0
2024-08-26,15,41.0,37.5,63.6,3.6,1582.0,2.5,0.0,Summer,No,Yes,Al Rawdah Branch,Fiction,Regular,Monday,8,26,0,Hot,0
2024-08-26,19,87.0,35.3,59.6,6.0,1884.0,0.0,0.0,Summer,No,Yes,University Branch,Fiction,Student,Monday,8,26,1,Hot,0
2024-08-26,20,69.0,32.1,81.1,7.3,1781.0,0.0,0.0,Summer,No,Yes,University Branch,Technology,Student,Monday,8,26,0,Warm,0
2024-08-26,21,49.0,32.1,76.4,2.4,1651.0,0.0,0.0,Summer,No,Yes,Downtown Central,Business,Regular,Monday,8,26,0,Warm,0
2024-08-26,22,48.0,33.1,56.4,3.5,1833.0,0.0,0.0,Summer,No,Yes,University Branch,Business,Premium,Monday,8,26,0,Warm,0
2024-08-27,8,30.0,37.9,80.7,6.7,1035.0,0.48,0.0,Summer,No,Yes,Al Rawdah Branch,Fiction,Premium,Tuesday,8,27,0,Hot,0
2024-08-27,9,30.0,36.9,83.2,0.7,1476.0,1.1,0.0,Summer,No,Yes,Corniche Kiosk,Arabic Literature,Walk-In,Tuesday,8,27,1,Hot,0
2024-08-27,10,52.0,38.1,76.9,7.5,1205.0,1.05,0.0,Summer,No,Yes,Al Rawdah Branch,Science,Student,Tuesday,8,27,1,Hot,0
2024-08-27,11,62.0,39.4,59.5,6.5,926.0,1.58,0.0,Summer,No,Yes,University Branch,Fiction,Premium,Tuesday,8,27,1,Hot,0
2024-08-27,12,20.0,42.4,67.3,6.4,1170.0,2.71,0.0,Summer,No,Yes,Al Hamra Branch,Business,Walk-In,Tuesday,8,27,0,Hot,0
2024-08-27,15,30.0,40.8,85.1,2.6,1419.0,2.29,0.0,Summer,No,Yes,Al Rawdah Branch,Non-Fiction,Premium,Tuesday,8,27,0,Hot,0
2024-08-27,16,57.0,41.6,87.0,5.2,1468.0,0.98,0.0,Nan,No,Yes,University Branch,Business,Premium,Tuesday,8,27,1,Hot,0
2024-08-27,19,43.0,38.8,73.3,0.9,995.0,0.0,0.0,Summer,No,Yes,Al Rawdah Branch,Fiction,Regular,Tuesday,8,27,1,Hot,0
2024-08-27,20,41.0,38.2,62.4,4.2,1649.0,0.0,0.0,Summer,No,Yes,University Branch,Technology,Student,Tuesday,8,27,0,Hot,0
2024-08-27,21,24.0,36.2,81.3,1.5,1643.0,0.0,0.0,Summer,No,Yes,Al Hamra Branch,Arabic Literature,Premium,Tuesday,8,27,0,Hot,0
2024-08-27,22,24.0,38.0,74.8,4.9,1092.0,0.0,0.0,Summer,No,Yes,Al Rawdah Branch,Fiction,Student,Tuesday,8,27,0,Hot,0
2024-08-28,9,75.0,34.8,60.2,6.8,1893.0,0.86,0.0,Summer,No,Yes,University Branch,Business,Premium,Wednesday,8,28,1,Warm,0
2024-08-28,10,44.0,38.2,88.5,3.2,1331.0,1.83,2.2,Summer,No,Yes,Downtown Central,Non-Fiction,Walk-In,Wednesday,8,28,1,Hot,0
2024-08-28,11,60.0,36.7,68.8,7.9,1276.0,2.85,0.0,Summer,No,Yes,Al Hamra Branch,Business,Student,Wednesday,8,28,1,Hot,0
2024-08-28,12,43.0,41.9,63.6,7.5,1356.0,3.24,0.0,Summer,No,Yes,Downtown Central,Children,Premium,Wednesday,8,28,0,Hot,0
2024-08-28,13,24.0,32.2,86.3,7.9,1015.0,1.49,0.0,Nan,No,Yes,Al Rawdah Branch,Non-Fiction,Premium,Wednesday,8,28,0,Warm,0
2024-08-28,15,12.0,41.6,66.6,5.9,803.0,1.07,0.0,Summer,No,Yes,Corniche Kiosk,History,Walk-In,Wednesday,8,28,0,Hot,0
2024-08-28,16,24.0,42.2,70.0,5.0,1234.0,0.76,0.0,Summer,No,Yes,Corniche Kiosk,Arabic Literature,Walk-In,Wednesday,8,28,1,Hot,0
2024-08-28,17,78.0,38.8,75.5,7.0,1471.0,2.98,0.0,Summer,No,Yes,University Branch,Children,Student,Wednesday,8,28,1,Hot,0
2024-08-28,18,60.0,37.7,80.8,3.8,1460.0,3.04,0.0,Summer,No,Yes,Downtown Central,History,Walk-In,Wednesday,8,28,1,Hot,0
2024-08-28,20,50.0,37.2,60.6,1.8,1031.0,0.0,0.0,Summer,No,Yes,Downtown Central,History,Regular,Wednesday,8,28,0,Hot,0
2024-08-28,21,37.0,35.4,59.7,3.8,1158.0,0.0,0.0,Summer,No,Yes,Downtown Central,Business,Walk-In,Wednesday,8,28,0,Hot,0
2024-08-28,22,26.0,36.1,78.9,3.5,1992.0,0.0,0.0,Summer,No,Yes,Al Rawdah Branch,Children,Premium,Wednesday,8,28,0,Hot,0
2024-08-29,9,43.0,33.1,74.3,4.1,1867.0,3.2,0.0,Nan,No,Yes,Al Hamra Branch,Fiction,Walk-In,Thursday,8,29,1,Warm,0
2024-08-29,10,75.0,35.5,72.6,1.8,825.0,2.27,0.0,Summer,No,Yes,University Branch,Arabic Literature,Premium,Thursday,8,29,1,Hot,0
2024-08-29,11,47.0,35.3,70.6,4.1,900.0,0.09,0.0,Summer,No,Yes,Al Hamra Branch,History,Regular,Thursday,8,29,1,Hot,0
2024-08-29,12,32.0,37.5,57.1,7.4,1965.0,0.64,1.9,Summer,No,Yes,Al Hamra Branch,Technology,Student,Thursday,8,29,0,Hot,0
2024-08-29,13,54.0,36.2,68.5,4.1,1747.0,3.29,0.0,Summer,No,Yes,Al Rawdah Branch,Non-Fiction,Student,Thursday,8,29,0,Hot,0
2024-08-29,14,33.0,36.9,52.7,2.2,1717.0,0.21,0.0,Summer,No,Yes,Al Hamra Branch,Arabic Literature,Walk-In,Thursday,8,29,0,Hot,0
2024-08-29,15,21.0,37.9,59.6,0.5,1161.0,0.39,0.0,Summer,No,Yes,Corniche Kiosk,History,Regular,Thursday,8,29,0,Hot,0
2024-08-29,17,52.0,35.7,79.8,1.9,1964.0,0.06,0.0,Summer,No,Yes,Al Hamra Branch,Science,Premium,Thursday,8,29,1,Hot,0
2024-08-29,18,99.0,34.8,87.4,4.2,1479.0,2.7,0.0,Summer,No,Yes,Downtown Central,Arabic Literature,Premium,Thursday,8,29,1,Warm,0
2024-08-29,19,38.0,34.1,66.9,7.9,972.0,0.0,0.0,Summer,No,Yes,Corniche Kiosk,Arabic Literature,Premium,Thursday,8,29,1,Warm,0
2024-08-29,20,32.0,31.9,63.5,6.8,1039.0,0.0,0.0,Summer,No,Yes,Corniche Kiosk,Business,Student,Thursday,8,29,0,Warm,0
2024-08-29,21,62.0,32.1,64.0,5.5,904.0,0.0,0.0,Summer,No,Yes,Downtown Central,Fiction,Student,Thursday,8,29,0,Warm,0
2024-08-30,8,11.0,39.6,85.4,3.0,1954.0,2.71,0.0,Summer,Yes,Yes,Al Hamra Branch,Fiction,Regular,Friday,8,30,0,Hot,1
2024-08-30,9,24.0,41.1,64.7,1.5,1667.0,0.46,0.0,Summer,Yes,Yes,Downtown Central,Arabic Literature,Regular,Friday,8,30,1,Hot,1
2024-08-30,10,11.0,42.3,78.2,5.6,1815.0,1.64,0.0,Summer,Yes,Yes,Corniche Kiosk,Children,Walk-In,Friday,8,30,1,Hot,1
2024-08-30,16,28.0,45.9,73.2,3.0,1134.0,1.85,0.0,Summer,Yes,Yes,Al Rawdah Branch,Children,Regular,Friday,8,30,1,Hot,1
2024-08-30,17,8.0,41.6,60.1,4.3,1420.0,1.24,3.1,Summer,Yes,Yes,Corniche Kiosk,Non-Fiction,Walk-In,Friday,8,30,1,Hot,1
2024-08-30,18,36.0,42.8,89.9,1.0,1959.0,0.16,0.0,Summer,Yes,Yes,University Branch,Non-Fiction,Regular,Friday,8,30,1,Hot,1
2024-08-30,19,23.0,41.1,53.1,3.0,1993.0,0.0,0.0,Summer,Yes,Yes,University Branch,Science,Walk-In,Friday,8,30,1,Hot,1
2024-08-30,21,4.0,40.0,78.8,1.8,1355.0,0.0,0.0,Summer,Yes,Yes,Corniche Kiosk,Non-Fiction,Walk-In,Friday,8,30,0,Hot,1
2024-08-30,22,0.0,41.2,81.7,3.2,1081.0,0.0,0.0,Summer,Yes,Yes,Al Hamra Branch,History,Regular,Friday,8,30,0,Hot,1
2024-08-31,8,38.0,35.9,80.3,2.7,1065.0,3.43,0.0,Summer,No,Yes,Al Hamra Branch,Children,Premium,Saturday,8,31,0,Hot,1
2024-08-31,9,67.0,36.9,59.2,5.9,1316.0,2.32,0.0,Summer,No,Yes,University Branch,Science,Premium,Saturday,8,31,1,Hot,1
2024-08-31,10,43.0,40.1,80.7,5.4,999.0,1.39,0.0,Summer,No,Yes,Downtown Central,History,Regular,Saturday,8,31,1,Hot,1
2024-08-31,12,23.0,40.9,59.5,1.8,1476.0,2.42,0.0,Nan,No,Yes,Al Rawdah Branch,Science,Regular,Saturday,8,31,0,Hot,1
2024-08-31,15,10.0,41.7,88.3,0.8,888.0,0.13,0.0,Summer,No,Yes,Corniche Kiosk,Fiction,Student,Saturday,8,31,0,Hot,1
2024-08-31,16,55.0,42.3,63.9,4.7,1231.0,1.2,0.0,Summer,No,Yes,University Branch,Arabic Literature,Premium,Saturday,8,31,1,Hot,1
2024-08-31,21,15.0,35.8,85.4,1.7,808.0,0.0,0.0,Summer,No,Yes,Corniche Kiosk,Fiction,Walk-In,Saturday,8,31,0,Hot,1
2024-09-01,14,30.0,37.1,62.9,3.4,1114.0,3.04,0.0,Autumn,No,Yes,Corniche Kiosk,Science,Student,Sunday,9,1,0,Hot,0
2024-09-01,15,27.0,38.8,54.2,6.4,853.0,0.84,0.0,Autumn,No,Yes,Al Rawdah Branch,Technology,Walk-In,Sunday,9,1,0,Hot,0
2024-09-01,17,86.0,33.5,66.5,6.6,1291.0,1.44,0.0,Autumn,No,Yes,University Branch,Non-Fiction,Premium,Sunday,9,1,1,Warm,0
2024-09-01,18,60.0,36.1,65.0,3.2,1368.0,0.15,0.0,Autumn,No,Yes,University Branch,Arabic Literature,Walk-In,Sunday,9,1,1,Hot,0
2024-09-01,19,89.0,34.5,49.9,5.2,1849.0,0.0,0.0,Autumn,No,Yes,University Branch,Children,Student,Sunday,9,1,1,Warm,0
2024-09-01,20,69.0,33.5,44.1,6.7,1221.0,0.0,0.0,Autumn,No,Yes,Downtown Central,Arabic Literature,Student,Sunday,9,1,0,Warm,0
2024-09-02,8,52.0,29.5,61.7,7.7,1368.0,1.43,0.0,Autumn,Yes,Yes,Downtown Central,Fiction,Nan,Monday,9,2,0,Warm,0
2024-09-02,10,68.0,30.9,72.7,4.0,1605.0,2.8,0.0,Autumn,Yes,Yes,University Branch,Children,Regular,Monday,9,2,1,Warm,0
2024-09-02,14,44.0,35.3,48.0,5.7,1755.0,3.32,0.0,Autumn,Yes,Yes,University Branch,Fiction,Walk-In,Monday,9,2,0,Hot,0
2024-09-02,15,36.0,32.8,69.7,0.6,1761.0,1.11,0.0,Autumn,Yes,Yes,University Branch,Science,Nan,Monday,9,2,0,Warm,0
2024-09-02,17,71.0,31.7,66.9,6.9,1952.0,3.02,0.0,Autumn,Yes,Yes,Downtown Central,Science,Walk-In,Monday,9,2,1,Warm,0
2024-09-02,18,50.0,31.8,73.3,3.8,1896.0,1.59,0.0,Autumn,Yes,Yes,Al Hamra Branch,Non-Fiction,Regular,Monday,9,2,1,Warm,0
2024-09-02,19,34.0,31.4,36.3,2.4,1937.0,0.0,0.0,Autumn,Yes,Yes,Corniche Kiosk,Fiction,Premium,Monday,9,2,1,Warm,0
2024-09-02,20,21.0,28.1,67.4,6.6,1883.0,0.0,0.0,Autumn,Yes,Yes,Corniche Kiosk,Fiction,Regular,Monday,9,2,0,Warm,0
2024-09-02,21,33.0,30.2,56.2,1.9,1784.0,0.0,0.0,Autumn,Yes,Yes,Al Rawdah Branch,History,Student,Monday,9,2,0,Warm,0
2024-09-03,9,41.0,28.8,68.7,2.8,1505.0,3.3,0.0,Autumn,No,Yes,Corniche Kiosk,Business,Premium,Tuesday,9,3,1,Warm,0
2024-09-03,10,37.0,32.8,60.2,7.5,1121.0,1.27,0.0,Autumn,No,Yes,Corniche Kiosk,Technology,Premium,Tuesday,9,3,1,Warm,0
2024-09-03,11,84.0,30.1,71.6,4.8,1219.0,0.86,0.0,Autumn,No,Yes,Downtown Central,History,Regular,Tuesday,9,3,1,Warm,0
2024-09-03,14,55.0,33.5,67.1,7.2,1739.0,1.36,0.0,Autumn,No,Yes,Downtown Central,Fiction,Walk-In,Tuesday,9,3,0,Warm,0
2024-09-03,15,75.0,33.2,75.8,4.3,913.0,1.92,0.0,Autumn,No,Yes,Downtown Central,Children,Premium,Tuesday,9,3,0,Warm,0
2024-09-03,19,73.0,30.3,66.8,4.3,888.0,0.0,0.0,Autumn,No,Yes,Al Hamra Branch,Arabic Literature,Student,Tuesday,9,3,1,Warm,0
2024-09-03,22,22.0,29.8,53.7,5.0,1001.0,0.0,0.0,Autumn,No,Yes,Corniche Kiosk,History,Walk-In,Tuesday,9,3,0,Warm,0
2024-09-04,8,59.0,30.6,56.5,1.4,926.0,0.9,0.0,Autumn,No,Yes,University Branch,Arabic Literature,Regular,Wednesday,9,4,0,Warm,0
2024-09-04,11,65.0,31.1,51.5,0.7,1851.0,0.66,0.0,Autumn,No,Yes,Al Hamra Branch,History,Student,Wednesday,9,4,1,Warm,0
2024-09-04,12,43.0,34.1,70.2,6.6,1498.0,0.15,0.0,Autumn,No,Yes,Al Rawdah Branch,Arabic Literature,Premium,Wednesday,9,4,0,Warm,0
2024-09-04,15,35.0,36.3,73.3,6.5,1058.0,0.73,0.3,Autumn,No,Yes,Al Hamra Branch,Non-Fiction,Premium,Wednesday,9,4,0,Hot,0
2024-09-04,16,87.0,36.3,51.9,6.6,878.0,1.29,0.0,Autumn,No,Yes,University Branch,Business,Student,Wednesday,9,4,1,Hot,0
2024-09-04,19,61.0,32.9,75.5,0.9,1171.0,0.0,0.0,Autumn,No,Yes,Al Rawdah Branch,Fiction,Regular,Wednesday,9,4,1,Warm,0
2024-09-04,20,43.0,29.4,51.5,4.2,1077.0,0.0,0.0,Autumn,No,Yes,Al Rawdah Branch,Arabic Literature,Regular,Wednesday,9,4,0,Warm,0
2024-09-04,22,17.0,31.4,48.4,4.9,1089.0,0.0,0.0,Autumn,No,Yes,Corniche Kiosk,History,Walk-In,Wednesday,9,4,0,Warm,0
2024-09-05,8,43.0,30.5,54.6,5.5,1196.0,1.64,0.0,Autumn,No,Yes,Al Hamra Branch,Children,Regular,Thursday,9,5,0,Warm,0
2024-09-05,11,61.0,33.1,60.6,4.7,1477.0,0.08,0.0,Autumn,No,Yes,Al Hamra Branch,Children,Student,Thursday,9,5,1,Warm,0
2024-09-05,12,42.0,33.7,39.8,7.0,1097.0,0.36,0.0,Autumn,No,Yes,Al Hamra Branch,Science,Regular,Thursday,9,5,0,Warm,0
2024-09-05,13,43.0,33.7,72.7,2.1,1570.0,2.04,0.0,Autumn,No,Yes,Al Hamra Branch,History,Premium,Thursday,9,5,0,Warm,0
2024-09-05,16,75.0,34.4,74.7,5.4,1873.0,0.55,0.0,Autumn,No,Yes,University Branch,Science,Regular,Thursday,9,5,1,Warm,0
2024-09-05,17,50.0,32.6,74.5,2.9,1599.0,2.63,0.0,Autumn,No,Yes,Al Hamra Branch,Non-Fiction,Walk-In,Thursday,9,5,1,Warm,0
2024-09-05,21,59.0,29.9,42.5,2.7,1694.0,0.0,0.0,Autumn,No,Yes,University Branch,Technology,Premium,Thursday,9,5,0,Warm,0
2024-09-06,10,46.0,36.2,60.5,0.9,1120.0,0.02,0.0,Autumn,Yes,Yes,University Branch,Science,Regular,Friday,9,6,1,Hot,1
2024-09-06,11,19.0,35.8,51.0,1.6,1696.0,3.09,0.0,Autumn,Yes,Yes,Corniche Kiosk,History,Walk-In,Friday,9,6,1,Hot,1
2024-09-06,12,15.0,39.9,48.0,3.3,1220.0,2.14,0.0,Autumn,Yes,Yes,Al Hamra Branch,Children,Walk-In,Friday,9,6,0,Hot,1
2024-09-06,13,21.0,39.9,64.3,5.9,1349.0,2.14,0.0,Autumn,Yes,Yes,University Branch,Technology,Regular,Friday,9,6,0,Hot,1
2024-09-06,14,14.0,40.9,77.9,5.3,1360.0,2.35,0.0,Autumn,Yes,Yes,Al Hamra Branch,History,Regular,Friday,9,6,0,Hot,1
2024-09-06,15,16.0,39.1,73.1,2.0,1135.0,2.91,0.0,Autumn,Yes,Yes,Al Rawdah Branch,Science,Walk-In,Friday,9,6,0,Hot,1
2024-09-06,16,40.0,41.2,44.3,7.9,1079.0,2.85,0.0,Autumn,Yes,Yes,Downtown Central,Arabic Literature,Walk-In,Friday,9,6,1,Hot,1
2024-09-06,18,36.0,37.3,54.6,1.6,954.0,0.51,4.5,Autumn,Yes,Yes,University Branch,Technology,Regular,Friday,9,6,1,Hot,1
2024-09-06,19,43.0,37.6,53.0,4.4,992.0,0.0,0.0,Autumn,Yes,Yes,Downtown Central,Science,Walk-In,Friday,9,6,1,Hot,1
2024-09-06,21,28.0,33.8,51.0,2.7,1544.0,0.0,0.0,Autumn,Yes,Yes,University Branch,Science,Regular,Friday,9,6,0,Warm,1
2024-09-06,22,15.0,34.9,49.0,1.2,1802.0,0.0,0.0,Autumn,Yes,Yes,Corniche Kiosk,Non-Fiction,Regular,Friday,9,6,0,Warm,1
2024-09-07,12,25.0,38.7,72.0,4.2,1447.0,3.36,0.0,Autumn,No,Yes,Al Hamra Branch,History,Regular,Saturday,9,7,0,Hot,1
2024-09-07,15,27.0,39.5,63.1,1.0,1280.0,3.38,1.9,Autumn,No,Yes,Al Hamra Branch,Fiction,Regular,Saturday,9,7,0,Hot,1
2024-09-07,16,41.0,39.4,47.6,2.2,1684.0,0.52,0.0,Autumn,No,Yes,Al Hamra Branch,Science,Premium,Saturday,9,7,1,Hot,1
2024-09-07,17,55.0,36.4,55.8,0.7,1518.0,3.03,0.0,Autumn,No,Yes,Al Rawdah Branch,Fiction,Regular,Saturday,9,7,1,Hot,1
2024-09-07,18,57.0,35.7,67.8,1.5,1706.0,2.91,0.0,Autumn,No,Yes,Al Hamra Branch,Fiction,Premium,Saturday,9,7,1,Hot,1
2024-09-07,20,20.0,33.9,39.7,7.2,1254.0,0.0,0.0,Autumn,No,Yes,Corniche Kiosk,Non-Fiction,Walk-In,Saturday,9,7,0,Warm,1
2024-09-07,21,42.0,32.2,62.3,5.4,1725.0,0.0,0.0,Autumn,No,Yes,University Branch,Science,Student,Saturday,9,7,0,Warm,1
2024-09-08,8,51.0,32.3,69.9,6.7,1850.0,1.085,0.0,Autumn,No,Yes,Al Rawdah Branch,Technology,Regular,Sunday,9,8,0,Warm,0
2024-09-08,9,79.0,32.7,75.2,1.6,1549.0,1.43,0.0,Autumn,No,Yes,Downtown Central,Science,Regular,Sunday,9,8,1,Warm,0
2024-09-08,13,48.0,39.4,49.1,5.9,1042.0,0.3,0.0,Autumn,No,Yes,University Branch,Business,Premium,Sunday,9,8,0,Hot,0
2024-09-08,14,42.0,39.0,57.4,2.3,1277.0,2.51,0.0,Autumn,No,Yes,Downtown Central,Non-Fiction,Walk-In,Sunday,9,8,0,Hot,0
2024-09-08,21,45.0,32.0,61.3,2.5,1116.0,0.0,0.0,Autumn,No,Yes,University Branch,Non-Fiction,Regular,Sunday,9,8,0,Warm,0
2024-09-08,22,45.0,34.0,62.1,7.6,1064.0,0.0,0.0,Nan,No,Yes,University Branch,Business,Regular,Sunday,9,8,0,Warm,0
2024-09-09,8,23.0,26.5,60.8,1.9,1032.0,0.41,0.0,Autumn,Yes,Yes,Al Rawdah Branch,History,Walk-In,Monday,9,9,0,Warm,0
2024-09-09,11,80.0,27.1,56.1,6.1,1234.0,0.83,0.0,Autumn,Yes,Yes,University Branch,Technology,Premium,Monday,9,9,1,Warm,0
2024-09-09,12,18.0,32.5,68.3,5.7,1503.0,2.21,0.0,Autumn,Yes,Yes,Corniche Kiosk,Fiction,Walk-In,Monday,9,9,0,Warm,0
2024-09-09,13,40.0,32.0,55.0,6.2,1652.0,3.39,0.0,Autumn,Yes,Yes,Al Hamra Branch,Non-Fiction,Premium,Monday,9,9,0,Warm,0
2024-09-09,14,60.0,32.2,57.2,1.8,1992.0,0.04,0.0,Autumn,Yes,Yes,Downtown Central,Business,Premium,Monday,9,9,0,Warm,0
2024-09-09,18,88.0,29.0,44.7,3.4,1293.0,1.74,0.0,Autumn,Yes,Yes,Downtown Central,Science,Regular,Monday,9,9,1,Warm,0
2024-09-09,19,44.0,28.6,49.9,2.0,1363.0,0.0,0.0,Autumn,Yes,Yes,Corniche Kiosk,Non-Fiction,Walk-In,Monday,9,9,1,Warm,0
2024-09-09,21,39.0,26.0,53.5,2.2,1836.0,0.0,0.0,Autumn,Yes,Yes,University Branch,Children,Regular,Monday,9,9,0,Warm,0
2024-09-10,9,79.0,29.4,56.5,4.8,1930.0,0.01,0.0,Autumn,No,Yes,University Branch,Fiction,Regular,Tuesday,9,10,1,Warm,0
2024-09-10,11,36.0,30.7,56.3,3.3,1359.0,2.4,0.0,Autumn,No,Yes,Corniche Kiosk,Children,Regular,Tuesday,9,10,1,Warm,0
2024-09-10,15,44.0,34.1,76.5,2.0,1938.0,1.39,0.0,Autumn,No,Yes,Al Hamra Branch,Science,Premium,Tuesday,9,10,0,Warm,0
2024-09-10,17,45.0,29.8,54.1,1.7,1647.0,2.83,0.0,Autumn,No,Yes,Corniche Kiosk,Children,Premium,Tuesday,9,10,1,Warm,0
2024-09-10,18,34.0,31.7,46.0,6.4,1952.0,0.29,0.0,Autumn,No,Yes,Corniche Kiosk,History,Walk-In,Tuesday,9,10,1,Warm,0
2024-09-10,20,58.0,28.4,74.5,5.4,1442.0,0.0,0.0,Autumn,No,Yes,Downtown Central,Fiction,Walk-In,Tuesday,9,10,0,Warm,0
2024-09-11,10,52.0,31.3,71.9,7.2,982.0,0.68,0.0,Autumn,No,Yes,Al Hamra Branch,Arabic Literature,Premium,Wednesday,9,11,1,Warm,0
2024-09-11,12,68.0,35.9,68.0,6.3,1249.0,1.98,0.0,Autumn,No,Yes,Downtown Central,Non-Fiction,Student,Wednesday,9,11,0,Hot,0
2024-09-11,13,70.0,33.5,58.0,0.9,1800.0,1.54,0.0,Autumn,No,Yes,Downtown Central,Science,Regular,Wednesday,9,11,0,Warm,0
2024-09-11,14,79.0,34.8,69.3,5.0,882.0,3.16,0.0,Autumn,No,Yes,Downtown Central,Non-Fiction,Premium,Wednesday,9,11,0,Warm,0
2024-09-11,16,100.0,35.4,42.7,4.1,936.0,2.38,0.0,Autumn,No,Yes,University Branch,History,Student,Wednesday,9,11,1,Hot,0
2024-09-11,17,49.0,31.1,60.2,3.5,804.0,1.085,0.0,Autumn,No,Yes,Al Hamra Branch,Business,Walk-In,Wednesday,9,11,1,Warm,0
2024-09-11,21,55.0,29.8,55.1,2.7,1543.0,0.0,0.0,Autumn,No,Yes,University Branch,Fiction,Premium,Wednesday,9,11,0,Warm,0
2024-09-11,22,28.0,28.1,63.3,7.4,1982.0,0.0,0.0,Autumn,No,Yes,Corniche Kiosk,Science,Premium,Wednesday,9,11,0,Warm,0
2024-09-12,8,74.0,33.1,68.1,2.6,1841.0,3.01,0.0,Autumn,No,Yes,University Branch,Fiction,Student,Thursday,9,12,0,Warm,0
2024-09-12,9,63.0,31.6,60.4,6.2,1547.0,0.44,0.0,Autumn,No,Yes,Al Hamra Branch,History,Premium,Thursday,9,12,1,Warm,0
2024-09-12,10,58.0,35.3,62.6,4.4,1497.0,2.49,0.0,Autumn,No,Yes,Al Rawdah Branch,Fiction,Premium,Thursday,9,12,1,Hot,0
2024-09-12,12,43.0,38.3,46.7,4.6,828.0,2.83,0.0,Autumn,No,Yes,University Branch,Business,Walk-In,Thursday,9,12,0,Hot,0
2024-09-12,13,20.0,32.2,67.9,4.9,1230.0,2.45,0.0,Autumn,No,Yes,Corniche Kiosk,Children,Premium,Thursday,9,12,0,Warm,0
2024-09-12,14,24.0,37.2,75.1,4.7,1645.0,0.95,0.0,Autumn,No,Yes,Corniche Kiosk,Science,Regular,Thursday,9,12,0,Hot,0
2024-09-12,15,33.0,36.7,68.8,7.0,805.0,0.29,0.0,Autumn,No,Yes,Al Rawdah Branch,Science,Walk-In,Thursday,9,12,0,Hot,0
2024-09-12,16,29.0,38.7,73.9,5.0,1268.0,2.17,0.0,Autumn,No,Yes,Corniche Kiosk,Science,Regular,Thursday,9,12,1,Hot,0
2024-09-12,17,89.0,36.2,63.3,3.0,1706.0,0.99,0.0,Autumn,No,Yes,Downtown Central,Children,Student,Thursday,9,12,1,Hot,0
2024-09-12,18,36.0,34.8,67.6,7.1,1723.0,2.91,0.0,Autumn,No,Yes,Corniche Kiosk,Children,Regular,Thursday,9,12,1,Warm,0
2024-09-12,19,62.0,34.4,58.0,1.7,1697.0,0.0,0.0,Autumn,No,Yes,Al Hamra Branch,Fiction,Student,Thursday,9,12,1,Warm,0
2024-09-12,21,51.0,31.6,47.2,2.2,811.0,0.0,0.0,Autumn,No,Yes,University Branch,History,Regular,Thursday,9,12,0,Warm,0
2024-09-13,10,59.0,33.0,41.1,0.7,1002.0,0.41,0.0,Autumn,Yes,Yes,University Branch,Fiction,Regular,Friday,9,13,1,Warm,1
2024-09-13,11,45.0,33.8,37.9,1.7,1033.0,1.54,0.0,Autumn,Yes,Yes,Al Rawdah Branch,Technology,Premium,Friday,9,13,1,Warm,1
2024-09-13,12,15.0,36.6,67.0,0.9,1699.0,2.85,0.0,Autumn,Yes,Yes,Corniche Kiosk,Business,Walk-In,Friday,9,13,0,Hot,1
2024-09-13,13,36.0,38.7,57.7,7.4,1422.0,1.25,0.0,Autumn,Yes,Yes,Downtown Central,Non-Fiction,Student,Friday,9,13,0,Hot,1
2024-09-13,15,29.0,36.4,63.9,7.2,873.0,0.97,0.0,Autumn,Yes,Yes,Al Rawdah Branch,Fiction,Regular,Friday,9,13,0,Hot,1
2024-09-13,22,17.0,32.8,58.0,6.4,841.0,0.0,0.0,Autumn,Yes,Yes,Al Hamra Branch,Technology,Regular,Friday,9,13,0,Warm,1
2024-09-14,8,34.0,30.1,50.6,7.0,1152.0,0.09,0.0,Autumn,Yes,Yes,Downtown Central,History,Walk-In,Saturday,9,14,0,Warm,1
2024-09-14,10,58.0,30.9,73.9,7.8,877.0,2.14,0.0,Autumn,Yes,Yes,University Branch,Technology,Regular,Saturday,9,14,1,Warm,1
2024-09-14,11,30.0,32.7,64.3,0.6,1327.0,3.47,0.0,Autumn,Yes,Yes,Corniche Kiosk,Fiction,Student,Saturday,9,14,1,Warm,1
2024-09-14,14,37.0,34.1,63.6,1.8,1097.0,2.22,0.0,Autumn,Yes,Yes,Al Hamra Branch,Children,Student,Saturday,9,14,0,Warm,1
2024-09-14,16,45.0,34.2,63.3,3.8,1175.0,1.74,0.0,Autumn,Yes,Yes,Al Hamra Branch,Arabic Literature,Premium,Saturday,9,14,1,Warm,1
2024-09-14,18,64.0,30.9,41.3,5.0,1710.0,3.27,0.0,Autumn,Yes,Yes,Al Rawdah Branch,Fiction,Premium,Saturday,9,14,1,Warm,1
2024-09-14,19,32.0,31.3,60.6,1.0,1499.0,0.0,0.0,Autumn,Yes,Yes,Corniche Kiosk,Science,Student,Saturday,9,14,1,Warm,1
2024-09-14,20,10.0,28.7,68.6,5.3,1138.0,0.0,0.0,Autumn,Yes,Yes,Corniche Kiosk,Children,Walk-In,Saturday,9,14,0,Warm,1
2024-09-14,21,26.0,30.6,57.8,7.0,1896.0,0.0,0.0,Autumn,Yes,Yes,Al Rawdah Branch,Non-Fiction,Regular,Saturday,9,14,0,Warm,1
2024-09-14,22,27.0,28.8,47.9,7.8,1418.0,0.0,0.0,Autumn,Yes,Yes,Al Rawdah Branch,History,Premium,Saturday,9,14,0,Warm,1
2024-09-15,10,67.0,34.1,57.4,1.5,1538.0,1.38,0.0,Autumn,No,Yes,Downtown Central,Arabic Literature,Walk-In,Sunday,9,15,1,Warm,0
2024-09-15,11,37.0,34.2,58.3,6.3,1199.0,2.46,4.9,Autumn,No,Yes,Corniche Kiosk,History,Student,Sunday,9,15,1,Warm,0
2024-09-15,12,32.0,36.5,65.0,5.4,1403.0,2.99,0.0,Autumn,No,Yes,Corniche Kiosk,History,Regular,Sunday,9,15,0,Hot,0
2024-09-15,14,49.0,36.3,47.0,7.0,1435.0,0.51,0.0,Autumn,No,Yes,Downtown Central,Fiction,Walk-In,Sunday,9,15,0,Hot,0
2024-09-15,15,61.0,37.5,56.4,5.3,1333.0,2.25,0.0,Autumn,No,Yes,Downtown Central,Science,Regular,Sunday,9,15,0,Hot,0
2024-09-15,18,40.0,34.1,63.7,7.8,864.0,1.68,0.0,Autumn,No,Yes,Corniche Kiosk,History,Student,Sunday,9,15,1,Warm,0
2024-09-15,21,33.0,32.4,53.4,2.2,842.0,0.0,0.0,Autumn,No,Yes,Al Hamra Branch,Fiction,Regular,Sunday,9,15,0,Warm,0
2024-09-15,22,36.0,32.8,43.6,7.0,1438.0,0.0,0.0,Autumn,No,Yes,Al Rawdah Branch,Technology,Walk-In,Sunday,9,15,0,Warm,0
2024-09-16,10,37.0,36.4,60.7,1.2,1955.0,1.83,0.0,Autumn,No,Yes,Corniche Kiosk,Business,Student,Monday,9,16,1,Hot,0
2024-09-16,11,49.0,35.0,63.1,3.0,1143.0,3.3,0.0,Autumn,No,Yes,Al Hamra Branch,Science,Walk-In,Monday,9,16,1,Warm,0
2024-09-16,13,36.0,39.8,73.6,6.2,1604.0,3.25,0.0,Autumn,No,Yes,Al Hamra Branch,Fiction,Premium,Monday,9,16,0,Hot,0
2024-09-16,16,52.0,39.1,68.6,6.8,1901.0,2.98,0.0,Autumn,No,Yes,Al Hamra Branch,History,Premium,Monday,9,16,1,Hot,0
2024-09-16,17,49.0,34.4,41.4,4.8,1296.0,2.4,0.0,Autumn,No,Yes,Al Hamra Branch,History,Walk-In,Monday,9,16,1,Warm,0
2024-09-16,18,57.0,37.0,50.9,2.9,1644.0,1.67,0.0,Autumn,No,Yes,Al Rawdah Branch,Arabic Literature,Regular,Monday,9,16,1,Hot,0
2024-09-16,19,56.0,36.0,64.4,4.0,1371.0,0.0,0.0,Autumn,No,Yes,University Branch,Science,Walk-In,Monday,9,16,1,Hot,0
2024-09-16,20,25.0,34.1,39.3,5.1,900.0,0.0,3.0,Nan,No,Yes,Al Hamra Branch,Children,Walk-In,Monday,9,16,0,Warm,0
2024-09-16,21,22.0,34.8,47.6,3.4,1982.0,0.0,0.0,Autumn,No,Yes,Corniche Kiosk,Non-Fiction,Regular,Monday,9,16,0,Warm,0
2024-09-17,9,71.0,31.7,59.5,5.1,1474.0,0.01,4.2,Autumn,Yes,Yes,Downtown Central,Children,Student,Tuesday,9,17,1,Warm,0
2024-09-17,13,43.0,37.5,60.9,4.1,1904.0,0.33,0.0,Autumn,Yes,Yes,Downtown Central,Fiction,Student,Tuesday,9,17,0,Hot,0
2024-09-17,14,34.0,37.1,51.6,4.2,938.0,1.09,0.0,Autumn,Yes,Yes,University Branch,Technology,Regular,Tuesday,9,17,0,Hot,0
2024-09-17,16,54.0,37.4,41.1,5.1,1464.0,2.12,0.0,Autumn,Yes,Yes,University Branch,Children,Walk-In,Tuesday,9,17,1,Hot,0
2024-09-17,17,28.0,35.2,54.4,5.3,1962.0,1.98,0.0,Autumn,Yes,Yes,Corniche Kiosk,Science,Regular,Tuesday,9,17,1,Hot,0
2024-09-17,22,45.0,33.4,48.0,3.7,1685.0,0.0,0.0,Autumn,Yes,Yes,University Branch,Fiction,Premium,Tuesday,9,17,0,Warm,0
2024-09-18,8,27.0,31.6,42.1,6.9,802.0,0.18,0.0,Autumn,No,Yes,Corniche Kiosk,Children,Premium,Wednesday,9,18,0,Warm,0
2024-09-18,9,64.0,31.3,38.4,4.2,1029.0,0.56,0.0,Autumn,No,Yes,Al Hamra Branch,Fiction,Nan,Wednesday,9,18,1,Warm,0
2024-09-18,13,75.0,36.0,50.1,3.6,1787.0,3.26,0.0,Autumn,No,Yes,Downtown Central,Business,Premium,Wednesday,9,18,0,Hot,0
2024-09-18,14,50.0,37.2,71.0,0.9,1711.0,1.38,0.0,Autumn,No,Yes,Al Rawdah Branch,History,Student,Wednesday,9,18,0,Hot,0
2024-09-18,15,42.0,35.0,53.1,5.4,1328.0,2.11,0.0,Autumn,No,Yes,Al Hamra Branch,History,Walk-In,Wednesday,9,18,0,Warm,0
2024-09-18,16,63.0,34.9,61.5,1.5,1375.0,2.58,0.0,Autumn,No,Yes,Al Hamra Branch,Business,Premium,Wednesday,9,18,1,Warm,0
2024-09-18,18,46.0,32.3,57.2,6.3,1799.0,3.21,0.0,Autumn,No,Yes,Corniche Kiosk,Arabic Literature,Regular,Wednesday,9,18,1,Warm,0
2024-09-18,19,71.0,32.9,58.3,1.7,1092.0,0.0,0.0,Autumn,No,Yes,Al Rawdah Branch,Business,Student,Wednesday,9,18,1,Warm,0
2024-09-18,21,33.0,32.3,66.6,0.8,1418.0,0.0,0.0,Autumn,No,Yes,Al Rawdah Branch,Fiction,Regular,Wednesday,9,18,0,Warm,0
2024-09-19,8,29.0,28.8,60.3,2.2,855.0,1.16,0.0,Autumn,No,Yes,Corniche Kiosk,Business,Walk-In,Thursday,9,19,0,Warm,0
2024-09-19,11,87.0,29.0,47.9,6.7,917.0,0.42,0.0,Autumn,No,Yes,Downtown Central,Children,Regular,Thursday,9,19,1,Warm,0
2024-09-19,13,62.0,32.0,38.5,0.8,1663.0,2.79,0.0,Autumn,No,Yes,Al Hamra Branch,Arabic Literature,Student,Thursday,9,19,0,Warm,0
2024-09-19,14,60.0,34.6,37.3,5.9,1432.0,1.95,0.0,Autumn,No,Yes,University Branch,Science,Regular,Thursday,9,19,0,Warm,0
2024-09-19,15,37.0,33.3,69.9,4.6,1904.0,0.9,0.0,Autumn,No,Yes,Al Hamra Branch,History,Walk-In,Thursday,9,19,0,Warm,0
2024-09-19,18,66.0,29.1,44.4,3.2,1511.0,1.24,0.0,Autumn,No,Yes,Al Hamra Branch,History,Premium,Thursday,9,19,1,Warm,0
2024-09-19,20,41.0,27.6,65.4,4.7,1882.0,0.0,0.0,Autumn,No,Yes,Al Hamra Branch,Business,Regular,Thursday,9,19,0,Warm,0
2024-09-19,21,55.0,29.7,49.3,2.8,1746.0,0.0,0.0,Autumn,No,Yes,Downtown Central,Children,Regular,Thursday,9,19,0,Warm,0
2024-09-19,22,45.0,28.9,56.0,4.9,1542.0,0.0,0.0,Autumn,No,Yes,University Branch,Business,Walk-In,Thursday,9,19,0,Warm,0
2024-09-20,9,41.0,30.6,67.5,3.0,1648.0,0.32,0.0,Autumn,Yes,Yes,Al Hamra Branch,Science,Regular,Friday,9,20,1,Warm,1
2024-09-20,10,76.0,31.7,39.7,7.0,1047.0,2.06,0.0,Autumn,Yes,Yes,Downtown Central,Science,Premium,Friday,9,20,1,Warm,1
2024-09-20,12,36.0,34.8,42.8,3.2,900.0,1.38,0.0,Autumn,Yes,Yes,University Branch,Arabic Literature,Walk-In,Friday,9,20,0,Warm,1
2024-09-20,14,54.0,34.5,76.3,4.8,1055.0,3.25,0.0,Autumn,Yes,Yes,University Branch,History,Student,Friday,9,20,0,Warm,1
2024-09-20,15,16.0,36.2,52.8,7.2,933.0,0.2,0.0,Autumn,Yes,Yes,Corniche Kiosk,History,Premium,Friday,9,20,0,Hot,1
2024-09-20,17,74.0,31.0,68.5,5.2,952.0,0.78,0.0,Autumn,Yes,Yes,Downtown Central,History,Premium,Friday,9,20,1,Warm,1
2024-09-20,18,78.0,32.5,47.9,6.0,979.0,3.23,0.0,Autumn,Yes,Yes,University Branch,Technology,Student,Friday,9,20,1,Warm,1
2024-09-20,19,22.0,30.8,60.7,6.2,1284.0,0.0,0.0,Autumn,Yes,Yes,Corniche Kiosk,Children,Walk-In,Friday,9,20,1,Warm,1
2024-09-20,20,43.0,30.6,63.5,1.9,1649.0,0.0,0.0,Autumn,Yes,Yes,Downtown Central,Non-Fiction,Student,Friday,9,20,0,Warm,1
2024-09-20,21,33.0,29.4,73.2,6.6,1327.0,0.0,0.0,Autumn,Yes,Yes,Downtown Central,Technology,Student,Friday,9,20,0,Warm,1
2024-09-20,22,30.0,30.9,68.4,3.1,1208.0,0.0,0.0,Autumn,Yes,Yes,University Branch,History,Student,Friday,9,20,0,Warm,1
2024-09-21,8,62.0,32.0,72.6,3.9,1704.0,2.74,0.0,Autumn,No,Yes,Downtown Central,Fiction,Premium,Saturday,9,21,0,Warm,1
2024-09-21,11,43.0,31.4,70.6,1.3,1737.0,2.24,0.0,Autumn,No,Yes,Al Hamra Branch,Science,Walk-In,Saturday,9,21,1,Warm,1
2024-09-21,12,51.0,36.8,52.4,2.4,1815.0,0.31,0.0,Autumn,No,Yes,University Branch,Science,Student,Saturday,9,21,0,Hot,1
2024-09-21,15,72.0,35.7,44.9,3.5,1325.0,3.36,0.0,Autumn,No,Yes,Downtown Central,Children,Student,Saturday,9,21,0,Hot,1
2024-09-21,19,67.0,34.1,71.6,4.5,1749.0,0.0,0.0,Autumn,No,Yes,University Branch,Non-Fiction,Regular,Saturday,9,21,1,Warm,1
2024-09-21,21,47.0,29.7,66.7,1.8,1876.0,0.0,0.0,Autumn,No,Yes,Downtown Central,Science,Regular,Saturday,9,21,0,Warm,1
2024-09-21,22,17.0,31.5,44.9,1.8,1970.0,0.0,0.0,Autumn,No,Yes,Corniche Kiosk,Technology,Walk-In,Saturday,9,21,0,Warm,1
2024-09-22,9,57.0,27.2,57.4,6.2,1495.0,2.71,0.0,Autumn,No,Yes,Al Hamra Branch,Science,Regular,Sunday,9,22,1,Warm,0
2024-09-22,10,91.0,26.6,60.2,6.1,1527.0,2.24,0.0,Autumn,No,Yes,Downtown Central,Children,Regular,Sunday,9,22,1,Warm,0
2024-09-22,15,47.0,32.3,52.0,1.0,1538.0,0.68,0.0,Autumn,No,Yes,Al Rawdah Branch,History,Regular,Sunday,9,22,0,Warm,0
2024-09-22,17,99.0,27.0,66.1,4.7,1822.0,0.9,0.0,Autumn,No,Yes,Downtown Central,Business,Premium,Sunday,9,22,1,Warm,0
2024-09-22,20,33.0,25.5,47.2,7.3,1871.0,0.0,0.0,Autumn,No,Yes,Corniche Kiosk,Science,Student,Sunday,9,22,0,Warm,0
2024-09-22,21,36.0,25.1,42.3,1.9,1232.0,0.0,0.0,Autumn,No,Yes,Al Hamra Branch,Technology,Regular,Sunday,9,22,0,Warm,0
2024-09-23,8,49.0,34.9,39.6,1.1,1231.0,1.6,0.0,Autumn,No,Yes,Al Rawdah Branch,Non-Fiction,Student,Monday,9,23,0,Warm,0
2024-09-23,10,84.0,34.6,71.8,3.7,1831.0,2.62,0.0,Autumn,No,Yes,University Branch,Arabic Literature,Student,Monday,9,23,1,Warm,0
2024-09-23,11,54.0,37.2,54.2,7.9,1776.0,2.51,0.0,Autumn,No,Yes,Al Rawdah Branch,Non-Fiction,Premium,Monday,9,23,1,Hot,0
2024-09-23,12,16.0,38.1,58.2,3.4,1726.0,0.15,0.0,Autumn,No,Yes,Corniche Kiosk,Non-Fiction,Walk-In,Monday,9,23,0,Hot,0
2024-09-23,13,46.0,38.3,51.5,5.6,1653.0,3.45,0.0,Autumn,No,Yes,Al Hamra Branch,Fiction,Student,Monday,9,23,0,Hot,0
2024-09-23,14,47.0,38.0,58.3,2.5,1656.0,1.69,0.0,Autumn,No,Yes,Al Rawdah Branch,Non-Fiction,Student,Monday,9,23,0,Hot,0
2024-09-23,15,32.0,38.3,63.8,4.2,1516.0,2.9,0.0,Autumn,No,Yes,Al Hamra Branch,Technology,Premium,Monday,9,23,0,Hot,0
2024-09-23,17,24.0,37.1,75.3,4.2,1372.0,2.77,0.0,Autumn,No,Yes,Corniche Kiosk,Fiction,Walk-In,Monday,9,23,1,Hot,0
2024-09-23,22,21.0,34.7,52.0,7.3,1007.0,0.0,0.0,Autumn,No,Yes,Corniche Kiosk,Business,Student,Monday,9,23,0,Warm,0
2024-09-24,8,57.0,32.9,56.8,7.9,1887.0,2.62,0.0,Autumn,No,Yes,Al Rawdah Branch,Non-Fiction,Student,Tuesday,9,24,0,Warm,0
2024-09-24,9,40.0,32.8,67.5,4.1,1560.0,2.36,0.0,Autumn,No,Yes,Corniche Kiosk,Arabic Literature,Regular,Tuesday,9,24,1,Warm,0
2024-09-24,10,32.0,32.7,44.3,4.0,962.0,1.95,0.0,Autumn,No,Yes,Corniche Kiosk,Fiction,Walk-In,Tuesday,9,24,1,Warm,0
2024-09-24,11,56.0,33.2,43.2,1.8,912.0,3.18,0.0,Autumn,No,Yes,Al Rawdah Branch,Children,Walk-In,Tuesday,9,24,1,Warm,0
2024-09-24,15,38.0,36.0,60.9,2.0,1297.0,0.74,0.0,Autumn,No,Yes,Al Hamra Branch,Fiction,Regular,Tuesday,9,24,0,Hot,0
2024-09-24,16,41.0,36.7,46.3,5.1,1189.0,2.35,0.0,Autumn,No,Yes,Corniche Kiosk,Science,Premium,Tuesday,9,24,1,Hot,0
2024-09-24,17,102.0,34.2,59.4,4.7,1012.0,1.34,0.0,Autumn,No,Yes,Downtown Central,Children,Student,Tuesday,9,24,1,Warm,0
2024-09-24,18,92.0,34.4,53.5,1.9,1652.0,2.86,0.0,Autumn,No,Yes,University Branch,History,Premium,Tuesday,9,24,1,Warm,0
2024-09-24,19,48.0,34.9,45.3,1.7,1922.0,0.0,0.0,Autumn,No,Yes,Al Rawdah Branch,Science,Walk-In,Tuesday,9,24,1,Warm,0
2024-09-24,22,21.0,32.5,60.2,6.4,850.0,0.0,0.0,Autumn,No,Yes,Corniche Kiosk,Technology,Student,Tuesday,9,24,0,Warm,0
2024-09-25,9,60.0,36.1,76.3,5.9,1536.0,1.34,0.0,Autumn,No,Yes,Al Rawdah Branch,Science,Student,Wednesday,9,25,1,Hot,0
2024-09-25,10,21.0,36.9,45.5,1.3,1646.0,0.99,0.0,Autumn,No,Yes,Corniche Kiosk,Fiction,Walk-In,Wednesday,9,25,1,Hot,0
2024-09-25,12,37.0,42.2,51.8,4.2,916.0,2.37,0.0,Autumn,No,Yes,Downtown Central,Arabic Literature,Walk-In,Wednesday,9,25,0,Hot,0
2024-09-25,13,40.0,39.5,39.9,4.2,1454.0,1.78,0.0,Autumn,No,Yes,Al Hamra Branch,Technology,Premium,Wednesday,9,25,0,Hot,0
2024-09-25,14,44.0,40.8,46.7,7.2,1266.0,3.19,0.0,Autumn,No,Yes,Downtown Central,Technology,Regular,Wednesday,9,25,0,Hot,0
2024-09-25,15,38.0,42.3,75.2,1.9,1468.0,2.44,0.0,Autumn,No,Yes,Downtown Central,Business,Premium,Wednesday,9,25,0,Hot,0
2024-09-25,16,53.0,41.3,63.1,6.2,828.0,1.61,0.0,Autumn,No,Yes,Al Rawdah Branch,Arabic Literature,Student,Wednesday,9,25,1,Hot,0
2024-09-25,17,43.0,37.0,66.7,6.9,1871.0,2.76,0.0,Autumn,No,Yes,Corniche Kiosk,Business,Student,Wednesday,9,25,1,Hot,0
2024-09-25,19,54.0,39.2,70.0,7.7,1460.0,0.0,0.0,Autumn,No,Yes,Downtown Central,Business,Walk-In,Wednesday,9,25,1,Hot,0
2024-09-25,20,52.0,35.7,66.2,6.7,858.0,0.0,0.0,Autumn,No,Yes,Downtown Central,Technology,Premium,Wednesday,9,25,0,Hot,0
2024-09-25,21,25.0,36.8,74.0,4.7,966.0,0.0,0.0,Autumn,No,Yes,Al Rawdah Branch,Non-Fiction,Walk-In,Wednesday,9,25,0,Hot,0
2024-09-25,22,36.0,34.9,66.0,2.0,1552.0,0.0,0.0,Autumn,No,Yes,University Branch,Business,Regular,Wednesday,9,25,0,Warm,0
2024-09-26,9,87.0,31.3,52.2,4.1,1596.0,3.08,0.0,Autumn,No,Yes,University Branch,Fiction,Premium,Thursday,9,26,1,Warm,0
2024-09-26,10,44.0,33.7,44.4,0.9,1633.0,0.57,0.0,Autumn,No,Yes,Al Hamra Branch,Non-Fiction,Walk-In,Thursday,9,26,1,Warm,0
2024-09-26,11,61.0,32.8,49.1,4.7,1436.0,2.79,0.0,Autumn,No,Yes,Al Hamra Branch,Science,Nan,Thursday,9,26,1,Warm,0
2024-09-26,12,46.0,35.0,47.2,0.6,1955.0,2.74,0.0,Autumn,No,Yes,Al Hamra Branch,History,Regular,Thursday,9,26,0,Warm,0
2024-09-26,13,28.0,36.7,68.2,3.5,1423.0,1.09,0.0,Autumn,No,Yes,Al Hamra Branch,Children,Walk-In,Thursday,9,26,0,Hot,0
2024-09-26,14,29.0,35.4,64.1,7.0,960.0,2.77,0.0,Autumn,No,Yes,Corniche Kiosk,Fiction,Premium,Thursday,9,26,0,Hot,0
2024-09-26,15,53.0,33.8,61.8,4.3,1120.0,0.88,0.0,Autumn,No,Yes,Downtown Central,Technology,Walk-In,Thursday,9,26,0,Warm,0
2024-09-26,16,42.0,35.6,60.3,3.9,1997.0,1.42,0.0,Autumn,No,Yes,Corniche Kiosk,Arabic Literature,Student,Thursday,9,26,1,Hot,0
2024-09-26,17,46.0,31.1,46.7,1.2,1189.0,2.1,0.0,Autumn,No,Yes,Corniche Kiosk,Science,Premium,Thursday,9,26,1,Warm,0
2024-09-26,18,45.0,32.5,70.2,7.7,1977.0,0.06,0.0,Autumn,No,Yes,Corniche Kiosk,Business,Premium,Thursday,9,26,1,Warm,0
2024-09-26,21,54.0,29.8,60.5,1.7,1420.0,0.0,0.0,Autumn,No,Yes,University Branch,Arabic Literature,Regular,Thursday,9,26,0,Warm,0
2024-09-26,22,40.0,30.3,77.6,2.5,1148.0,0.0,0.0,Autumn,No,Yes,Al Rawdah Branch,Fiction,Premium,Thursday,9,26,0,Warm,0
2024-09-27,8,47.0,28.4,48.6,7.2,1376.0,2.38,0.0,Nan,Yes,Yes,University Branch,Children,Regular,Friday,9,27,0,Warm,1
2024-09-27,10,63.0,32.3,68.3,4.1,1117.0,2.42,0.0,Nan,Yes,Yes,University Branch,History,Premium,Friday,9,27,1,Warm,1
2024-09-27,11,35.0,31.0,64.1,4.0,875.0,1.63,0.0,Autumn,Yes,Yes,Al Hamra Branch,Non-Fiction,Walk-In,Friday,9,27,1,Warm,1
2024-09-27,12,14.0,34.3,51.2,5.3,1237.0,1.66,0.0,Autumn,Yes,Yes,Corniche Kiosk,Fiction,Walk-In,Friday,9,27,0,Warm,1
2024-09-27,13,24.0,33.1,73.1,1.0,979.0,2.38,0.0,Autumn,Yes,Yes,Corniche Kiosk,Non-Fiction,Premium,Friday,9,27,0,Warm,1
2024-09-27,15,58.0,34.1,40.4,4.9,950.0,0.81,0.0,Autumn,Yes,Yes,Downtown Central,Arabic Literature,Student,Friday,9,27,0,Warm,1
2024-09-27,16,53.0,34.6,55.3,6.6,1816.0,3.33,0.0,Autumn,Yes,Yes,Al Hamra Branch,Children,Student,Friday,9,27,1,Warm,1
2024-09-27,17,33.0,31.4,59.2,6.4,886.0,0.66,0.0,Autumn,Yes,Yes,Corniche Kiosk,Science,Regular,Friday,9,27,1,Warm,1
2024-09-27,18,79.0,32.3,57.7,2.7,1113.0,1.64,0.0,Autumn,Yes,Yes,Downtown Central,Technology,Premium,Friday,9,27,1,Warm,1
2024-09-27,19,25.0,30.9,57.8,1.6,1688.0,0.0,0.0,Autumn,Yes,Yes,Corniche Kiosk,Non-Fiction,Premium,Friday,9,27,1,Warm,1
2024-09-27,20,26.0,29.3,53.6,3.2,1665.0,0.0,0.0,Autumn,Yes,Yes,Al Hamra Branch,Business,Regular,Friday,9,27,0,Warm,1
2024-09-27,22,26.0,32.2,43.1,5.8,1075.0,0.0,0.0,Autumn,Yes,Yes,Al Hamra Branch,History,Regular,Friday,9,27,0,Warm,1
2024-09-28,8,30.0,35.8,76.2,4.9,1682.0,2.52,0.0,Autumn,No,Yes,University Branch,Children,Nan,Saturday,9,28,0,Hot,1
2024-09-28,9,58.0,35.3,62.3,6.4,924.0,2.06,0.0,Autumn,No,Yes,Downtown Central,History,Walk-In,Saturday,9,28,1,Hot,1
2024-09-28,10,67.0,35.7,57.5,4.0,1976.0,0.36,0.0,Autumn,No,Yes,Downtown Central,Children,Premium,Saturday,9,28,1,Hot,1
2024-09-28,11,50.0,35.1,52.7,4.5,1061.0,2.74,0.0,Autumn,No,Yes,Al Hamra Branch,Fiction,Regular,Saturday,9,28,1,Hot,1
2024-09-28,14,23.0,40.5,48.0,7.1,1399.0,0.14,0.0,Autumn,No,Yes,Al Rawdah Branch,Technology,Walk-In,Saturday,9,28,0,Hot,1
2024-09-28,15,28.0,39.1,40.1,7.4,907.0,3.06,0.0,Autumn,No,Yes,Al Rawdah Branch,Science,Walk-In,Saturday,9,28,0,Hot,1
2024-09-28,16,66.0,40.8,45.5,0.6,1942.0,1.4,0.0,Autumn,No,Yes,Downtown Central,History,Student,Saturday,9,28,1,Hot,1
2024-09-28,19,58.0,37.9,49.0,3.1,1108.0,0.0,0.0,Autumn,No,Yes,Downtown Central,Children,Regular,Saturday,9,28,1,Hot,1
2024-09-28,20,46.0,35.9,37.9,5.4,1170.0,0.0,0.0,Autumn,No,Yes,Downtown Central,Children,Student,Saturday,9,28,0,Hot,1
2024-09-28,21,46.0,34.0,76.3,8.0,1310.0,0.0,0.0,Autumn,No,Yes,Downtown Central,Children,Student,Saturday,9,28,0,Warm,1
2024-09-29,8,44.0,36.9,52.0,1.6,1182.0,2.01,0.0,Autumn,No,Yes,Al Rawdah Branch,Science,Student,Sunday,9,29,0,Hot,0
2024-09-29,9,88.0,36.1,48.5,6.1,875.0,1.12,0.0,Autumn,No,Yes,Downtown Central,History,Student,Sunday,9,29,1,Hot,0
2024-09-29,10,38.0,38.6,50.6,7.7,1965.0,2.4,0.0,Autumn,No,Yes,Corniche Kiosk,Children,Premium,Sunday,9,29,1,Hot,0
2024-09-29,11,41.0,37.2,57.3,3.6,1169.0,1.53,0.0,Autumn,No,Yes,Al Hamra Branch,History,Walk-In,Sunday,9,29,1,Hot,0
2024-09-29,12,41.0,40.7,66.0,7.1,1468.0,1.87,0.0,Autumn,No,Yes,Downtown Central,Children,Premium,Sunday,9,29,0,Hot,0
2024-09-29,14,15.0,41.3,51.6,1.0,1773.0,3.38,0.0,Autumn,No,Yes,Corniche Kiosk,Science,Walk-In,Sunday,9,29,0,Hot,0
2024-09-29,16,85.0,32.2,50.3,4.2,1570.0,2.09,0.0,Autumn,No,Yes,Downtown Central,Non-Fiction,Student,Sunday,9,29,1,Warm,0
2024-09-29,18,66.0,36.3,61.6,7.0,818.0,1.2,0.0,Autumn,No,Yes,University Branch,Children,Walk-In,Sunday,9,29,1,Hot,0
2024-09-29,19,50.0,38.0,50.6,3.9,916.0,0.0,0.0,Autumn,No,Yes,Al Hamra Branch,Business,Student,Sunday,9,29,1,Hot,0
2024-09-29,20,23.0,36.8,56.1,4.0,1939.0,0.0,0.0,Autumn,No,Yes,Corniche Kiosk,Business,Student,Sunday,9,29,0,Hot,0
2024-09-29,21,39.0,35.0,42.0,3.6,1297.0,0.0,0.0,Autumn,No,Yes,University Branch,Arabic Literature,Regular,Sunday,9,29,0,Warm,0
2024-09-29,22,29.0,35.5,48.7,5.0,1715.0,0.0,0.0,Autumn,No,Yes,Al Hamra Branch,Non-Fiction,Premium,Sunday,9,29,0,Hot,0
2024-09-30,8,36.0,34.6,65.8,2.6,1459.0,3.22,0.0,Autumn,No,Yes,Al Hamra Branch,Non-Fiction,Regular,Monday,9,30,0,Warm,0
2024-09-30,12,54.0,41.1,66.3,6.4,1631.0,2.56,0.0,Autumn,No,Yes,Downtown Central,History,Student,Monday,9,30,0,Hot,0
2024-09-30,13,23.0,40.2,53.8,5.6,894.0,2.85,0.0,Autumn,No,Yes,Corniche Kiosk,Fiction,Premium,Monday,9,30,0,Hot,0
2024-09-30,14,19.0,41.3,42.6,7.4,1021.0,2.91,0.0,Autumn,No,Yes,Corniche Kiosk,Non-Fiction,Walk-In,Monday,9,30,0,Hot,0
2024-09-30,17,29.0,35.7,55.7,6.5,1063.0,0.64,0.0,Autumn,No,Yes,Corniche Kiosk,Non-Fiction,Walk-In,Monday,9,30,1,Hot,0
2024-09-30,18,72.0,36.5,54.9,3.5,1299.0,1.17,0.0,Autumn,No,Yes,Al Rawdah Branch,Arabic Literature,Student,Monday,9,30,1,Hot,0
2024-09-30,20,44.0,35.9,70.2,2.7,1870.0,0.0,0.0,Autumn,No,Yes,Al Rawdah Branch,Non-Fiction,Walk-In,Monday,9,30,0,Hot,0
2024-09-30,22,49.0,34.9,60.2,7.2,1329.0,0.0,0.0,Autumn,No,Yes,Downtown Central,History,Premium,Monday,9,30,0,Warm,0
2024-10-01,8,45.0,27.1,78.3,0.6,1389.0,1.36,0.0,Autumn,No,Yes,Al Hamra Branch,Technology,Premium,Tuesday,10,1,0,Warm,0
2024-10-01,10,68.0,29.6,58.5,3.8,1037.0,1.15,0.0,Autumn,No,Yes,University Branch,Arabic Literature,Walk-In,Tuesday,10,1,1,Warm,0
2024-10-01,11,51.0,32.2,40.9,2.9,829.0,0.93,0.0,Autumn,No,Yes,Al Hamra Branch,History,Walk-In,Tuesday,10,1,1,Warm,0
2024-10-01,12,84.0,31.0,65.8,5.5,1149.0,2.36,0.0,Autumn,No,Yes,Downtown Central,Business,Student,Tuesday,10,1,0,Warm,0
2024-10-01,16,45.0,32.1,72.6,7.9,1913.0,0.51,0.0,Autumn,No,Yes,Corniche Kiosk,Fiction,Student,Tuesday,10,1,1,Warm,0
2024-10-01,18,94.0,29.6,65.2,1.2,1377.0,0.67,0.0,Autumn,No,Yes,Downtown Central,Fiction,Premium,Tuesday,10,1,1,Warm,0
2024-10-01,22,43.0,27.5,55.8,2.6,1969.0,0.0,4.0,Autumn,No,Yes,University Branch,History,Premium,Tuesday,10,1,0,Warm,0
2024-10-02,8,29.0,32.7,46.6,1.9,1373.0,2.63,0.0,Autumn,No,Yes,Corniche Kiosk,History,Walk-In,Wednesday,10,2,0,Warm,0
2024-10-02,9,71.0,32.8,52.7,7.6,1593.0,1.95,0.0,Autumn,No,Yes,Al Rawdah Branch,Fiction,Student,Wednesday,10,2,1,Warm,0
2024-10-02,10,71.0,33.9,46.9,7.3,1696.0,3.25,0.0,Autumn,No,Yes,Al Rawdah Branch,Non-Fiction,Premium,Wednesday,10,2,1,Warm,0
2024-10-02,11,81.0,32.8,67.3,7.2,1703.0,2.13,0.0,Autumn,No,Yes,University Branch,History,Regular,Wednesday,10,2,1,Warm,0
2024-10-02,12,63.0,36.8,54.5,5.2,822.0,1.17,0.0,Autumn,No,Yes,Downtown Central,Fiction,Student,Wednesday,10,2,0,Hot,0
2024-10-02,13,40.0,37.2,67.2,1.6,1623.0,3.32,0.0,Autumn,No,Yes,Al Rawdah Branch,Non-Fiction,Walk-In,Wednesday,10,2,0,Hot,0
2024-10-02,14,46.0,32.2,75.4,7.2,990.0,2.97,0.0,Autumn,No,Yes,Al Rawdah Branch,Arabic Literature,Premium,Wednesday,10,2,0,Warm,0
2024-10-02,15,21.0,35.7,44.8,6.0,1941.0,0.4,0.0,Autumn,No,Yes,Corniche Kiosk,Business,Walk-In,Wednesday,10,2,0,Hot,0
2024-10-02,16,32.0,36.2,50.0,6.5,1184.0,3.3,1.1,Autumn,No,Yes,Corniche Kiosk,Science,Premium,Wednesday,10,2,1,Hot,0
2024-10-02,21,19.0,31.4,70.4,6.0,1878.0,0.0,0.0,Autumn,No,Yes,Corniche Kiosk,Non-Fiction,Walk-In,Wednesday,10,2,0,Warm,0
2024-10-02,22,55.0,31.6,44.1,6.8,1911.0,0.0,0.0,Autumn,No,Yes,University Branch,Non-Fiction,Premium,Wednesday,10,2,0,Warm,0
2024-10-03,10,57.0,28.9,66.7,1.5,1063.0,2.86,0.8,Autumn,No,Yes,Al Hamra Branch,Business,Student,Thursday,10,3,1,Warm,0
2024-10-03,14,55.0,34.4,68.9,4.9,1209.0,0.82,0.0,Autumn,No,Yes,University Branch,History,Regular,Thursday,10,3,0,Warm,0
2024-10-03,16,25.0,34.2,57.5,4.3,908.0,0.89,0.0,Autumn,No,Yes,Corniche Kiosk,Technology,Walk-In,Thursday,10,3,1,Warm,0
2024-10-03,19,68.0,29.5,64.9,1.1,1142.0,0.0,0.0,Autumn,No,Yes,Al Rawdah Branch,History,Premium,Thursday,10,3,1,Warm,0
2024-10-03,20,71.0,29.3,53.6,1.6,1898.0,0.0,0.0,Autumn,No,Yes,Downtown Central,History,Premium,Thursday,10,3,0,Warm,0
2024-10-03,21,37.0,26.6,67.8,7.0,932.0,0.0,0.0,Autumn,No,Yes,University Branch,Fiction,Walk-In,Thursday,10,3,0,Warm,0
2024-10-03,22,50.0,29.2,66.9,4.8,1558.0,0.0,0.0,Autumn,No,Yes,Downtown Central,Arabic Literature,Regular,Thursday,10,3,0,Warm,0
2024-10-04,11,41.0,30.4,41.2,3.4,1735.0,1.43,0.0,Autumn,Yes,Yes,Al Hamra Branch,Business,Walk-In,Friday,10,4,1,Warm,1
2024-10-04,15,30.0,34.6,62.8,3.6,1865.0,3.46,0.0,Autumn,Yes,Yes,Al Rawdah Branch,Technology,Walk-In,Friday,10,4,0,Warm,1
2024-10-04,16,89.0,32.3,67.0,2.6,1283.0,2.32,0.0,Autumn,Yes,Yes,Downtown Central,Technology,Student,Friday,10,4,1,Warm,1
2024-10-04,17,60.0,29.0,66.3,1.0,1650.0,1.66,0.0,Autumn,Yes,Yes,University Branch,Children,Walk-In,Friday,10,4,1,Warm,1
2024-10-04,18,59.0,31.2,52.7,1.0,1217.0,1.47,0.0,Autumn,Yes,Yes,Al Hamra Branch,Technology,Nan,Friday,10,4,1,Warm,1
2024-10-04,20,35.0,28.3,64.0,1.7,1322.0,0.0,0.0,Autumn,No,Yes,Downtown Central,Science,Walk-In,Friday,10,4,0,Warm,1
2024-10-04,21,40.0,27.3,54.4,1.0,1241.0,0.0,0.0,Autumn,Yes,Yes,University Branch,Fiction,Student,Friday,10,4,0,Warm,1
2024-10-04,22,33.0,27.1,71.9,3.1,905.0,0.0,0.0,Autumn,Yes,Yes,University Branch,Fiction,Premium,Friday,10,4,0,Warm,1
2024-10-05,12,49.0,32.4,48.0,7.8,1675.0,1.52,0.0,Autumn,No,Yes,Downtown Central,History,Walk-In,Saturday,10,5,0,Warm,1
2024-10-05,15,58.0,31.8,76.3,7.9,1527.0,2.64,0.0,Autumn,No,Yes,Downtown Central,Fiction,Walk-In,Saturday,10,5,0,Warm,1
2024-10-05,16,82.0,33.7,44.0,4.2,847.0,2.63,0.0,Autumn,No,Yes,University Branch,Non-Fiction,Regular,Saturday,10,5,1,Warm,1
2024-10-05,18,35.0,29.3,64.1,6.9,1442.0,0.17,0.0,Autumn,No,Yes,Corniche Kiosk,Children,Walk-In,Saturday,10,5,1,Warm,1
2024-10-05,19,59.0,28.8,44.5,3.3,1094.0,0.0,0.0,Autumn,No,Yes,Al Hamra Branch,Technology,Premium,Saturday,10,5,1,Warm,1
2024-10-05,20,43.0,28.5,69.2,4.6,803.0,0.0,0.0,Autumn,No,Yes,University Branch,Arabic Literature,Walk-In,Saturday,10,5,0,Warm,1
2024-10-06,13,0.0,35.9,41.8,7.1,1813.0,2.8,0.0,Autumn,Yes,Yes,Al Hamra Branch,Arabic Literature,Regular,Sunday,10,6,0,Hot,0
2024-10-07,10,47.0,32.8,63.1,5.2,1727.0,2.65,0.0,Autumn,No,Yes,Al Hamra Branch,Children,Walk-In,Monday,10,7,1,Warm,0
2024-10-07,11,77.0,32.5,53.8,6.8,1087.0,0.55,0.0,Autumn,No,Yes,University Branch,Technology,Premium,Monday,10,7,1,Warm,0
2024-10-07,18,88.0,32.0,57.7,5.0,1129.0,0.69,0.0,Autumn,No,Yes,Downtown Central,Science,Regular,Monday,10,7,1,Warm,0
2024-10-07,19,48.0,34.2,62.3,5.0,1126.0,0.0,0.0,Autumn,No,Yes,Al Rawdah Branch,History,Walk-In,Monday,10,7,1,Warm,0
2024-10-07,20,62.0,30.2,75.9,2.3,1076.0,0.0,0.0,Autumn,No,Yes,Downtown Central,Fiction,Premium,Monday,10,7,0,Warm,0
2024-10-07,21,42.0,32.2,69.2,3.9,1586.0,0.0,0.0,Autumn,No,Yes,Downtown Central,Business,Walk-In,Monday,10,7,0,Warm,0
2024-10-07,22,67.0,30.1,49.1,6.2,915.0,0.0,0.0,Autumn,No,Yes,Downtown Central,Science,Nan,Monday,10,7,0,Warm,0
2024-10-08,9,105.0,29.3,43.1,5.2,1905.0,2.12,0.0,Autumn,No,Yes,University Branch,Non-Fiction,Student,Tuesday,10,8,1,Warm,0
2024-10-08,10,44.0,31.5,37.5,3.2,988.0,1.27,0.0,Autumn,No,Yes,Corniche Kiosk,Science,Regular,Tuesday,10,8,1,Warm,0
2024-10-08,12,31.0,36.1,51.8,1.4,1234.0,1.39,0.0,Autumn,Yes,Yes,Corniche Kiosk,Technology,Premium,Tuesday,10,8,0,Hot,0
2024-10-08,13,68.0,34.3,64.9,7.3,1208.0,0.07,0.0,Autumn,No,Yes,University Branch,Arabic Literature,Student,Tuesday,10,8,0,Warm,0
2024-10-08,15,60.0,34.8,65.6,3.2,1348.0,2.16,0.0,Autumn,No,Yes,University Branch,Business,Regular,Tuesday,10,8,0,Warm,0
2024-10-08,16,72.0,34.6,44.1,5.6,1350.0,3.39,0.0,Autumn,No,Yes,University Branch,Science,Walk-In,Tuesday,10,8,1,Warm,0
2024-10-08,17,96.0,33.3,66.0,6.4,1378.0,1.99,0.0,Nan,No,Yes,Downtown Central,History,Premium,Tuesday,10,8,1,Warm,0
2024-10-08,21,30.0,30.8,46.4,1.3,955.0,0.0,0.0,Autumn,No,Yes,Al Rawdah Branch,Fiction,Walk-In,Tuesday,10,8,0,Warm,0
2024-10-09,9,78.0,28.3,53.6,4.5,1308.0,2.25,4.8,Autumn,No,Yes,University Branch,Children,Premium,Wednesday,10,9,1,Warm,0
2024-10-09,10,83.0,30.2,62.9,6.0,1309.0,1.32,3.0,Autumn,No,Yes,Downtown Central,History,Premium,Wednesday,10,9,1,Warm,0
2024-10-09,14,57.0,32.6,49.6,6.6,1609.0,3.48,0.0,Autumn,No,Yes,Al Hamra Branch,History,Nan,Wednesday,10,9,0,Warm,0
2024-10-09,15,72.0,33.6,73.6,4.3,1399.0,0.85,0.0,Autumn,No,Yes,Downtown Central,Technology,Premium,Wednesday,10,9,0,Warm,0
2024-10-09,16,52.0,33.7,53.6,2.8,1138.0,3.47,3.0,Autumn,No,Yes,Al Hamra Branch,Technology,Premium,Wednesday,10,9,1,Warm,0
2024-10-09,17,65.0,30.5,49.3,2.3,1756.0,2.98,0.0,Autumn,No,Yes,Al Hamra Branch,History,Regular,Wednesday,10,9,1,Warm,0
2024-10-09,22,33.0,29.8,60.6,7.6,1279.0,0.0,0.0,Autumn,No,Yes,Al Hamra Branch,History,Regular,Wednesday,10,9,0,Warm,0
2024-10-10,9,21.0,36.4,44.0,5.8,877.0,2.82,0.0,Autumn,No,Yes,Corniche Kiosk,Non-Fiction,Walk-In,Thursday,10,10,1,Hot,0
2024-10-10,10,60.0,36.4,37.2,6.0,1508.0,2.72,0.0,Autumn,No,Yes,Al Hamra Branch,Business,Premium,Thursday,10,10,1,Hot,0
2024-10-10,12,31.0,40.1,52.6,5.2,803.0,0.99,0.0,Autumn,No,Yes,Al Hamra Branch,Arabic Literature,Student,Thursday,10,10,0,Hot,0
2024-10-10,13,23.0,39.7,56.1,7.9,878.0,0.4,0.0,Autumn,No,Yes,Al Hamra Branch,Non-Fiction,Walk-In,Thursday,10,10,0,Hot,0
2024-10-10,15,44.0,39.0,41.8,6.5,1694.0,0.77,0.0,Autumn,No,Yes,Downtown Central,Business,Premium,Thursday,10,10,0,Hot,0
2024-10-10,17,95.0,36.0,40.5,6.6,1124.0,0.43,0.0,Autumn,No,Yes,Downtown Central,Children,Student,Thursday,10,10,1,Hot,0
2024-10-10,18,27.0,35.8,50.1,3.0,1770.0,2.02,1.6,Autumn,No,Yes,Corniche Kiosk,Children,Walk-In,Thursday,10,10,1,Hot,0
2024-10-10,19,52.0,38.5,66.4,1.1,985.0,0.0,0.0,Autumn,No,Yes,University Branch,Arabic Literature,Walk-In,Thursday,10,10,1,Hot,0
2024-10-10,20,22.0,35.9,74.9,6.3,970.0,0.0,0.0,Autumn,No,Yes,Al Hamra Branch,Non-Fiction,Nan,Thursday,10,10,0,Hot,0
2024-10-11,9,43.0,34.3,58.1,5.2,1199.0,1.31,4.9,Nan,Yes,Yes,University Branch,Fiction,Regular,Friday,10,11,1,Warm,1
2024-10-11,10,58.0,37.0,44.5,1.1,1565.0,1.43,0.0,Autumn,Yes,Yes,Downtown Central,Technology,Student,Friday,10,11,1,Hot,1
2024-10-11,11,43.0,38.3,64.7,7.8,1494.0,0.59,0.0,Autumn,Yes,Yes,Downtown Central,Business,Premium,Friday,10,11,1,Hot,1
2024-10-11,12,17.0,41.8,72.3,4.9,1621.0,2.55,0.0,Autumn,Yes,Yes,University Branch,Business,Student,Friday,10,11,0,Hot,1
2024-10-11,13,12.0,39.9,64.7,6.5,962.0,3.06,0.0,Autumn,Yes,Yes,Corniche Kiosk,History,Premium,Friday,10,11,0,Hot,1
2024-10-11,15,0.0,41.2,63.7,1.8,1210.0,1.0,0.0,Autumn,Yes,Yes,Corniche Kiosk,Business,Regular,Friday,10,11,0,Hot,1
2024-10-11,16,44.0,40.1,66.8,2.3,1504.0,0.75,0.0,Autumn,Yes,Yes,Downtown Central,History,Walk-In,Friday,10,11,1,Hot,1
2024-10-11,17,58.0,37.5,60.1,5.2,1012.0,1.64,0.0,Autumn,Yes,Yes,University Branch,Non-Fiction,Student,Friday,10,11,1,Hot,1
2024-10-11,19,40.0,38.0,61.2,4.1,1599.0,0.0,0.0,Autumn,Yes,Yes,University Branch,Children,Walk-In,Friday,10,11,1,Hot,1
2024-10-11,20,13.0,36.7,53.4,7.0,1114.0,0.0,0.0,Autumn,Yes,Yes,Corniche Kiosk,Children,Student,Friday,10,11,0,Hot,1
2024-10-11,21,8.0,36.6,75.2,2.2,1897.0,0.0,0.0,Autumn,Yes,Yes,Corniche Kiosk,Science,Premium,Friday,10,11,0,Hot,1
2024-10-11,22,7.0,32.2,49.2,3.9,1761.0,0.0,0.0,Autumn,Yes,Yes,Corniche Kiosk,Non-Fiction,Premium,Friday,10,11,0,Warm,1
2024-10-12,9,85.0,27.9,53.2,5.1,1917.0,0.16,0.0,Autumn,No,Yes,Downtown Central,Non-Fiction,Premium,Saturday,10,12,1,Warm,1
2024-10-12,10,24.0,31.3,63.5,6.7,1472.0,2.62,0.0,Autumn,No,Yes,Corniche Kiosk,History,Walk-In,Saturday,10,12,1,Warm,1
2024-10-12,11,80.0,31.5,59.6,7.3,1458.0,1.97,0.0,Autumn,No,Yes,University Branch,History,Premium,Saturday,10,12,1,Warm,1
2024-10-12,14,29.0,33.5,74.3,4.3,1825.0,0.82,3.1,Autumn,No,Yes,Al Rawdah Branch,Arabic Literature,Premium,Saturday,10,12,0,Warm,1
2024-10-12,15,52.0,35.2,54.8,4.9,840.0,1.47,0.0,Autumn,No,Yes,Al Rawdah Branch,Fiction,Student,Saturday,10,12,0,Hot,1
2024-10-12,16,53.0,34.9,69.7,5.9,1746.0,1.4,0.0,Autumn,No,Yes,Al Rawdah Branch,Business,Regular,Saturday,10,12,1,Warm,1
2024-10-12,17,68.0,31.7,53.2,2.1,1158.0,3.05,0.0,Autumn,No,Yes,Al Rawdah Branch,Children,Premium,Saturday,10,12,1,Warm,1
2024-10-12,18,29.0,32.3,65.3,6.3,1317.0,2.22,0.0,Autumn,No,Yes,Corniche Kiosk,Technology,Nan,Saturday,10,12,1,Warm,1
2024-10-12,19,81.0,29.5,52.6,1.9,1352.0,0.0,0.0,Autumn,No,Yes,Downtown Central,Non-Fiction,Nan,Saturday,10,12,1,Warm,1
2024-10-12,20,37.0,29.3,65.4,1.6,1635.0,0.0,0.0,Autumn,No,Yes,Al Hamra Branch,Children,Nan,Saturday,10,12,0,Warm,1
2024-10-12,21,44.0,28.2,55.0,7.7,1131.0,0.0,0.0,Autumn,No,Yes,University Branch,Children,Regular,Saturday,10,12,0,Warm,1
2024-10-12,22,36.0,27.6,59.3,7.2,1481.0,0.0,0.0,Autumn,No,Yes,Al Hamra Branch,Business,Premium,Saturday,10,12,0,Warm,1
2024-10-14,10,57.0,34.4,55.0,3.5,1258.0,1.81,0.0,Autumn,No,Yes,Al Hamra Branch,Children,Premium,Monday,10,14,1,Warm,0
2024-10-14,13,75.0,35.3,49.1,3.7,1933.0,2.16,0.0,Autumn,No,Yes,Downtown Central,Fiction,Student,Monday,10,14,0,Hot,0
2024-10-14,14,34.0,37.4,51.5,1.0,1803.0,0.9,0.0,Autumn,No,Yes,Al Hamra Branch,Business,Regular,Monday,10,14,0,Hot,0
2024-10-14,17,60.0,32.8,74.2,3.3,802.0,1.87,0.0,Autumn,No,Yes,Al Hamra Branch,Fiction,Nan,Monday,10,14,1,Warm,0
2024-10-14,18,67.0,34.6,66.3,2.4,1828.0,2.95,0.0,Autumn,No,Yes,Al Rawdah Branch,Fiction,Premium,Monday,10,14,1,Warm,0
2024-10-14,22,27.0,32.7,65.5,5.6,1547.0,0.0,0.0,Autumn,No,Yes,Al Rawdah Branch,Fiction,Walk-In,Monday,10,14,0,Warm,0
2024-10-15,8,60.0,27.4,75.0,6.7,816.0,0.34,0.0,Autumn,No,Yes,Downtown Central,Technology,Regular,Tuesday,10,15,0,Warm,0
2024-10-15,12,28.0,33.9,46.7,7.9,1320.0,2.66,0.0,Autumn,No,Yes,Corniche Kiosk,Non-Fiction,Walk-In,Tuesday,10,15,0,Warm,0
2024-10-15,17,117.0,30.2,60.2,6.0,1898.0,3.35,0.0,Autumn,No,Yes,Downtown Central,Arabic Literature,Student,Tuesday,10,15,1,Warm,0
2024-10-15,18,103.0,32.2,40.7,7.1,885.0,2.09,0.0,Autumn,No,Yes,Downtown Central,Fiction,Premium,Tuesday,10,15,1,Warm,0
2024-10-15,19,83.0,32.3,36.7,4.7,1436.0,0.0,0.0,Autumn,No,Yes,Al Rawdah Branch,Arabic Literature,Student,Tuesday,10,15,1,Warm,0
2024-10-15,20,23.0,27.5,50.8,2.0,1414.0,0.0,0.7,Autumn,No,Yes,Corniche Kiosk,Technology,Regular,Tuesday,10,15,0,Warm,0
2024-10-15,22,54.0,27.9,69.9,5.0,1954.0,0.0,0.0,Autumn,No,Yes,University Branch,Fiction,Regular,Tuesday,10,15,0,Warm,0
2024-10-16,8,43.0,35.4,48.9,1.3,1117.0,0.03,0.0,Autumn,No,Yes,Al Hamra Branch,Business,Student,Wednesday,10,16,0,Hot,0
2024-10-16,9,47.0,36.3,43.5,6.7,1075.0,2.59,0.0,Autumn,No,Yes,Al Hamra Branch,Science,Regular,Wednesday,10,16,1,Hot,0
2024-10-16,10,39.0,36.1,65.8,4.3,840.0,1.53,0.0,Autumn,No,Yes,Al Hamra Branch,Fiction,Walk-In,Wednesday,10,16,1,Hot,0
2024-10-16,11,64.0,36.7,65.3,4.2,1860.0,1.31,0.0,Autumn,No,Yes,University Branch,Children,Regular,Wednesday,10,16,1,Hot,0
2024-10-16,12,39.0,38.4,50.8,2.3,1628.0,0.88,0.0,Autumn,No,Yes,Al Hamra Branch,Fiction,Student,Wednesday,10,16,0,Hot,0
2024-10-16,13,31.0,38.4,71.0,0.8,1125.0,2.33,0.0,Autumn,No,Yes,Al Rawdah Branch,Children,Premium,Wednesday,10,16,0,Hot,0
2024-10-16,14,52.0,39.2,45.2,6.9,1192.0,1.085,0.0,Autumn,No,Yes,Downtown Central,Children,Regular,Wednesday,10,16,0,Hot,0
2024-10-16,16,69.0,40.2,63.3,7.4,1895.0,3.34,0.0,Autumn,No,Yes,University Branch,Business,Premium,Wednesday,10,16,1,Hot,0
2024-10-16,17,64.0,37.7,61.8,6.4,1674.0,2.66,0.0,Autumn,No,Yes,Al Hamra Branch,Business,Student,Wednesday,10,16,1,Hot,0
2024-10-16,18,80.0,37.6,62.7,6.4,803.0,1.85,0.0,Autumn,No,Yes,University Branch,Business,Student,Wednesday,10,16,1,Hot,0
2024-10-16,19,48.0,37.8,57.2,4.3,1051.0,0.0,0.0,Autumn,No,Yes,Al Hamra Branch,Technology,Premium,Wednesday,10,16,1,Hot,0
2024-10-16,21,16.0,36.1,60.2,0.7,1300.0,0.0,0.0,Autumn,No,Yes,Corniche Kiosk,Science,Premium,Wednesday,10,16,0,Hot,0
2024-10-17,9,95.0,30.7,59.2,5.1,1760.0,3.42,0.0,Autumn,No,Yes,University Branch,Business,Student,Thursday,10,17,1,Warm,0
2024-10-17,13,66.0,36.7,59.4,2.3,851.0,1.31,0.0,Autumn,No,Yes,University Branch,History,Student,Thursday,10,17,0,Hot,0
2024-10-17,15,48.0,35.7,57.1,1.4,1762.0,3.44,0.0,Autumn,No,Yes,Al Hamra Branch,Fiction,Regular,Thursday,10,17,0,Hot,0
2024-10-17,18,81.0,33.8,63.1,7.9,1995.0,1.98,0.0,Autumn,No,Yes,University Branch,Science,Regular,Thursday,10,17,1,Warm,0
2024-10-17,20,53.0,29.0,63.6,1.2,1680.0,0.0,0.0,Autumn,No,Yes,University Branch,Non-Fiction,Regular,Thursday,10,17,0,Warm,0
2024-10-17,22,13.0,29.0,71.8,7.4,1327.0,0.0,0.5,Autumn,No,Yes,Corniche Kiosk,History,Regular,Thursday,10,17,0,Warm,0
2024-10-18,8,17.0,25.4,57.9,5.4,1205.0,0.62,3.6,Autumn,Yes,Yes,Al Hamra Branch,Technology,Student,Friday,10,18,0,Warm,1
2024-10-18,10,46.0,27.1,48.1,7.5,1721.0,0.15,0.0,Autumn,Yes,Yes,Al Hamra Branch,Children,Premium,Friday,10,18,1,Warm,1
2024-10-18,11,35.0,29.7,46.0,2.9,1451.0,1.07,0.0,Autumn,Yes,Yes,Corniche Kiosk,Fiction,Student,Friday,10,18,1,Warm,1
2024-10-18,13,57.0,32.8,60.5,0.6,1539.0,3.28,0.0,Autumn,Yes,Yes,University Branch,Business,Student,Friday,10,18,0,Warm,1
2024-10-18,14,62.0,30.5,61.0,3.5,989.0,1.6,0.0,Autumn,Yes,Yes,Downtown Central,Arabic Literature,Student,Friday,10,18,0,Warm,1
2024-10-18,15,40.0,30.6,66.4,6.2,957.0,0.25,0.0,Autumn,Yes,Yes,Downtown Central,Non-Fiction,Walk-In,Friday,10,18,0,Warm,1
2024-10-18,16,32.0,29.9,40.7,3.2,1510.0,1.77,0.0,Autumn,Yes,Yes,Corniche Kiosk,Non-Fiction,Regular,Friday,10,18,1,Warm,1
2024-10-18,17,60.0,27.3,37.8,5.7,1909.0,2.1,0.0,Autumn,Yes,Yes,Al Hamra Branch,History,Student,Friday,10,18,1,Warm,1
2024-10-18,18,70.0,29.4,54.8,0.5,1039.0,0.72,0.0,Autumn,Yes,Yes,Downtown Central,Children,Regular,Friday,10,18,1,Warm,1
2024-10-18,19,42.0,28.4,68.2,4.5,1146.0,0.0,0.0,Autumn,Yes,Yes,Al Hamra Branch,Business,Regular,Friday,10,18,1,Warm,1
2024-10-18,21,41.0,25.4,50.0,3.4,1056.0,0.0,0.0,Autumn,Yes,Yes,University Branch,Business,Student,Friday,10,18,0,Warm,1
2024-10-18,22,20.0,27.8,63.3,2.5,1575.0,0.0,0.0,Autumn,Yes,Yes,Al Hamra Branch,Science,Premium,Friday,10,18,0,Warm,1
2024-10-19,8,56.0,27.0,53.8,6.9,1889.0,2.73,0.0,Autumn,No,Yes,University Branch,Technology,Regular,Saturday,10,19,0,Warm,1
2024-10-19,11,59.0,31.2,57.3,1.9,881.0,2.56,0.0,Autumn,No,Yes,Al Hamra Branch,Fiction,Premium,Saturday,10,19,1,Warm,1
2024-10-19,15,57.0,33.0,55.8,1.7,968.0,0.66,0.0,Nan,No,Yes,University Branch,Children,Premium,Saturday,10,19,0,Warm,1
2024-10-19,19,59.0,29.0,78.7,2.1,1280.0,0.0,0.0,Autumn,No,Yes,Al Rawdah Branch,Non-Fiction,Regular,Saturday,10,19,1,Warm,1
2024-10-19,20,26.0,29.1,37.8,5.8,1207.0,0.0,0.0,Autumn,No,Yes,Al Hamra Branch,Fiction,Regular,Saturday,10,19,0,Warm,1
2024-10-19,21,53.0,27.2,62.4,7.5,1334.0,0.0,0.0,Autumn,No,Yes,University Branch,Science,Student,Saturday,10,19,0,Warm,1
2024-10-19,22,56.0,26.6,61.2,3.1,1410.0,0.0,0.0,Autumn,No,Yes,Downtown Central,Business,Student,Saturday,10,19,0,Warm,1
2024-10-20,11,95.0,28.3,69.2,2.7,1028.0,1.96,0.0,Autumn,No,Yes,University Branch,Non-Fiction,Student,Sunday,10,20,1,Warm,0
2024-10-20,12,27.0,32.7,66.0,6.3,1399.0,0.82,0.0,Autumn,No,Yes,Corniche Kiosk,Fiction,Walk-In,Sunday,10,20,0,Warm,0
2024-10-20,16,69.0,32.7,74.2,6.3,1411.0,2.14,0.0,Autumn,No,Yes,Al Hamra Branch,Business,Student,Sunday,10,20,1,Warm,0
2024-10-20,17,69.0,29.3,40.0,5.2,1528.0,2.22,0.0,Autumn,No,Yes,Al Hamra Branch,Technology,Premium,Sunday,10,20,1,Warm,0
2024-10-20,18,48.0,28.1,63.1,3.8,1107.0,1.74,0.0,Autumn,No,Yes,Corniche Kiosk,Business,Student,Sunday,10,20,1,Warm,0
2024-10-20,19,91.0,28.5,48.8,4.9,802.0,0.0,3.6,Autumn,No,Yes,University Branch,Children,Student,Sunday,10,20,1,Warm,0
2024-10-20,20,37.0,26.8,61.3,1.7,1167.0,0.0,0.0,Autumn,No,Yes,Al Hamra Branch,Science,Regular,Sunday,10,20,0,Warm,0
2024-10-20,21,31.0,26.0,64.4,6.2,1695.0,0.0,3.8,Autumn,No,Yes,Al Rawdah Branch,Technology,Regular,Sunday,10,20,0,Warm,0
2024-10-21,8,66.0,28.1,67.6,4.4,1460.0,0.36,0.0,Autumn,No,Yes,Downtown Central,Science,Premium,Monday,10,21,0,Warm,0
2024-10-21,9,69.0,27.5,70.9,1.4,1221.0,0.11,0.0,Autumn,No,Yes,Downtown Central,Business,Walk-In,Monday,10,21,1,Warm,0
2024-10-21,13,54.0,33.6,61.1,2.6,1408.0,2.9,0.0,Autumn,No,Yes,Al Rawdah Branch,Non-Fiction,Regular,Monday,10,21,0,Warm,0
2024-10-21,14,47.0,32.6,50.1,6.7,957.0,1.7,0.0,Autumn,No,Yes,Al Rawdah Branch,History,Regular,Monday,10,21,0,Warm,0
2024-10-21,15,36.0,33.5,72.8,4.4,830.0,1.03,0.0,Autumn,No,Yes,Al Hamra Branch,Children,Walk-In,Monday,10,21,0,Warm,0
2024-10-21,16,79.0,34.5,68.2,7.9,1050.0,0.91,3.9,Autumn,No,Yes,Downtown Central,Arabic Literature,Premium,Monday,10,21,1,Warm,0
2024-10-21,17,70.0,31.1,74.4,3.5,1194.0,2.31,0.0,Autumn,No,Yes,Al Rawdah Branch,Children,Nan,Monday,10,21,1,Warm,0
2024-10-21,18,75.0,29.0,55.3,3.1,1582.0,2.15,0.0,Autumn,No,Yes,Al Hamra Branch,Business,Student,Monday,10,21,1,Warm,0
2024-10-21,21,22.0,28.3,70.1,7.8,1862.0,0.0,0.0,Autumn,No,Yes,Corniche Kiosk,Children,Walk-In,Monday,10,21,0,Warm,0
2024-10-21,22,71.0,29.4,48.4,0.8,1797.0,0.0,0.0,Autumn,No,Yes,Downtown Central,Technology,Student,Monday,10,21,0,Warm,0
2024-10-22,8,49.0,30.0,50.3,5.5,1147.0,2.73,0.0,Autumn,No,Yes,University Branch,Fiction,Walk-In,Tuesday,10,22,0,Warm,0
2024-10-22,9,66.0,30.0,42.5,5.1,1817.0,0.97,0.0,Nan,No,Yes,Al Hamra Branch,Children,Student,Tuesday,10,22,1,Warm,0
2024-10-22,10,65.0,31.5,55.2,6.3,1168.0,2.12,3.6,Autumn,No,Yes,Downtown Central,History,Walk-In,Tuesday,10,22,1,Warm,0
2024-10-22,12,81.0,33.6,39.7,7.5,1963.0,2.22,0.0,Autumn,No,Yes,University Branch,Children,Student,Tuesday,10,22,0,Warm,0
2024-10-22,16,78.0,33.6,62.8,7.1,1115.0,3.33,0.0,Autumn,No,Yes,Al Rawdah Branch,Children,Student,Tuesday,10,22,1,Warm,0
2024-10-22,19,70.0,32.2,40.8,5.0,1405.0,0.0,0.0,Autumn,No,Yes,University Branch,Technology,Walk-In,Tuesday,10,22,1,Warm,0
2024-10-22,20,45.0,28.4,56.0,2.2,1756.0,0.0,0.0,Autumn,No,Yes,Al Rawdah Branch,Business,Premium,Tuesday,10,22,0,Warm,0
2024-10-22,22,51.0,30.3,55.6,5.2,1447.0,0.0,0.0,Autumn,No,Yes,Downtown Central,History,Regular,Tuesday,10,22,0,Warm,0
2024-10-23,8,32.0,29.2,58.8,2.5,1761.0,1.3,0.0,Autumn,No,Yes,Corniche Kiosk,Science,Student,Wednesday,10,23,0,Warm,0
2024-10-23,12,37.0,34.8,46.6,6.5,1335.0,2.16,0.0,Autumn,No,Yes,Al Hamra Branch,History,Walk-In,Wednesday,10,23,0,Warm,0
2024-10-23,13,47.0,34.0,76.7,6.3,995.0,0.45,0.0,Autumn,No,Yes,Downtown Central,Arabic Literature,Walk-In,Wednesday,10,23,0,Warm,0
2024-10-23,14,52.0,33.1,51.2,4.2,1206.0,1.06,0.0,Autumn,No,Yes,University Branch,Children,Walk-In,Wednesday,10,23,0,Warm,0
2024-10-23,15,52.0,32.8,39.7,2.8,1299.0,1.76,0.0,Autumn,No,Yes,Al Rawdah Branch,History,Regular,Wednesday,10,23,0,Warm,0
2024-10-23,16,57.0,34.4,46.5,1.3,1833.0,3.19,0.0,Autumn,No,Yes,Al Rawdah Branch,Children,Walk-In,Wednesday,10,23,1,Warm,0
2024-10-23,17,44.0,29.5,50.5,3.2,1046.0,2.03,0.0,Autumn,No,Yes,Corniche Kiosk,Children,Premium,Wednesday,10,23,1,Warm,0
2024-10-23,20,32.0,29.4,54.2,7.4,1994.0,0.0,0.0,Autumn,No,Yes,Al Hamra Branch,Technology,Walk-In,Wednesday,10,23,0,Warm,0
2024-10-23,22,35.0,27.6,61.6,2.0,1528.0,0.0,1.7,Autumn,No,Yes,Downtown Central,Arabic Literature,Walk-In,Wednesday,10,23,0,Warm,0
2024-10-24,9,39.0,26.6,57.1,7.5,912.0,0.7,0.0,Autumn,No,Yes,Corniche Kiosk,Business,Premium,Thursday,10,24,1,Warm,0
2024-10-24,10,57.0,28.1,73.4,4.0,1921.0,1.54,0.0,Autumn,No,Yes,Al Hamra Branch,History,Regular,Thursday,10,24,1,Warm,0
2024-10-24,11,68.0,30.0,60.2,7.1,1253.0,2.48,0.0,Autumn,No,Yes,Al Rawdah Branch,Fiction,Premium,Thursday,10,24,1,Warm,0
2024-10-24,12,50.0,31.2,55.4,4.0,988.0,0.12,0.0,Autumn,No,Yes,Al Hamra Branch,Science,Premium,Thursday,10,24,0,Warm,0
2024-10-24,14,64.0,32.3,46.0,3.5,1640.0,0.5,0.0,Autumn,No,Yes,University Branch,Children,Regular,Thursday,10,24,0,Warm,0
2024-10-24,20,40.0,26.9,69.3,1.5,1225.0,0.0,0.0,Autumn,No,Yes,Al Hamra Branch,Fiction,Regular,Thursday,10,24,0,Warm,0
2024-10-25,11,21.0,37.7,71.6,4.1,861.0,2.89,0.0,Autumn,Yes,Yes,Corniche Kiosk,Business,Walk-In,Friday,10,25,1,Hot,1
2024-10-25,13,23.0,39.3,51.3,6.7,976.0,1.07,0.0,Autumn,Yes,Yes,Downtown Central,Business,Walk-In,Friday,10,25,0,Hot,1
2024-10-25,14,9.0,40.9,60.2,3.6,1595.0,0.92,0.0,Autumn,Yes,Yes,Corniche Kiosk,Technology,Walk-In,Friday,10,25,0,Hot,1
2024-10-25,15,22.0,39.2,45.9,6.2,912.0,1.89,0.0,Autumn,Yes,Yes,University Branch,Science,Walk-In,Friday,10,25,0,Hot,1
2024-10-25,16,34.0,39.5,73.4,4.0,1243.0,2.97,0.0,Autumn,Yes,Yes,Al Hamra Branch,Technology,Premium,Friday,10,25,1,Hot,1
2024-10-25,18,38.0,37.2,67.7,5.5,1691.0,3.23,0.0,Autumn,Yes,Yes,Al Hamra Branch,Children,Premium,Friday,10,25,1,Hot,1
2024-10-25,20,8.0,35.8,69.1,5.1,1800.0,0.0,0.0,Autumn,Yes,Yes,Corniche Kiosk,Children,Walk-In,Friday,10,25,0,Hot,1
2024-10-25,21,24.0,34.1,53.2,7.8,1630.0,0.0,0.0,Autumn,Yes,Yes,University Branch,Science,Walk-In,Friday,10,25,0,Warm,1
2024-10-25,22,10.0,36.1,71.1,6.0,914.0,0.0,0.0,Nan,Yes,Yes,Downtown Central,History,Walk-In,Friday,10,25,0,Hot,1
2024-10-26,9,31.0,35.9,39.5,5.0,1448.0,2.32,0.0,Autumn,No,Yes,Corniche Kiosk,Fiction,Walk-In,Saturday,10,26,1,Hot,1
2024-10-26,11,60.0,38.0,50.4,2.9,1474.0,0.44,0.0,Autumn,No,Yes,Downtown Central,Arabic Literature,Premium,Saturday,10,26,1,Hot,1
2024-10-26,12,27.0,40.4,58.2,0.8,1760.0,2.04,0.0,Autumn,No,Yes,Downtown Central,Business,Walk-In,Saturday,10,26,0,Hot,1
2024-10-26,13,20.0,39.4,63.8,0.9,1565.0,2.85,0.0,Autumn,No,Yes,Corniche Kiosk,Business,Premium,Saturday,10,26,0,Hot,1
2024-10-26,14,10.0,42.0,65.3,7.9,1032.0,1.06,4.9,Autumn,No,Yes,Al Rawdah Branch,Fiction,Premium,Saturday,10,26,0,Hot,1
2024-10-26,16,31.0,40.6,73.8,1.0,1880.0,1.82,0.0,Autumn,No,Yes,Al Hamra Branch,Children,Walk-In,Saturday,10,26,1,Hot,1
2024-10-26,17,23.0,39.0,56.1,5.7,1407.0,0.04,0.0,Autumn,No,Yes,Al Hamra Branch,Fiction,Walk-In,Saturday,10,26,1,Hot,1
2024-10-26,18,73.0,39.2,45.4,0.6,1437.0,3.18,0.0,Autumn,No,Yes,Downtown Central,History,Premium,Saturday,10,26,1,Hot,1
2024-10-26,19,68.0,37.4,64.3,4.8,998.0,0.0,0.0,Autumn,No,Yes,Downtown Central,Business,Premium,Saturday,10,26,1,Hot,1
2024-10-26,21,39.0,36.7,66.4,4.6,1634.0,0.0,0.0,Autumn,No,Yes,University Branch,Non-Fiction,Nan,Saturday,10,26,0,Hot,1
2024-10-27,8,79.0,28.5,63.4,5.4,1932.0,1.3,0.0,Autumn,No,Yes,Downtown Central,History,Student,Sunday,10,27,0,Warm,0
2024-10-27,15,44.0,33.2,57.9,7.4,1772.0,0.1,0.0,Autumn,No,Yes,Al Hamra Branch,History,Premium,Sunday,10,27,0,Warm,0
2024-10-27,17,87.0,30.5,44.9,3.6,814.0,2.13,0.0,Autumn,No,Yes,University Branch,Fiction,Regular,Sunday,10,27,1,Warm,0
2024-10-27,20,33.0,29.2,48.4,0.8,1875.0,0.0,0.0,Autumn,No,Yes,Corniche Kiosk,Fiction,Premium,Sunday,10,27,0,Warm,0
2024-10-27,21,35.0,32.2,68.5,5.8,942.0,0.0,0.0,Autumn,No,Yes,Al Hamra Branch,Children,Regular,Sunday,10,27,0,Warm,0
2024-10-27,22,33.0,28.7,43.8,4.7,956.0,0.0,0.0,Autumn,No,Yes,Corniche Kiosk,Business,Student,Sunday,10,27,0,Warm,0
2024-10-28,8,33.0,30.3,62.9,1.9,1646.0,3.0,0.0,Autumn,No,Yes,Corniche Kiosk,Science,Student,Monday,10,28,0,Warm,0
2024-10-28,14,37.0,32.7,66.4,1.4,1497.0,3.17,0.0,Autumn,No,Yes,Corniche Kiosk,Children,Student,Monday,10,28,0,Warm,0
2024-10-28,15,44.0,32.8,42.5,5.3,1370.0,2.81,0.0,Autumn,No,Yes,Al Hamra Branch,Non-Fiction,Regular,Monday,10,28,0,Warm,0
2024-10-28,19,58.0,32.2,61.3,0.8,1686.0,0.0,0.0,Autumn,No,Yes,Al Hamra Branch,Business,Premium,Monday,10,28,1,Warm,0
2024-10-28,20,47.0,29.9,50.8,7.1,941.0,0.0,0.0,Autumn,No,Yes,Downtown Central,Business,Walk-In,Monday,10,28,0,Warm,0
2024-10-28,21,53.0,28.6,40.2,6.8,1335.0,0.0,0.0,Autumn,No,Yes,Downtown Central,Science,Walk-In,Monday,10,28,0,Warm,0
2024-10-29,8,31.0,31.7,49.5,3.3,1936.0,1.66,0.0,Autumn,No,Yes,Corniche Kiosk,Arabic Literature,Premium,Tuesday,10,29,0,Warm,0
2024-10-29,9,55.0,30.7,47.8,0.6,1000.0,1.3,0.0,Autumn,No,Yes,Al Hamra Branch,History,Regular,Tuesday,10,29,1,Warm,0
2024-10-29,15,55.0,37.1,56.7,1.0,1914.0,2.97,0.0,Autumn,No,Yes,Downtown Central,History,Regular,Tuesday,10,29,0,Hot,0
2024-10-29,16,73.0,37.1,36.9,3.2,1175.0,2.87,0.0,Autumn,No,Yes,Downtown Central,Children,Walk-In,Tuesday,10,29,1,Hot,0
2024-10-29,17,73.0,32.2,50.1,1.5,1187.0,2.23,0.0,Autumn,No,Yes,Al Hamra Branch,Arabic Literature,Student,Tuesday,10,29,1,Warm,0
2024-10-29,20,55.0,30.5,53.3,3.0,1905.0,0.0,0.0,Autumn,No,Yes,Downtown Central,History,Walk-In,Tuesday,10,29,0,Warm,0
2024-10-30,11,72.0,31.5,50.0,7.7,1046.0,2.97,0.0,Autumn,No,Yes,Al Rawdah Branch,Technology,Premium,Wednesday,10,30,1,Warm,0
2024-10-30,12,49.0,34.5,70.7,5.3,1402.0,1.63,0.0,Autumn,No,Yes,Downtown Central,History,Walk-In,Wednesday,10,30,0,Warm,0
2024-10-30,13,81.0,32.2,50.0,4.4,1593.0,3.36,0.0,Autumn,No,Yes,University Branch,History,Student,Wednesday,10,30,0,Warm,0
2024-10-30,14,78.0,33.6,46.8,0.7,1648.0,1.59,0.0,Autumn,No,Yes,University Branch,Business,Student,Wednesday,10,30,0,Warm,0
2024-10-30,15,54.0,35.3,46.3,0.6,834.0,3.45,0.0,Autumn,No,Yes,Al Rawdah Branch,Technology,Premium,Wednesday,10,30,0,Hot,0
2024-10-30,16,93.0,34.4,64.5,1.7,1324.0,1.2,0.0,Autumn,No,Yes,University Branch,Fiction,Student,Wednesday,10,30,1,Warm,0
2024-10-30,17,29.0,31.6,61.5,5.8,1535.0,2.09,3.9,Autumn,No,Yes,Corniche Kiosk,Business,Walk-In,Wednesday,10,30,1,Warm,0
2024-10-30,18,66.0,32.1,40.1,7.5,1146.0,0.2,0.0,Autumn,No,Yes,Al Rawdah Branch,Children,Regular,Wednesday,10,30,1,Warm,0
2024-10-30,21,56.0,31.1,54.3,4.7,1322.0,0.0,0.0,Nan,No,Yes,University Branch,Fiction,Premium,Wednesday,10,30,0,Warm,0
2024-10-31,8,24.0,35.2,41.3,4.9,965.0,2.7,0.0,Autumn,Yes,Yes,Al Hamra Branch,Children,Walk-In,Thursday,10,31,0,Hot,0
2024-10-31,13,14.0,40.8,60.4,2.6,1772.0,0.24,0.0,Autumn,Yes,Yes,Corniche Kiosk,Non-Fiction,Premium,Thursday,10,31,0,Hot,0
2024-10-31,15,44.0,40.3,63.2,1.9,1180.0,1.92,0.0,Autumn,Yes,Yes,Al Rawdah Branch,Non-Fiction,Walk-In,Thursday,10,31,0,Hot,0
2024-10-31,19,58.0,37.9,57.6,3.3,1829.0,0.0,0.0,Autumn,Yes,Yes,University Branch,Fiction,Premium,Thursday,10,31,1,Hot,0
2024-10-31,21,31.0,34.2,56.6,4.8,1207.0,0.0,0.0,Autumn,Yes,Yes,University Branch,Business,Premium,Thursday,10,31,0,Warm,0
2024-10-31,22,27.0,35.1,39.7,0.9,1240.0,0.0,0.0,Autumn,Yes,Yes,University Branch,Science,Walk-In,Thursday,10,31,0,Hot,0
2024-11-01,8,49.0,29.4,54.5,3.8,1541.0,3.04,0.0,Autumn,Yes,Yes,University Branch,Arabic Literature,Regular,Friday,11,1,0,Warm,1
2024-11-01,10,31.0,28.8,61.7,2.0,1035.0,0.98,0.0,Autumn,Yes,Yes,Corniche Kiosk,Science,Regular,Friday,11,1,1,Warm,1
2024-11-01,13,62.0,33.3,47.5,1.0,1520.0,3.38,0.0,Autumn,Yes,Yes,Downtown Central,Science,Student,Friday,11,1,0,Warm,1
2024-11-01,16,25.0,32.2,69.7,7.8,894.0,1.47,0.0,Autumn,Yes,Yes,Corniche Kiosk,Non-Fiction,Walk-In,Friday,11,1,1,Warm,1
2024-11-01,19,53.0,29.5,62.1,4.4,1837.0,0.0,0.0,Autumn,Yes,Yes,Al Rawdah Branch,Business,Premium,Friday,11,1,1,Warm,1
2024-11-01,20,33.0,29.1,49.9,3.1,988.0,0.0,0.0,Autumn,Yes,Yes,University Branch,Science,Walk-In,Friday,11,1,0,Warm,1
2024-11-01,21,29.0,29.0,67.6,3.6,1715.0,0.0,0.0,Autumn,Yes,Yes,University Branch,Science,Walk-In,Friday,11,1,0,Warm,1
2024-11-01,22,17.0,27.9,48.9,6.6,969.0,0.0,0.0,Autumn,Yes,Yes,Corniche Kiosk,Fiction,Regular,Friday,11,1,0,Warm,1
2024-11-02,11,39.0,37.9,56.6,4.3,1859.0,1.69,0.0,Autumn,No,Yes,Al Hamra Branch,Children,Premium,Saturday,11,2,1,Hot,1
2024-11-02,12,18.0,40.1,71.2,2.3,1369.0,0.88,0.7,Autumn,No,Yes,Downtown Central,Technology,Premium,Saturday,11,2,0,Hot,1
2024-11-02,15,25.0,40.6,60.3,5.5,1702.0,0.61,0.0,Autumn,No,Yes,University Branch,Children,Regular,Saturday,11,2,0,Hot,1
2024-11-02,18,66.0,35.3,45.6,2.4,1130.0,1.44,0.0,Autumn,No,Yes,Downtown Central,Arabic Literature,Walk-In,Saturday,11,2,1,Hot,1
2024-11-02,19,33.0,36.9,68.6,7.4,1806.0,0.0,0.0,Autumn,No,Yes,Al Hamra Branch,Children,Walk-In,Saturday,11,2,1,Hot,1
2024-11-02,22,47.0,36.2,49.2,3.9,1839.0,0.0,0.0,Autumn,No,Yes,Downtown Central,Business,Student,Saturday,11,2,0,Hot,1
2024-11-03,9,62.0,33.1,59.1,4.4,1028.0,1.98,0.0,Autumn,No,Yes,Al Rawdah Branch,Fiction,Premium,Sunday,11,3,1,Warm,0
2024-11-03,10,66.0,34.8,50.6,3.9,907.0,3.47,0.0,Autumn,No,Yes,University Branch,Fiction,Walk-In,Sunday,11,3,1,Warm,0
2024-11-03,14,63.0,38.6,39.7,0.5,1363.0,1.88,0.0,Autumn,No,Yes,University Branch,History,Student,Sunday,11,3,0,Hot,0
2024-11-03,15,38.0,40.2,55.8,3.0,1567.0,0.98,0.0,Autumn,No,Yes,Al Rawdah Branch,Science,Student,Sunday,11,3,0,Hot,0
2024-11-03,16,40.0,37.7,71.7,4.1,983.0,1.7,0.0,Autumn,No,Yes,Corniche Kiosk,Arabic Literature,Student,Sunday,11,3,1,Hot,0
2024-11-03,18,77.0,36.2,45.4,7.8,1126.0,3.34,0.0,Autumn,No,Yes,Al Rawdah Branch,Non-Fiction,Student,Sunday,11,3,1,Hot,0
2024-11-03,19,73.0,36.1,48.7,3.6,1644.0,1.085,0.0,Autumn,No,Yes,Downtown Central,Fiction,Regular,Sunday,11,3,1,Hot,0
2024-11-03,20,62.0,33.7,43.4,1.6,1973.0,0.0,0.0,Autumn,No,Yes,Downtown Central,Arabic Literature,Regular,Sunday,11,3,0,Warm,0
2024-11-03,21,31.0,32.9,43.2,8.0,1608.0,0.0,0.0,Autumn,No,Yes,Corniche Kiosk,Science,Student,Sunday,11,3,0,Warm,0
2024-11-04,10,51.0,35.8,50.6,4.3,1651.0,0.67,0.0,Autumn,No,Yes,Al Hamra Branch,Fiction,Premium,Monday,11,4,1,Hot,0
2024-11-04,13,15.0,40.7,66.6,3.3,804.0,2.23,0.0,Autumn,No,Yes,Corniche Kiosk,Fiction,Premium,Monday,11,4,0,Hot,0
2024-11-04,14,36.0,41.5,50.5,2.0,1023.0,2.36,0.0,Autumn,No,Yes,Al Rawdah Branch,Arabic Literature,Student,Monday,11,4,0,Hot,0
2024-11-04,16,61.0,39.3,60.6,1.5,1323.0,2.87,0.0,Autumn,No,Yes,Al Rawdah Branch,Fiction,Student,Monday,11,4,1,Hot,0
2024-11-04,17,53.0,37.8,63.2,2.5,941.0,1.51,0.0,Autumn,No,Yes,Al Hamra Branch,Children,Student,Monday,11,4,1,Hot,0
2024-11-04,18,76.0,37.7,57.5,3.9,917.0,0.21,0.0,Autumn,No,Yes,Downtown Central,Children,Premium,Monday,11,4,1,Hot,0
2024-11-04,20,40.0,35.1,50.4,1.6,999.0,0.0,0.0,Autumn,No,Yes,Al Rawdah Branch,Fiction,Regular,Monday,11,4,0,Hot,0
2024-11-04,21,50.0,35.0,60.1,6.4,1602.0,0.0,0.0,Autumn,No,Yes,University Branch,Science,Student,Monday,11,4,0,Warm,0
2024-11-04,22,37.0,35.1,63.0,5.1,1916.0,0.0,0.0,Autumn,No,Yes,Al Hamra Branch,Non-Fiction,Student,Monday,11,4,0,Hot,0
2024-11-05,9,90.0,26.8,47.0,6.3,1320.0,1.85,0.0,Autumn,No,Yes,University Branch,Business,Premium,Tuesday,11,5,1,Warm,0
2024-11-05,10,48.0,29.3,67.5,5.8,1552.0,1.35,0.0,Autumn,No,Yes,Al Rawdah Branch,Science,Walk-In,Tuesday,11,5,1,Warm,0
2024-11-05,11,70.0,27.7,65.1,5.0,1170.0,2.05,0.0,Autumn,No,Yes,Al Rawdah Branch,Fiction,Student,Tuesday,11,5,1,Warm,0
2024-11-05,15,50.0,30.2,55.8,7.3,1539.0,0.92,0.0,Autumn,No,Yes,University Branch,Technology,Walk-In,Tuesday,11,5,0,Warm,0
2024-11-05,16,109.0,30.1,64.7,1.7,1516.0,2.38,0.0,Autumn,No,Yes,Downtown Central,Science,Student,Tuesday,11,5,1,Warm,0
2024-11-05,17,63.0,29.4,40.0,7.2,1137.0,1.59,0.0,Autumn,No,Yes,Al Hamra Branch,Arabic Literature,Regular,Tuesday,11,5,1,Warm,0
2024-11-05,18,36.0,27.4,45.6,6.5,1817.0,1.29,0.0,Autumn,No,Yes,Corniche Kiosk,Science,Walk-In,Tuesday,11,5,1,Warm,0
2024-11-05,19,72.0,27.5,58.7,4.1,1268.0,0.0,0.0,Autumn,No,Yes,Al Rawdah Branch,Technology,Student,Tuesday,11,5,1,Warm,0
2024-11-05,22,38.0,25.1,61.0,3.9,1792.0,0.0,0.0,Autumn,No,Yes,Al Rawdah Branch,Business,Premium,Tuesday,11,5,0,Warm,0
2024-11-06,8,62.0,34.9,53.8,1.5,1984.0,0.22,0.0,Autumn,No,Yes,Downtown Central,Business,Student,Wednesday,11,6,0,Warm,0
2024-11-06,11,54.0,34.4,46.7,4.5,1350.0,2.33,0.0,Autumn,No,Yes,Al Hamra Branch,Children,Regular,Wednesday,11,6,1,Warm,0
2024-11-06,12,15.0,38.2,60.1,2.0,1590.0,0.75,0.0,Autumn,No,Yes,Corniche Kiosk,Arabic Literature,Walk-In,Wednesday,11,6,0,Hot,0
2024-11-06,13,41.0,39.3,58.2,7.1,1138.0,1.51,0.0,Autumn,No,Yes,Al Rawdah Branch,History,Student,Wednesday,11,6,0,Hot,0
2024-11-06,14,31.0,39.8,75.1,7.8,1143.0,3.36,0.0,Autumn,No,Yes,Al Hamra Branch,Children,Student,Wednesday,11,6,0,Hot,0
2024-11-06,16,44.0,39.6,43.1,7.4,1352.0,1.38,0.0,Autumn,No,Yes,Al Hamra Branch,Science,Regular,Wednesday,11,6,1,Hot,0
2024-11-06,17,100.0,35.0,73.8,2.5,1911.0,0.78,0.0,Autumn,No,Yes,Downtown Central,Technology,Student,Wednesday,11,6,1,Warm,0
2024-11-06,18,65.0,35.9,44.4,2.2,1117.0,2.8,0.0,Autumn,No,Yes,University Branch,Business,Walk-In,Wednesday,11,6,1,Hot,0
2024-11-06,19,44.0,36.5,52.2,0.6,1393.0,0.0,0.0,Autumn,No,Yes,Corniche Kiosk,Technology,Student,Wednesday,11,6,1,Hot,0
2024-11-06,20,40.0,32.5,51.5,7.0,1315.0,0.0,1.9,Autumn,No,Yes,Al Rawdah Branch,Business,Student,Wednesday,11,6,0,Warm,0
2024-11-06,21,32.0,35.0,61.9,4.0,833.0,0.0,0.0,Autumn,No,Yes,Al Rawdah Branch,Arabic Literature,Regular,Wednesday,11,6,0,Warm,0
2024-11-06,22,17.0,34.6,45.4,2.8,886.0,0.0,0.0,Autumn,No,Yes,Corniche Kiosk,Non-Fiction,Walk-In,Wednesday,11,6,0,Warm,0
2024-11-08,8,39.0,33.8,55.6,2.0,1483.0,1.79,0.0,Autumn,Yes,Yes,Downtown Central,Non-Fiction,Regular,Friday,11,8,0,Warm,1
2024-11-08,11,42.0,35.8,45.0,7.5,858.0,0.88,0.0,Autumn,Yes,Yes,Downtown Central,Business,Walk-In,Friday,11,8,1,Hot,1
2024-11-08,13,30.0,37.7,49.9,4.4,1371.0,2.23,0.0,Autumn,Yes,Yes,Downtown Central,Arabic Literature,Walk-In,Friday,11,8,0,Hot,1
2024-11-08,15,28.0,39.3,49.2,2.3,1324.0,2.56,0.0,Autumn,Yes,Yes,University Branch,Business,Student,Friday,11,8,0,Hot,1
2024-11-08,16,37.0,37.7,67.7,0.8,904.0,2.9,0.0,Autumn,Yes,Yes,Al Rawdah Branch,Children,Walk-In,Friday,11,8,1,Hot,1
2024-11-08,17,53.0,34.6,49.7,6.9,1186.0,1.68,0.0,Autumn,Yes,Yes,Al Rawdah Branch,History,Premium,Friday,11,8,1,Warm,1
2024-11-08,20,37.0,31.7,68.4,4.4,1654.0,0.0,0.0,Autumn,Yes,Yes,University Branch,Business,Premium,Friday,11,8,0,Warm,1
2024-11-09,9,90.0,29.7,45.7,4.5,1113.0,0.85,0.0,Autumn,No,Yes,Downtown Central,History,Premium,Saturday,11,9,1,Warm,1
2024-11-09,10,67.0,30.2,58.0,1.1,1067.0,1.67,0.0,Autumn,No,Yes,University Branch,Non-Fiction,Regular,Saturday,11,9,1,Warm,1
2024-11-09,11,71.0,31.5,49.7,5.6,1235.0,3.33,0.0,Autumn,No,Yes,Al Rawdah Branch,History,Student,Saturday,11,9,1,Warm,1
2024-11-09,12,33.0,33.7,77.2,6.2,1957.0,3.16,0.0,Autumn,No,Yes,Corniche Kiosk,Business,Student,Saturday,11,9,0,Warm,1
2024-11-09,13,26.0,33.0,54.2,1.6,1006.0,1.12,0.0,Autumn,No,Yes,Corniche Kiosk,Fiction,Regular,Saturday,11,9,0,Warm,1
2024-11-09,16,66.0,32.6,74.8,2.8,1480.0,2.77,0.0,Autumn,No,Yes,University Branch,Arabic Literature,Walk-In,Saturday,11,9,1,Warm,1
2024-11-09,17,94.0,29.9,67.7,5.7,1655.0,0.26,0.0,Autumn,No,Yes,University Branch,Science,Student,Saturday,11,9,1,Warm,1
2024-11-09,18,108.0,32.2,58.5,2.8,1678.0,3.3,0.0,Autumn,No,Yes,Downtown Central,Business,Student,Saturday,11,9,1,Warm,1
2024-11-09,19,40.0,32.2,45.4,7.7,989.0,0.0,0.0,Autumn,No,Yes,Corniche Kiosk,Business,Student,Saturday,11,9,1,Warm,1
2024-11-09,21,26.0,29.2,43.3,0.8,1239.0,0.0,0.0,Autumn,No,Yes,Corniche Kiosk,Non-Fiction,Student,Saturday,11,9,0,Warm,1
2024-11-09,22,40.0,29.8,63.9,3.3,1447.0,0.0,0.0,Autumn,No,Yes,University Branch,Fiction,Walk-In,Saturday,11,9,0,Warm,1
2024-11-10,8,43.0,34.7,72.7,2.5,1995.0,1.2,0.0,Autumn,No,Yes,Al Hamra Branch,Fiction,Student,Sunday,11,10,0,Warm,0
2024-11-10,11,64.0,34.0,70.5,5.7,949.0,2.63,0.0,Autumn,No,Yes,Al Hamra Branch,Business,Student,Sunday,11,10,1,Warm,0
2024-11-10,13,15.0,39.4,62.4,1.8,924.0,0.65,0.0,Autumn,No,Yes,Corniche Kiosk,Science,Regular,Sunday,11,10,0,Hot,0
2024-11-10,14,48.0,37.2,46.0,6.2,1411.0,2.27,0.0,Autumn,No,Yes,Downtown Central,Technology,Walk-In,Sunday,11,10,0,Hot,0
2024-11-10,17,89.0,35.5,42.6,2.6,1212.0,1.57,0.0,Autumn,No,Yes,Downtown Central,Technology,Premium,Sunday,11,10,1,Hot,0
2024-11-10,18,75.0,34.0,44.0,7.1,863.0,2.43,0.0,Autumn,No,Yes,Downtown Central,History,Walk-In,Sunday,11,10,1,Warm,0
2024-11-10,19,65.0,34.3,56.8,7.8,1768.0,0.0,0.0,Autumn,No,Yes,Downtown Central,Business,Walk-In,Sunday,11,10,1,Warm,0
2024-11-10,21,20.0,32.6,68.2,7.1,1331.0,0.0,0.0,Autumn,No,Yes,Corniche Kiosk,Arabic Literature,Regular,Sunday,11,10,0,Warm,0
2024-11-11,10,94.0,33.3,42.9,2.0,1814.0,1.51,0.0,Autumn,No,Yes,University Branch,Business,Student,Monday,11,11,1,Warm,0
2024-11-11,12,59.0,35.8,62.6,3.0,1926.0,1.1,0.0,Autumn,No,Yes,University Branch,Technology,Premium,Monday,11,11,0,Hot,0
2024-11-11,13,30.0,37.1,56.6,2.6,1194.0,1.69,0.0,Autumn,No,Yes,Al Hamra Branch,Arabic Literature,Regular,Monday,11,11,0,Hot,0
2024-11-11,14,20.0,35.2,67.7,6.9,1197.0,0.19,0.0,Nan,No,Yes,Corniche Kiosk,Non-Fiction,Walk-In,Monday,11,11,0,Hot,0
2024-11-11,15,38.0,36.9,40.0,1.0,1527.0,0.53,0.0,Autumn,No,Yes,Al Hamra Branch,Business,Regular,Monday,11,11,0,Hot,0
2024-11-11,16,55.0,37.0,44.1,5.2,1399.0,2.77,1.6,Autumn,No,Yes,Al Hamra Branch,Children,Student,Monday,11,11,1,Hot,0
2024-11-11,17,77.0,34.2,48.3,7.6,1588.0,3.44,0.0,Autumn,No,Yes,Downtown Central,Science,Walk-In,Monday,11,11,1,Warm,0
2024-11-11,18,56.0,33.3,68.1,2.0,1453.0,2.25,0.0,Autumn,No,Yes,Al Hamra Branch,Technology,Regular,Monday,11,11,1,Warm,0
2024-11-11,19,56.0,32.6,63.8,7.4,1675.0,0.0,0.0,Autumn,No,Yes,Al Rawdah Branch,Children,Regular,Monday,11,11,1,Warm,0
2024-11-11,21,52.0,31.0,50.5,2.5,897.0,0.0,0.0,Autumn,No,Yes,University Branch,Business,Regular,Monday,11,11,0,Warm,0
2024-11-11,22,23.0,31.2,76.5,7.5,1253.0,0.0,0.0,Autumn,No,Yes,Corniche Kiosk,Business,Student,Monday,11,11,0,Warm,0
2024-11-12,8,49.0,33.8,39.1,0.9,1992.0,1.12,0.0,Nan,No,Yes,University Branch,Children,Walk-In,Tuesday,11,12,0,Warm,0
2024-11-12,9,83.0,33.2,55.3,8.0,986.0,1.65,0.0,Autumn,No,Yes,University Branch,Non-Fiction,Premium,Tuesday,11,12,1,Warm,0
2024-11-12,11,41.0,36.5,54.6,0.6,957.0,1.79,0.0,Autumn,No,Yes,Al Rawdah Branch,Business,Walk-In,Tuesday,11,12,1,Hot,0
2024-11-12,12,57.0,36.9,65.3,7.6,1335.0,2.9,0.0,Autumn,No,Yes,University Branch,Fiction,Regular,Tuesday,11,12,0,Hot,0
2024-11-12,13,57.0,38.8,54.0,2.7,982.0,3.04,0.0,Autumn,No,Yes,University Branch,Technology,Student,Tuesday,11,12,0,Hot,0
2024-11-12,16,48.0,38.6,70.2,4.8,880.0,1.79,0.0,Autumn,No,Yes,Al Hamra Branch,Children,Premium,Tuesday,11,12,1,Hot,0
2024-11-12,17,80.0,33.6,66.3,6.4,1187.0,1.78,0.0,Autumn,No,Yes,University Branch,Science,Regular,Tuesday,11,12,1,Warm,0
2024-11-12,18,89.0,36.4,40.3,5.7,1835.0,3.5,4.1,Autumn,No,Yes,Downtown Central,Children,Student,Tuesday,11,12,1,Hot,0
2024-11-12,20,23.0,32.2,66.8,4.0,1650.0,0.0,0.0,Autumn,No,Yes,Corniche Kiosk,Business,Premium,Tuesday,11,12,0,Warm,0
2024-11-12,21,53.0,33.3,59.8,6.7,1705.0,0.0,0.0,Autumn,No,Yes,Downtown Central,Children,Premium,Tuesday,11,12,0,Warm,0
2024-11-12,22,36.0,32.2,63.8,3.2,1031.0,0.0,0.0,Autumn,No,Yes,University Branch,Science,Walk-In,Tuesday,11,12,0,Warm,0
2024-11-13,8,73.0,29.6,61.0,2.0,1019.0,0.66,0.0,Autumn,No,Yes,Downtown Central,History,Student,Wednesday,11,13,0,Warm,0
2024-11-13,10,65.0,30.6,48.9,3.4,1770.0,2.37,0.0,Autumn,No,Yes,Al Rawdah Branch,Non-Fiction,Premium,Wednesday,11,13,1,Warm,0
2024-11-13,13,74.0,34.1,49.2,0.8,1165.0,1.42,0.0,Autumn,No,Yes,Downtown Central,Children,Premium,Wednesday,11,13,0,Warm,0
2024-11-13,15,43.0,35.7,53.1,1.1,1563.0,2.98,0.0,Autumn,No,Yes,Al Rawdah Branch,Children,Walk-In,Wednesday,11,13,0,Hot,0
2024-11-13,17,96.0,31.5,74.9,5.1,1644.0,2.73,0.0,Autumn,No,Yes,University Branch,History,Premium,Wednesday,11,13,1,Warm,0
2024-11-13,18,36.0,31.4,60.3,1.4,1312.0,3.25,0.0,Autumn,No,Yes,Corniche Kiosk,Fiction,Walk-In,Wednesday,11,13,1,Warm,0
2024-11-13,19,106.0,30.8,56.8,1.1,1804.0,0.0,0.0,Autumn,No,Yes,Downtown Central,History,Student,Wednesday,11,13,1,Warm,0
2024-11-13,20,39.0,28.5,53.3,7.7,1224.0,0.0,0.0,Autumn,No,Yes,Al Hamra Branch,History,Regular,Wednesday,11,13,0,Warm,0
2024-11-13,21,32.0,30.5,51.8,0.9,1257.0,0.0,3.0,Autumn,No,Yes,Al Rawdah Branch,History,Premium,Wednesday,11,13,0,Warm,0
2024-11-14,8,70.0,31.1,70.6,1.9,1221.0,3.49,0.0,Autumn,No,Yes,University Branch,Fiction,Premium,Thursday,11,14,0,Warm,0
2024-11-14,9,45.0,30.1,71.1,4.0,1639.0,2.05,3.8,Autumn,No,Yes,Al Hamra Branch,Non-Fiction,Regular,Thursday,11,14,1,Warm,0
2024-11-14,10,49.0,30.8,50.4,2.0,860.0,1.02,0.0,Autumn,No,Yes,Al Hamra Branch,Arabic Literature,Walk-In,Thursday,11,14,1,Warm,0
2024-11-14,13,77.0,36.1,51.0,7.2,1097.0,3.2,0.0,Autumn,No,Yes,Downtown Central,Science,Student,Thursday,11,14,0,Hot,0
2024-11-14,14,50.0,35.8,48.8,2.7,1009.0,0.5,0.0,Autumn,No,Yes,Al Rawdah Branch,Business,Student,Thursday,11,14,0,Hot,0
2024-11-14,15,72.0,34.7,58.9,1.9,1492.0,0.99,0.0,Autumn,No,Yes,Downtown Central,Business,Student,Thursday,11,14,0,Warm,0
2024-11-14,16,76.0,35.1,75.6,5.8,1834.0,1.74,0.0,Autumn,No,Yes,Downtown Central,Fiction,Walk-In,Thursday,11,14,1,Hot,0
2024-11-14,17,55.0,30.7,44.9,5.3,1773.0,2.85,0.0,Autumn,No,Yes,Al Hamra Branch,Science,Walk-In,Thursday,11,14,1,Warm,0
2024-11-14,18,53.0,30.8,40.8,7.3,1062.0,2.09,0.0,Autumn,No,Yes,Al Hamra Branch,Business,Walk-In,Thursday,11,14,1,Warm,0
2024-11-14,19,43.0,33.1,49.9,3.4,1733.0,0.0,0.0,Autumn,No,Yes,Corniche Kiosk,Technology,Student,Thursday,11,14,1,Warm,0
2024-11-14,20,68.0,28.4,65.0,6.2,831.0,0.0,0.0,Autumn,No,Yes,Downtown Central,History,Student,Thursday,11,14,0,Warm,0
2024-11-14,22,54.0,29.2,71.6,4.1,1919.0,0.0,0.0,Autumn,No,Yes,University Branch,Science,Nan,Thursday,11,14,0,Warm,0
2024-11-15,8,42.0,34.9,41.9,7.8,951.0,1.07,0.0,Nan,Yes,Yes,University Branch,Fiction,Student,Friday,11,15,0,Warm,1
2024-11-15,10,49.0,36.6,72.6,6.7,1427.0,0.84,0.0,Autumn,Yes,Yes,Downtown Central,Non-Fiction,Regular,Friday,11,15,1,Hot,1
2024-11-15,11,22.0,36.5,53.7,4.2,826.0,2.58,0.0,Autumn,Yes,Yes,Corniche Kiosk,Arabic Literature,Walk-In,Friday,11,15,1,Hot,1
2024-11-15,12,21.0,41.6,78.6,1.3,1328.0,2.29,0.0,Autumn,Yes,Yes,University Branch,Technology,Premium,Friday,11,15,0,Hot,1
2024-11-15,14,17.0,39.5,61.6,2.0,987.0,0.5,0.0,Autumn,Yes,Yes,Al Hamra Branch,Technology,Premium,Friday,11,15,0,Hot,1
2024-11-15,15,15.0,39.2,42.8,5.1,1907.0,0.63,0.0,Autumn,Yes,Yes,Al Rawdah Branch,Business,Student,Friday,11,15,0,Hot,1
2024-11-15,16,44.0,41.6,66.6,3.9,1686.0,2.68,0.0,Autumn,Yes,Yes,University Branch,Fiction,Student,Friday,11,15,1,Hot,1
2024-11-15,17,47.0,36.6,48.3,3.1,1622.0,2.11,0.0,Autumn,Yes,Yes,Al Rawdah Branch,Science,Regular,Friday,11,15,1,Hot,1
2024-11-15,18,70.0,37.3,48.3,5.4,954.0,3.33,0.0,Autumn,Yes,Yes,Downtown Central,Arabic Literature,Premium,Friday,11,15,1,Hot,1
2024-11-15,19,41.0,36.9,38.4,2.0,1015.0,0.0,0.0,Autumn,Yes,Yes,Al Hamra Branch,Arabic Literature,Premium,Friday,11,15,1,Hot,1
2024-11-15,20,17.0,34.9,64.9,4.9,1859.0,0.0,0.0,Autumn,Yes,Yes,Corniche Kiosk,Business,Premium,Friday,11,15,0,Warm,1
2024-11-15,21,15.0,36.6,47.7,7.3,1594.0,0.0,0.0,Autumn,Yes,Yes,Corniche Kiosk,Technology,Regular,Friday,11,15,0,Hot,1
2024-11-16,8,41.0,33.2,67.5,6.9,1004.0,0.25,0.0,Autumn,No,Yes,Downtown Central,Fiction,Walk-In,Saturday,11,16,0,Warm,1
2024-11-16,9,84.0,30.7,63.6,3.4,1679.0,1.95,0.0,Autumn,No,Yes,University Branch,Arabic Literature,Student,Saturday,11,16,1,Warm,1
2024-11-16,12,50.0,36.9,49.4,0.6,1174.0,1.26,0.0,Autumn,No,Yes,Downtown Central,Technology,Premium,Saturday,11,16,0,Hot,1
2024-11-16,13,50.0,36.8,47.5,3.3,1263.0,3.1,0.0,Autumn,No,Yes,University Branch,Children,Regular,Saturday,11,16,0,Hot,1
2024-11-16,16,59.0,36.6,45.4,3.1,1399.0,1.3,0.0,Autumn,No,Yes,Al Rawdah Branch,Fiction,Student,Saturday,11,16,1,Hot,1
2024-11-16,17,28.0,33.7,49.4,3.9,1356.0,2.67,0.0,Autumn,No,Yes,Corniche Kiosk,Science,Walk-In,Saturday,11,16,1,Warm,1
2024-11-16,22,19.0,31.7,49.1,3.2,1526.0,0.0,0.0,Autumn,No,Yes,Corniche Kiosk,Fiction,Walk-In,Saturday,11,16,0,Warm,1
2024-11-17,8,52.0,31.9,52.7,0.9,1166.0,1.34,0.0,Autumn,No,Yes,University Branch,Fiction,Walk-In,Sunday,11,17,0,Warm,0
2024-11-17,9,45.0,33.3,49.0,3.9,1288.0,1.0,4.8,Autumn,No,Yes,Al Rawdah Branch,Technology,Walk-In,Sunday,11,17,1,Warm,0
2024-11-17,10,59.0,34.1,64.7,7.9,1244.0,2.88,0.0,Autumn,No,Yes,Al Hamra Branch,Arabic Literature,Student,Sunday,11,17,1,Warm,0
2024-11-17,11,30.0,35.1,60.5,0.5,1166.0,1.18,0.0,Autumn,No,Yes,Corniche Kiosk,Business,Walk-In,Sunday,11,17,1,Hot,0
2024-11-17,12,45.0,37.3,49.6,1.4,1946.0,0.54,0.0,Autumn,No,Yes,University Branch,Non-Fiction,Walk-In,Sunday,11,17,0,Hot,0
2024-11-17,15,60.0,36.4,61.2,1.7,1606.0,2.56,0.0,Autumn,No,Yes,University Branch,History,Premium,Sunday,11,17,0,Hot,0
2024-11-17,16,36.0,36.8,56.3,4.5,1293.0,2.44,0.0,Autumn,No,Yes,Corniche Kiosk,Technology,Walk-In,Sunday,11,17,1,Hot,0
2024-11-17,18,89.0,35.2,65.4,1.5,1546.0,2.31,0.0,Autumn,No,Yes,University Branch,Technology,Premium,Sunday,11,17,1,Hot,0
2024-11-17,21,61.0,33.4,68.6,3.4,943.0,0.0,0.0,Autumn,No,Yes,Downtown Central,Fiction,Student,Sunday,11,17,0,Warm,0
2024-11-17,22,31.0,33.5,71.0,3.3,1433.0,0.0,0.0,Autumn,No,Yes,University Branch,Technology,Walk-In,Sunday,11,17,0,Warm,0
2024-11-18,9,33.0,28.4,70.4,3.8,1024.0,1.14,0.0,Autumn,No,Yes,Corniche Kiosk,Technology,Walk-In,Monday,11,18,1,Warm,0
2024-11-18,10,68.0,30.3,60.8,3.6,1358.0,0.5,0.0,Autumn,No,Yes,Downtown Central,Technology,Walk-In,Monday,11,18,1,Warm,0
2024-11-18,11,80.0,32.0,55.1,3.7,1738.0,0.14,0.5,Autumn,No,Yes,Downtown Central,Fiction,Premium,Monday,11,18,1,Warm,0
2024-11-18,12,43.0,33.1,62.3,6.7,1856.0,2.75,0.0,Autumn,No,Yes,Al Hamra Branch,Business,Walk-In,Monday,11,18,0,Warm,0
2024-11-18,13,72.0,35.3,37.7,5.5,1897.0,3.22,0.0,Autumn,No,Yes,Downtown Central,Fiction,Premium,Monday,11,18,0,Hot,0
2024-11-18,14,67.0,32.6,69.5,2.1,815.0,1.1,0.0,Autumn,No,Yes,University Branch,Business,Premium,Monday,11,18,0,Warm,0
2024-11-18,15,38.0,33.6,51.3,7.8,1658.0,0.07,0.0,Autumn,No,Yes,Al Rawdah Branch,Non-Fiction,Walk-In,Monday,11,18,0,Warm,0
2024-11-18,16,91.0,35.2,58.4,6.2,1268.0,0.45,0.0,Autumn,No,Yes,Downtown Central,Children,Student,Monday,11,18,1,Hot,0
2024-11-18,19,61.0,31.7,71.6,6.2,1492.0,0.0,0.0,Autumn,No,Yes,Al Rawdah Branch,Science,Regular,Monday,11,18,1,Warm,0
2024-11-18,20,80.0,32.2,55.7,7.2,1146.0,0.0,0.0,Autumn,No,Yes,Downtown Central,Business,Student,Monday,11,18,0,Warm,0
2024-11-18,21,19.0,28.6,55.7,4.8,1329.0,0.0,0.0,Autumn,No,Yes,Corniche Kiosk,Business,Walk-In,Monday,11,18,0,Warm,0
2024-11-18,22,23.0,27.8,71.4,2.5,1951.0,0.0,0.0,Autumn,No,Yes,Corniche Kiosk,Technology,Premium,Monday,11,18,0,Warm,0
2024-11-19,9,44.0,32.9,62.6,1.3,1489.0,3.41,0.0,Autumn,Yes,Yes,Al Hamra Branch,Non-Fiction,Regular,Tuesday,11,19,1,Warm,0
2024-11-19,10,45.0,35.7,56.8,3.9,1077.0,2.2,0.0,Autumn,Yes,Yes,Al Rawdah Branch,History,Regular,Tuesday,11,19,1,Hot,0
2024-11-19,11,41.0,35.7,59.8,4.0,1940.0,0.65,0.0,Autumn,Yes,Yes,Al Hamra Branch,Children,Student,Tuesday,11,19,1,Hot,0
2024-11-19,14,24.0,38.2,42.2,4.4,1741.0,1.95,0.0,Autumn,Yes,Yes,Al Rawdah Branch,History,Walk-In,Tuesday,11,19,0,Hot,0
2024-11-19,15,24.0,38.0,58.8,1.2,1260.0,2.63,0.0,Autumn,Yes,Yes,Al Rawdah Branch,Technology,Walk-In,Tuesday,11,19,0,Hot,0
2024-11-19,16,29.0,40.3,47.4,7.8,1089.0,0.12,0.0,Autumn,Yes,Yes,Al Hamra Branch,Technology,Premium,Tuesday,11,19,1,Hot,0
2024-11-19,20,16.0,33.1,44.2,4.4,846.0,0.0,0.0,Autumn,Yes,Yes,Corniche Kiosk,Fiction,Premium,Tuesday,11,19,0,Warm,0
2024-11-20,8,68.0,35.2,42.1,1.6,1530.0,0.14,0.0,Autumn,No,Yes,Downtown Central,Non-Fiction,Student,Wednesday,11,20,0,Hot,0
2024-11-20,9,98.0,37.1,40.5,6.2,1852.0,3.18,0.0,Autumn,No,Yes,Downtown Central,History,Student,Wednesday,11,20,1,Hot,0
2024-11-20,10,57.0,37.1,64.0,4.1,1886.0,1.55,0.0,Autumn,No,Yes,Al Rawdah Branch,Non-Fiction,Premium,Wednesday,11,20,1,Hot,0
2024-11-20,12,36.0,39.5,47.7,4.4,1371.0,2.79,0.0,Autumn,No,Yes,Al Hamra Branch,Fiction,Regular,Wednesday,11,20,0,Hot,0
2024-11-20,14,19.0,41.7,63.5,3.2,972.0,3.06,0.0,Autumn,No,Yes,Corniche Kiosk,Non-Fiction,Student,Wednesday,11,20,0,Hot,0
2024-11-20,16,64.0,39.7,51.7,4.6,826.0,1.17,0.0,Autumn,No,Yes,Downtown Central,Non-Fiction,Regular,Wednesday,11,20,1,Hot,0
2024-11-20,17,42.0,39.1,60.7,4.9,1399.0,2.61,0.0,Autumn,No,Yes,Al Hamra Branch,Non-Fiction,Walk-In,Wednesday,11,20,1,Hot,0
2024-11-20,18,60.0,38.2,69.5,0.7,1099.0,0.81,0.0,Autumn,No,Yes,Downtown Central,History,Walk-In,Wednesday,11,20,1,Hot,0
2024-11-20,19,62.0,37.7,71.9,3.1,1371.0,0.0,0.0,Autumn,No,Yes,Al Rawdah Branch,Technology,Student,Wednesday,11,20,1,Hot,0
2024-11-20,20,22.0,35.6,43.5,6.2,954.0,0.0,0.0,Autumn,No,Yes,Corniche Kiosk,Arabic Literature,Premium,Wednesday,11,20,0,Hot,0
2024-11-20,21,20.0,36.0,45.5,7.4,1531.0,0.0,0.0,Autumn,No,Yes,Corniche Kiosk,Arabic Literature,Student,Wednesday,11,20,0,Hot,0
2024-11-20,22,44.0,37.0,62.4,2.3,1895.0,0.0,0.0,Autumn,No,Yes,Al Hamra Branch,Children,Walk-In,Wednesday,11,20,0,Hot,0
2024-11-21,8,72.0,26.8,60.8,1.8,923.0,0.46,0.0,Autumn,No,Yes,University Branch,Technology,Student,Thursday,11,21,0,Warm,0
2024-11-21,10,63.0,28.0,38.7,5.7,1822.0,1.46,0.0,Autumn,No,Yes,Al Rawdah Branch,Children,Regular,Thursday,11,21,1,Warm,0
2024-11-21,11,81.0,30.1,70.1,7.4,922.0,0.32,0.0,Autumn,No,Yes,Downtown Central,History,Regular,Thursday,11,21,1,Warm,0
2024-11-21,15,58.0,32.4,51.9,1.7,868.0,3.35,0.0,Autumn,No,Yes,Al Hamra Branch,Business,Student,Thursday,11,21,0,Warm,0
2024-11-21,17,71.0,27.8,60.2,0.5,1558.0,1.31,0.0,Autumn,No,Yes,Al Hamra Branch,Arabic Literature,Student,Thursday,11,21,1,Warm,0
2024-11-21,18,54.0,28.5,39.3,4.3,1137.0,1.88,0.0,Autumn,No,Yes,Al Hamra Branch,History,Walk-In,Thursday,11,21,1,Warm,0
2024-11-21,20,42.0,26.4,70.5,4.6,930.0,0.0,0.0,Nan,No,Yes,Al Hamra Branch,Technology,Premium,Thursday,11,21,0,Warm,0
2024-11-21,21,31.0,26.9,52.4,6.5,1703.0,0.0,0.0,Autumn,No,Yes,Al Hamra Branch,History,Premium,Thursday,11,21,0,Warm,0
2024-11-22,8,46.0,33.2,63.3,1.6,1042.0,2.65,0.0,Autumn,Yes,Yes,Downtown Central,Arabic Literature,Premium,Friday,11,22,0,Warm,1
2024-11-22,10,40.0,35.5,46.2,5.2,1469.0,1.96,0.0,Autumn,Yes,Yes,Al Hamra Branch,Arabic Literature,Regular,Friday,11,22,1,Hot,1
2024-11-22,11,33.0,36.7,53.1,1.0,1143.0,0.61,0.0,Autumn,Yes,Yes,University Branch,Technology,Walk-In,Friday,11,22,1,Hot,1
2024-11-22,12,7.0,40.0,62.3,7.7,832.0,2.14,0.0,Autumn,Yes,Yes,Corniche Kiosk,Arabic Literature,Walk-In,Friday,11,22,0,Hot,1
2024-11-22,13,11.0,38.6,53.5,4.4,1393.0,1.37,0.0,Autumn,Yes,Yes,Corniche Kiosk,Fiction,Walk-In,Friday,11,22,0,Hot,1
2024-11-22,16,36.0,38.0,58.6,0.8,949.0,1.54,0.0,Autumn,Yes,Yes,Al Hamra Branch,Non-Fiction,Premium,Friday,11,22,1,Hot,1
2024-11-22,17,51.0,34.6,60.6,6.2,1908.0,1.03,0.0,Autumn,Yes,Yes,Al Rawdah Branch,Fiction,Regular,Friday,11,22,1,Warm,1
2024-11-22,18,53.0,36.6,69.9,1.9,1266.0,1.085,0.0,Autumn,Yes,Yes,University Branch,Arabic Literature,Regular,Friday,11,22,1,Hot,1
2024-11-22,20,5.0,35.1,64.9,5.5,1527.0,0.0,0.0,Autumn,Yes,Yes,Corniche Kiosk,Business,Walk-In,Friday,11,22,0,Hot,1
2024-11-22,21,23.0,33.3,53.0,2.0,1755.0,0.0,0.0,Autumn,Yes,Yes,University Branch,Science,Regular,Friday,11,22,0,Warm,1
2024-11-22,22,14.0,33.4,55.3,0.8,1874.0,0.0,0.0,Autumn,Yes,Yes,Al Hamra Branch,Science,Regular,Friday,11,22,0,Warm,1
2024-11-23,8,25.0,26.6,46.5,3.1,947.0,2.41,0.0,Autumn,No,Yes,Corniche Kiosk,History,Walk-In,Saturday,11,23,0,Warm,1
2024-11-23,11,89.0,30.1,46.3,3.7,1545.0,0.79,0.0,Autumn,No,Yes,University Branch,Fiction,Student,Saturday,11,23,1,Warm,1
2024-11-23,12,53.0,33.0,65.1,6.0,994.0,2.35,0.0,Autumn,No,Yes,Al Rawdah Branch,Technology,Premium,Saturday,11,23,0,Warm,1
2024-11-23,13,69.0,30.5,71.5,3.8,1847.0,1.67,0.0,Autumn,No,Yes,University Branch,Technology,Premium,Saturday,11,23,0,Warm,1
2024-11-23,15,24.0,32.1,61.7,2.1,1904.0,0.19,0.0,Autumn,No,Yes,Corniche Kiosk,Arabic Literature,Premium,Saturday,11,23,0,Warm,1
2024-11-23,17,62.0,28.2,65.3,2.4,1655.0,0.8,0.0,Autumn,No,Yes,Al Hamra Branch,Science,Student,Saturday,11,23,1,Warm,1
2024-11-23,19,75.0,27.4,59.4,6.1,1244.0,0.0,0.0,Autumn,No,Yes,Downtown Central,Fiction,Walk-In,Saturday,11,23,1,Warm,1
2024-11-23,20,42.0,25.6,52.6,7.8,1399.0,0.0,0.0,Autumn,No,Yes,University Branch,Science,Walk-In,Saturday,11,23,0,Warm,1
2024-11-23,22,28.0,28.1,43.1,6.2,1011.0,0.0,3.5,Autumn,No,Yes,Al Rawdah Branch,Science,Premium,Saturday,11,23,0,Warm,1
2024-11-24,8,32.0,25.6,65.2,3.7,1542.0,3.42,0.0,Autumn,No,Yes,Corniche Kiosk,Children,Premium,Sunday,11,24,0,Warm,0
2024-11-24,9,94.0,26.6,54.0,4.3,1900.0,2.54,0.0,Autumn,No,Yes,Downtown Central,Technology,Premium,Sunday,11,24,1,Warm,0
2024-11-24,10,41.0,28.2,65.9,6.4,1363.0,2.88,0.0,Autumn,No,Yes,Corniche Kiosk,Arabic Literature,Regular,Sunday,11,24,1,Warm,0
2024-11-24,11,68.0,29.1,45.6,0.9,1368.0,0.5,0.0,Autumn,No,Yes,Al Hamra Branch,Science,Student,Sunday,11,24,1,Warm,0
2024-11-24,12,66.0,30.9,66.6,4.7,1494.0,0.61,0.0,Autumn,No,Yes,Downtown Central,Technology,Regular,Sunday,11,24,0,Warm,0
2024-11-24,13,31.0,31.8,51.6,4.1,1803.0,1.03,0.0,Autumn,No,Yes,Corniche Kiosk,Children,Regular,Sunday,11,24,0,Warm,0
2024-11-24,14,35.0,29.8,59.9,4.6,1889.0,2.36,0.0,Autumn,No,Yes,Corniche Kiosk,Non-Fiction,Student,Sunday,11,24,0,Warm,0
2024-11-24,18,64.0,26.7,71.8,1.2,1636.0,0.38,0.0,Autumn,No,Yes,Al Hamra Branch,Arabic Literature,Premium,Sunday,11,24,1,Warm,0
2024-11-24,21,40.0,25.4,75.9,6.5,1043.0,0.0,0.0,Autumn,No,Yes,Al Rawdah Branch,Science,Regular,Sunday,11,24,0,Warm,0
2024-11-24,22,42.0,25.7,59.6,4.1,1338.0,0.0,0.0,Autumn,No,Yes,University Branch,Arabic Literature,Walk-In,Sunday,11,24,0,Warm,0
2024-11-25,9,47.0,35.3,68.7,0.6,1513.0,0.26,0.0,Autumn,No,Yes,Al Hamra Branch,Technology,Regular,Monday,11,25,1,Hot,0
2024-11-25,10,75.0,36.5,74.7,2.8,1288.0,1.91,0.0,Autumn,No,Yes,Downtown Central,Fiction,Premium,Monday,11,25,1,Hot,0
2024-11-25,11,36.0,37.2,49.4,7.7,1920.0,2.08,4.1,Autumn,No,Yes,Al Hamra Branch,Fiction,Walk-In,Monday,11,25,1,Hot,0
2024-11-25,12,20.0,41.7,70.4,5.7,1472.0,2.35,0.0,Autumn,No,Yes,Corniche Kiosk,Business,Premium,Monday,11,25,0,Hot,0
2024-11-25,15,19.0,41.4,39.6,5.4,1399.0,1.76,0.0,Autumn,No,Yes,Corniche Kiosk,Arabic Literature,Premium,Monday,11,25,0,Hot,0
2024-11-25,16,34.0,40.7,46.9,1.7,1750.0,2.97,0.0,Autumn,No,Yes,Al Hamra Branch,Science,Walk-In,Monday,11,25,1,Hot,0
2024-11-25,19,43.0,38.9,56.0,5.3,1724.0,0.0,0.0,Autumn,No,Yes,Al Hamra Branch,Business,Regular,Monday,11,25,1,Hot,0
2024-11-25,21,30.0,36.9,71.9,1.1,1385.0,0.0,0.0,Autumn,No,Yes,University Branch,History,Regular,Monday,11,25,0,Hot,0
2024-11-25,22,33.0,35.4,72.9,2.3,1748.0,0.0,0.0,Autumn,Yes,Yes,University Branch,Technology,Walk-In,Monday,11,25,0,Hot,0
2024-11-26,8,42.0,32.1,72.4,6.7,1156.0,0.99,0.0,Autumn,No,Yes,Al Rawdah Branch,Science,Regular,Tuesday,11,26,0,Warm,0
2024-11-26,9,101.0,32.4,47.3,6.5,1329.0,2.71,0.0,Autumn,No,Yes,University Branch,History,Student,Tuesday,11,26,1,Warm,0
2024-11-26,11,68.0,34.5,43.2,4.8,1118.0,3.23,0.0,Autumn,No,Yes,Al Rawdah Branch,Fiction,Student,Tuesday,11,26,1,Warm,0
2024-11-26,12,78.0,34.9,69.3,6.2,1336.0,3.24,0.0,Autumn,No,Yes,University Branch,Technology,Student,Tuesday,11,26,0,Warm,0
2024-11-26,13,28.0,36.1,65.1,7.0,1176.0,0.66,0.0,Autumn,No,Yes,Corniche Kiosk,Children,Student,Tuesday,11,26,0,Hot,0
2024-11-26,16,90.0,37.7,49.5,4.9,1957.0,0.87,0.0,Autumn,No,Yes,Downtown Central,History,Student,Tuesday,11,26,1,Hot,0
2024-11-26,17,46.0,34.7,56.1,7.6,1681.0,1.73,0.0,Autumn,No,Yes,Corniche Kiosk,History,Student,Tuesday,11,26,1,Warm,0
2024-11-26,19,49.0,32.6,56.1,7.4,1063.0,0.0,2.7,Autumn,No,Yes,Al Hamra Branch,Fiction,Regular,Tuesday,11,26,1,Warm,0
2024-11-26,21,30.0,32.4,52.0,6.3,1590.0,0.0,0.0,Autumn,No,Yes,Al Hamra Branch,Business,Regular,Tuesday,11,26,0,Warm,0
2024-11-27,9,48.0,29.7,43.7,0.7,1958.0,3.15,0.0,Nan,No,Yes,Al Hamra Branch,Business,Walk-In,Wednesday,11,27,1,Warm,0
2024-11-27,10,75.0,31.9,37.5,1.0,1552.0,1.71,0.0,Autumn,No,Yes,Al Rawdah Branch,Children,Nan,Wednesday,11,27,1,Warm,0
2024-11-27,11,53.0,32.1,41.5,3.2,1447.0,0.99,0.0,Autumn,No,Yes,Al Hamra Branch,Business,Regular,Wednesday,11,27,1,Warm,0
2024-11-27,13,46.0,35.9,68.2,7.4,1196.0,0.04,0.0,Autumn,No,Yes,Downtown Central,History,Walk-In,Wednesday,11,27,0,Hot,0
2024-11-27,15,24.0,36.7,76.2,5.2,1514.0,1.57,4.7,Autumn,No,Yes,Corniche Kiosk,Children,Premium,Wednesday,11,27,0,Hot,0
2024-11-27,16,30.0,34.6,69.1,7.6,1643.0,2.6,1.4,Autumn,No,Yes,Corniche Kiosk,Non-Fiction,Premium,Wednesday,11,27,1,Warm,0
2024-11-27,17,32.0,33.5,56.0,1.8,1630.0,2.9,0.0,Autumn,No,Yes,Corniche Kiosk,Business,Walk-In,Wednesday,11,27,1,Warm,0
2024-11-27,18,44.0,33.2,47.6,2.4,1604.0,1.45,0.0,Autumn,No,Yes,Al Hamra Branch,Technology,Walk-In,Wednesday,11,27,1,Warm,0
2024-11-27,19,84.0,34.2,48.8,2.4,1474.0,0.0,0.0,Autumn,No,Yes,Downtown Central,Business,Regular,Wednesday,11,27,1,Warm,0
2024-11-27,21,42.0,30.8,62.5,1.7,1169.0,0.0,0.0,Autumn,No,Yes,Downtown Central,Fiction,Walk-In,Wednesday,11,27,0,Warm,0
2024-11-27,22,55.0,31.7,76.4,2.9,1249.0,0.0,0.0,Autumn,No,Yes,University Branch,Arabic Literature,Student,Wednesday,11,27,0,Warm,0
2024-11-28,8,83.0,26.5,63.4,0.9,1307.0,2.59,0.0,Autumn,No,Yes,Downtown Central,Non-Fiction,Student,Thursday,11,28,0,Warm,0
2024-11-28,9,60.0,26.7,61.6,0.8,1977.0,1.83,4.7,Autumn,No,Yes,Al Hamra Branch,Arabic Literature,Student,Thursday,11,28,1,Warm,0
2024-11-28,10,82.0,27.3,61.5,4.2,1203.0,2.99,0.0,Autumn,No,Yes,Al Rawdah Branch,Technology,Student,Thursday,11,28,1,Warm,0
2024-11-28,11,92.0,27.3,65.6,7.3,1877.0,0.15,0.0,Autumn,No,Yes,University Branch,Fiction,Student,Thursday,11,28,1,Warm,0
2024-11-28,13,50.0,31.4,54.4,5.8,1536.0,1.7,0.0,Autumn,No,Yes,Al Hamra Branch,History,Premium,Thursday,11,28,0,Warm,0
2024-11-28,14,46.0,30.4,52.9,1.1,1541.0,1.55,0.0,Autumn,No,Yes,Al Hamra Branch,History,Regular,Thursday,11,28,0,Warm,0
2024-11-28,15,79.0,31.0,58.7,5.9,1232.0,2.28,0.0,Autumn,No,Yes,Downtown Central,Technology,Premium,Thursday,11,28,0,Warm,0
2024-11-28,16,66.0,30.5,66.7,6.9,1309.0,1.16,0.0,Autumn,No,Yes,Al Hamra Branch,Science,Premium,Thursday,11,28,1,Warm,0
2024-11-28,17,57.0,28.2,56.2,4.2,1337.0,1.62,0.0,Autumn,No,Yes,Al Rawdah Branch,Arabic Literature,Walk-In,Thursday,11,28,1,Warm,0
2024-11-28,19,69.0,29.2,72.8,6.0,1465.0,0.0,0.0,Autumn,No,Yes,Al Hamra Branch,Science,Student,Thursday,11,28,1,Warm,0
2024-11-28,20,29.0,26.1,51.1,7.8,1987.0,0.0,0.0,Autumn,No,Yes,Corniche Kiosk,Science,Regular,Thursday,11,28,0,Warm,0
2024-11-29,9,34.0,33.8,50.2,5.5,1329.0,0.92,0.0,Autumn,Yes,Yes,Al Rawdah Branch,Science,Walk-In,Friday,11,29,1,Warm,1
2024-11-29,10,43.0,37.2,45.2,3.0,1168.0,1.98,0.0,Autumn,Yes,Yes,University Branch,Children,Walk-In,Friday,11,29,1,Hot,1
2024-11-29,11,24.0,35.4,62.5,1.2,1970.0,1.02,0.0,Autumn,Yes,Yes,Corniche Kiosk,Non-Fiction,Regular,Friday,11,29,1,Hot,1
2024-11-29,12,19.0,40.3,63.1,5.7,1253.0,2.11,0.0,Autumn,Yes,Yes,University Branch,Non-Fiction,Walk-In,Friday,11,29,0,Hot,1
2024-11-29,13,31.0,38.0,53.2,4.1,997.0,0.58,0.0,Autumn,Yes,Yes,University Branch,Science,Student,Friday,11,29,0,Hot,1
2024-11-29,15,30.0,32.2,65.6,2.9,802.0,0.8,0.0,Autumn,Yes,Yes,University Branch,Technology,Premium,Friday,11,29,0,Warm,1
2024-11-29,16,16.0,38.9,47.9,4.0,1146.0,1.86,0.0,Autumn,Yes,Yes,Corniche Kiosk,Arabic Literature,Walk-In,Friday,11,29,1,Hot,1
2024-11-29,17,63.0,35.8,47.8,0.5,1436.0,1.56,0.0,Autumn,Yes,Yes,Downtown Central,Arabic Literature,Regular,Friday,11,29,1,Hot,1
2024-11-29,20,43.0,32.9,72.0,0.9,1590.0,0.0,0.0,Autumn,Yes,Yes,University Branch,Business,Student,Friday,11,29,0,Warm,1
2024-11-29,22,20.0,33.6,64.5,1.4,1552.0,0.0,0.0,Autumn,Yes,Yes,Al Rawdah Branch,Science,Student,Friday,11,29,0,Warm,1
2024-11-30,8,59.0,34.9,42.0,2.6,1620.0,2.39,0.0,Autumn,No,Yes,University Branch,Science,Premium,Saturday,11,30,0,Warm,1
2024-11-30,9,64.0,35.2,58.2,3.4,1304.0,2.82,0.0,Autumn,No,Yes,University Branch,Science,Regular,Saturday,11,30,1,Hot,1
2024-11-30,11,43.0,36.1,58.9,1.9,919.0,2.88,0.0,Autumn,No,Yes,Al Rawdah Branch,Technology,Walk-In,Saturday,11,30,1,Hot,1
2024-11-30,12,47.0,38.8,52.9,1.3,1131.0,0.54,0.0,Autumn,No,Yes,Downtown Central,Fiction,Premium,Saturday,11,30,0,Hot,1
2024-11-30,14,9.0,32.2,56.5,7.7,1636.0,2.47,4.4,Autumn,No,Yes,Al Hamra Branch,Children,Regular,Saturday,11,30,0,Warm,1
2024-11-30,16,50.0,38.4,67.6,6.1,1524.0,0.12,3.4,Autumn,No,Yes,University Branch,Children,Premium,Saturday,11,30,1,Hot,1
2024-11-30,17,30.0,37.7,41.8,7.3,1506.0,2.95,0.0,Autumn,No,Yes,Corniche Kiosk,Business,Walk-In,Saturday,11,30,1,Hot,1
2024-11-30,18,50.0,35.0,63.1,5.7,1292.0,0.75,0.0,Autumn,No,Yes,Al Hamra Branch,Non-Fiction,Regular,Saturday,11,30,1,Warm,1
2024-11-30,19,62.0,36.5,57.1,2.8,1612.0,0.0,0.0,Autumn,No,Yes,University Branch,Non-Fiction,Regular,Saturday,11,30,1,Hot,1
2024-11-30,20,49.0,34.8,69.4,6.4,1901.0,0.0,0.0,Autumn,No,Yes,Downtown Central,Fiction,Premium,Saturday,11,30,0,Warm,1
2024-11-30,21,24.0,33.5,39.1,2.4,1823.0,0.0,0.0,Autumn,No,Yes,Corniche Kiosk,Non-Fiction,Student,Saturday,11,30,0,Warm,1
2024-11-30,22,43.0,32.2,41.1,3.3,1793.0,0.0,0.0,Autumn,No,Yes,Downtown Central,Children,Premium,Saturday,11,30,0,Warm,1
2024-12-01,10,64.0,32.2,55.8,5.9,1984.0,1.55,0.0,Winter,No,Yes,Al Rawdah Branch,Children,Regular,Sunday,12,1,1,Warm,0
2024-12-01,11,34.0,32.2,69.9,3.6,1851.0,1.49,0.0,Winter,No,Yes,Corniche Kiosk,Fiction,Regular,Sunday,12,1,1,Warm,0
2024-12-01,12,75.0,28.3,49.1,5.2,1297.0,0.25,0.0,Winter,No,Yes,Downtown Central,History,Regular,Sunday,12,1,0,Warm,0
2024-12-01,13,31.0,27.6,54.1,3.7,1135.0,0.32,0.0,Winter,No,Yes,Corniche Kiosk,Business,Premium,Sunday,12,1,0,Warm,0
2024-12-01,18,104.0,24.5,37.4,7.0,1927.0,1.65,0.0,Winter,No,Yes,Downtown Central,Arabic Literature,Premium,Sunday,12,1,1,Cool,0
2024-12-01,20,32.0,25.2,64.7,5.5,1367.0,0.0,0.0,Winter,No,Yes,Al Rawdah Branch,Children,Walk-In,Sunday,12,1,0,Warm,0
2024-12-01,21,42.0,23.3,50.1,7.0,1802.0,0.0,0.0,Winter,No,Yes,Al Rawdah Branch,Non-Fiction,Student,Sunday,12,1,0,Cool,0
2024-12-03,8,44.0,22.3,72.3,6.2,1942.0,3.23,0.0,Winter,No,Yes,Al Rawdah Branch,Arabic Literature,Regular,Tuesday,12,3,0,Cool,0
2024-12-03,10,79.0,24.5,44.5,6.0,1534.0,2.77,0.0,Winter,No,Yes,University Branch,Business,Regular,Tuesday,12,3,1,Cool,0
2024-12-03,11,65.0,25.1,53.7,1.8,1399.0,1.86,0.0,Winter,No,Yes,Al Rawdah Branch,Technology,Premium,Tuesday,12,3,1,Warm,0
2024-12-03,16,76.0,29.2,67.9,1.1,1759.0,0.7,0.0,Winter,No,Yes,Al Rawdah Branch,Arabic Literature,Student,Tuesday,12,3,1,Warm,0
2024-12-03,17,113.0,25.6,70.0,8.0,1255.0,2.72,0.0,Winter,No,Yes,Downtown Central,History,Student,Tuesday,12,3,1,Warm,0
2024-12-03,21,38.0,24.1,42.0,3.7,1091.0,0.0,0.0,Winter,No,Yes,Al Hamra Branch,Business,Student,Tuesday,12,3,0,Cool,0
2024-12-03,22,47.0,24.5,66.8,7.0,1267.0,0.0,0.0,Winter,No,Yes,University Branch,History,Regular,Tuesday,12,3,0,Cool,0
2024-12-04,9,33.0,20.7,54.8,1.4,1143.0,1.085,0.0,Winter,No,Yes,Corniche Kiosk,Arabic Literature,Regular,Wednesday,12,4,1,Cool,0
2024-12-04,10,66.0,23.6,62.3,1.3,1363.0,2.1,0.0,Winter,No,Yes,University Branch,History,Walk-In,Wednesday,12,4,1,Cool,0
2024-12-04,11,66.0,22.0,78.3,4.2,1691.0,1.7,0.0,Winter,No,Yes,Downtown Central,Technology,Walk-In,Wednesday,12,4,1,Cool,0
2024-12-04,12,34.0,24.5,69.7,2.0,1830.0,1.6,0.0,Winter,No,Yes,Corniche Kiosk,Science,Premium,Wednesday,12,4,0,Cool,0
2024-12-04,13,68.0,24.4,42.3,7.7,862.0,0.83,0.0,Winter,No,Yes,University Branch,Arabic Literature,Premium,Wednesday,12,4,0,Cool,0
2024-12-04,14,40.0,25.2,69.9,7.3,821.0,2.72,0.0,Winter,No,Yes,Corniche Kiosk,History,Student,Wednesday,12,4,0,Warm,0
2024-12-04,16,108.0,26.9,43.8,3.3,1915.0,1.77,0.0,Winter,No,Yes,University Branch,Business,Student,Wednesday,12,4,1,Warm,0
2024-12-04,18,48.0,23.3,60.8,6.5,1968.0,1.81,0.0,Winter,No,Yes,Al Hamra Branch,Science,Walk-In,Wednesday,12,4,1,Cool,0
2024-12-04,19,93.0,21.7,42.7,2.8,1945.0,0.0,0.0,Winter,No,Yes,Downtown Central,Technology,Premium,Wednesday,12,4,1,Cool,0
2024-12-04,21,31.0,32.2,51.5,6.1,1352.0,0.0,0.0,Winter,No,Yes,Al Rawdah Branch,Fiction,Premium,Wednesday,12,4,0,Warm,0
2024-12-04,22,22.0,21.9,51.5,4.1,1423.0,1.085,0.0,Winter,No,Yes,Corniche Kiosk,Technology,Regular,Wednesday,12,4,0,Cool,0
2024-12-05,8,17.0,22.4,70.0,6.0,1248.0,1.085,0.0,Winter,No,Yes,Corniche Kiosk,History,Regular,Thursday,12,5,0,Cool,0
2024-12-05,9,31.0,22.2,67.7,7.1,1077.0,3.11,2.6,Winter,No,Yes,Corniche Kiosk,Business,Regular,Thursday,12,5,1,Cool,0
2024-12-05,14,37.0,28.7,45.9,4.9,1081.0,2.59,0.0,Winter,No,Yes,Corniche Kiosk,Business,Premium,Thursday,12,5,0,Warm,0
2024-12-05,15,36.0,28.6,41.6,5.6,1493.0,1.69,0.0,Winter,No,Yes,Corniche Kiosk,Children,Regular,Thursday,12,5,0,Warm,0
2024-12-05,16,95.0,27.4,61.5,4.4,1818.0,1.95,0.0,Winter,No,Yes,Downtown Central,Children,Regular,Thursday,12,5,1,Warm,0
2024-12-05,17,41.0,25.7,72.1,2.1,1271.0,1.01,0.0,Winter,No,Yes,Corniche Kiosk,Non-Fiction,Premium,Thursday,12,5,1,Warm,0
2024-12-05,19,80.0,24.2,54.0,3.0,1065.0,0.0,0.0,Winter,No,Yes,Downtown Central,Arabic Literature,Walk-In,Thursday,12,5,1,Cool,0
2024-12-06,8,21.0,19.4,48.6,6.8,1027.0,2.67,0.0,Winter,Yes,Yes,Corniche Kiosk,Business,Nan,Friday,12,6,0,Cool,1
2024-12-06,9,71.0,20.0,44.1,5.8,922.0,2.65,0.0,Winter,Yes,Yes,University Branch,Arabic Literature,Student,Friday,12,6,1,Cool,1
2024-12-06,11,73.0,22.2,50.5,2.4,1077.0,2.87,0.0,Winter,Yes,Yes,University Branch,History,Student,Friday,12,6,1,Cool,1
2024-12-06,12,23.0,23.6,62.2,5.6,1896.0,1.73,0.0,Winter,Yes,Yes,Corniche Kiosk,Arabic Literature,Regular,Friday,12,6,0,Cool,1
2024-12-06,13,30.0,25.1,72.8,7.3,1111.0,1.06,0.0,Winter,Yes,Yes,Al Hamra Branch,Non-Fiction,Regular,Friday,12,6,0,Warm,1
2024-12-06,14,50.0,25.5,65.7,3.6,1009.0,3.36,0.0,Winter,Yes,Yes,University Branch,Business,Regular,Friday,12,6,0,Warm,1
2024-12-06,16,60.0,23.7,64.2,7.4,1228.0,3.36,0.0,Winter,Yes,Yes,Downtown Central,Science,Walk-In,Friday,12,6,1,Cool,1
2024-12-06,17,67.0,23.0,56.2,4.2,1995.0,2.66,0.0,Winter,Yes,Yes,University Branch,Children,Regular,Friday,12,6,1,Cool,1
2024-12-06,19,26.0,21.3,49.9,3.2,1732.0,0.0,0.0,Winter,Yes,Yes,Corniche Kiosk,Arabic Literature,Regular,Friday,12,6,1,Cool,1
2024-12-06,22,10.0,19.6,54.3,6.7,1549.0,0.0,0.0,Winter,No,Yes,Corniche Kiosk,Science,Premium,Friday,12,6,0,Cool,1
2024-12-07,8,52.0,22.9,47.8,3.0,1912.0,1.84,0.0,Winter,No,Yes,University Branch,History,Premium,Saturday,12,7,0,Cool,1
2024-12-07,10,87.0,24.1,78.0,1.1,1206.0,1.24,0.0,Winter,No,Yes,Downtown Central,Technology,Premium,Saturday,12,7,1,Cool,1
2024-12-07,12,50.0,28.7,43.9,1.9,953.0,2.92,0.0,Winter,No,Yes,Al Rawdah Branch,Non-Fiction,Regular,Saturday,12,7,0,Warm,1
2024-12-07,14,51.0,27.2,69.7,2.1,1778.0,2.35,0.0,Winter,No,Yes,Al Hamra Branch,Children,Premium,Saturday,12,7,0,Warm,1
2024-12-07,16,49.0,28.9,41.9,6.5,1016.0,1.04,0.0,Winter,No,Yes,Al Hamra Branch,Business,Walk-In,Saturday,12,7,1,Warm,1
2024-12-07,17,68.0,23.1,60.4,0.7,1903.0,3.24,0.0,Winter,No,Yes,Al Hamra Branch,Science,Premium,Saturday,12,7,1,Cool,1
2024-12-07,21,24.0,21.2,68.7,4.3,1439.0,0.0,0.0,Winter,No,Yes,Corniche Kiosk,Business,Student,Saturday,12,7,0,Cool,1
2024-12-08,9,43.0,21.8,54.4,7.2,1112.0,0.98,0.0,Winter,No,Yes,Corniche Kiosk,Arabic Literature,Student,Sunday,12,8,1,Cool,0
2024-12-08,10,64.0,24.2,56.9,7.7,857.0,2.79,0.0,Winter,No,Yes,Al Rawdah Branch,Business,Regular,Sunday,12,8,1,Cool,0
2024-12-08,11,30.0,22.2,66.9,7.1,1131.0,0.64,0.0,Winter,No,Yes,Corniche Kiosk,History,Walk-In,Sunday,12,8,1,Cool,0
2024-12-08,13,55.0,27.0,47.3,4.8,1451.0,2.6,0.0,Winter,No,Yes,Al Hamra Branch,Technology,Premium,Sunday,12,8,0,Warm,0
2024-12-08,15,60.0,26.9,72.7,2.5,1380.0,0.86,0.0,Winter,No,Yes,Downtown Central,Children,Walk-In,Sunday,12,8,0,Warm,0
2024-12-08,18,60.0,25.1,43.1,5.4,1906.0,0.97,0.0,Winter,No,Yes,Al Rawdah Branch,Technology,Walk-In,Sunday,12,8,1,Warm,0
2024-12-08,19,43.0,23.3,44.8,1.7,1252.0,0.0,0.0,Winter,No,Yes,Corniche Kiosk,Children,Regular,Sunday,12,8,1,Cool,0
2024-12-08,22,53.0,23.1,72.2,7.5,953.0,0.0,0.0,Winter,No,Yes,University Branch,Technology,Student,Sunday,12,8,0,Cool,0
2024-12-09,12,41.0,24.8,65.1,2.9,1458.0,0.82,0.0,Winter,No,Yes,Corniche Kiosk,Business,Student,Monday,12,9,0,Cool,0
2024-12-09,18,27.0,22.5,61.8,7.1,1450.0,1.48,3.3,Winter,No,Yes,Corniche Kiosk,Science,Regular,Monday,12,9,1,Cool,0
2024-12-09,19,48.0,21.7,53.0,1.5,1865.0,0.0,0.0,Winter,No,Yes,Al Hamra Branch,Fiction,Walk-In,Monday,12,9,1,Cool,0
2024-12-09,20,36.0,19.8,57.5,2.7,1769.0,0.0,0.0,Winter,No,Yes,Al Hamra Branch,Arabic Literature,Premium,Monday,12,9,0,Cool,0
2024-12-09,21,23.0,20.2,67.8,3.5,818.0,0.0,0.0,Winter,No,Yes,Al Hamra Branch,Business,Walk-In,Monday,12,9,0,Cool,0
2024-12-09,22,13.0,18.8,57.8,3.8,1630.0,0.0,0.0,Winter,No,Yes,Corniche Kiosk,Children,Walk-In,Monday,12,9,0,Cool,0
2024-12-10,9,65.0,26.9,68.8,3.9,1908.0,2.19,0.0,Winter,No,Yes,University Branch,Science,Walk-In,Tuesday,12,10,1,Warm,0
2024-12-10,10,77.0,29.1,47.1,2.1,1893.0,1.33,0.0,Winter,No,Yes,Downtown Central,Science,Walk-In,Tuesday,12,10,1,Warm,0
2024-12-10,11,80.0,29.0,48.1,4.2,1448.0,0.17,0.0,Winter,No,Yes,University Branch,Non-Fiction,Regular,Tuesday,12,10,1,Warm,0
2024-12-10,12,58.0,31.3,51.7,7.4,1018.0,0.09,0.0,Winter,No,Yes,Al Rawdah Branch,Science,Student,Tuesday,12,10,0,Warm,0
2024-12-10,13,50.0,31.9,68.7,1.0,1925.0,0.54,0.0,Winter,No,Yes,Al Rawdah Branch,Technology,Premium,Tuesday,12,10,0,Warm,0
2024-12-10,14,44.0,29.5,74.2,6.9,1411.0,1.34,0.0,Winter,No,Yes,Al Rawdah Branch,Business,Walk-In,Tuesday,12,10,0,Warm,0
2024-12-10,16,94.0,29.6,46.7,4.2,1099.0,1.17,0.0,Winter,No,Yes,Downtown Central,Technology,Regular,Tuesday,12,10,1,Warm,0
2024-12-10,18,51.0,28.5,52.9,1.7,1219.0,3.31,0.0,Winter,No,Yes,Corniche Kiosk,Children,Student,Tuesday,12,10,1,Warm,0
2024-12-11,10,67.0,22.2,36.9,3.7,818.0,0.42,0.0,Winter,No,Yes,Downtown Central,Fiction,Walk-In,Wednesday,12,11,1,Cool,0
2024-12-11,13,72.0,23.6,70.5,7.5,1805.0,0.61,0.0,Winter,No,Yes,Downtown Central,Children,Premium,Wednesday,12,11,0,Cool,0
2024-12-11,15,61.0,25.2,69.0,6.9,1011.0,3.25,3.5,Winter,No,Yes,University Branch,Fiction,Premium,Wednesday,12,11,0,Warm,0
2024-12-11,16,102.0,25.2,39.8,5.9,1675.0,0.69,0.0,Winter,No,Yes,University Branch,Science,Student,Wednesday,12,11,1,Warm,0
2024-12-11,17,91.0,21.3,61.4,4.8,1884.0,1.8,0.0,Winter,No,Yes,Downtown Central,Business,Regular,Wednesday,12,11,1,Cool,0
2024-12-11,19,82.0,21.4,65.6,3.0,1224.0,0.0,0.0,Winter,No,Yes,University Branch,Business,Premium,Wednesday,12,11,1,Cool,0
2024-12-11,20,44.0,20.4,70.8,3.5,1294.0,0.0,0.0,Winter,No,Yes,University Branch,Fiction,Premium,Wednesday,12,11,0,Cool,0
2024-12-11,22,18.0,20.0,42.9,2.5,1693.0,0.0,0.0,Winter,No,Yes,Corniche Kiosk,Technology,Regular,Wednesday,12,11,0,Cool,0
2024-12-12,9,65.0,24.4,58.9,1.2,1022.0,0.57,0.0,Winter,No,Yes,Al Rawdah Branch,Technology,Premium,Thursday,12,12,1,Cool,0
2024-12-12,11,74.0,26.8,49.0,4.6,1399.0,2.43,0.0,Winter,No,Yes,University Branch,Non-Fiction,Walk-In,Thursday,12,12,1,Warm,0
2024-12-12,14,47.0,28.6,75.4,7.7,979.0,0.97,0.0,Winter,No,Yes,Al Rawdah Branch,Arabic Literature,Regular,Thursday,12,12,0,Warm,0
2024-12-12,16,47.0,28.6,44.7,3.6,1808.0,1.06,0.0,Winter,No,Yes,Corniche Kiosk,Business,Premium,Thursday,12,12,1,Warm,0
2024-12-12,18,94.0,26.7,42.8,7.3,988.0,2.46,0.0,Winter,No,Yes,Downtown Central,Non-Fiction,Regular,Thursday,12,12,1,Warm,0
2024-12-12,22,55.0,24.6,66.0,6.1,1695.0,0.0,0.0,Winter,No,Yes,Downtown Central,Business,Premium,Thursday,12,12,0,Cool,0
2024-12-13,9,37.0,25.1,66.2,6.6,843.0,1.14,0.0,Winter,Yes,Yes,Al Hamra Branch,Business,Walk-In,Friday,12,13,1,Warm,1
2024-12-13,10,30.0,25.7,68.5,2.5,1873.0,0.53,0.0,Winter,Yes,Yes,Corniche Kiosk,Non-Fiction,Regular,Friday,12,13,1,Warm,1
2024-12-13,13,50.0,29.9,51.1,0.6,1513.0,1.38,0.0,Winter,Yes,Yes,University Branch,Children,Regular,Friday,12,13,0,Warm,1
2024-12-13,14,51.0,29.5,58.8,5.7,1169.0,2.67,0.0,Winter,Yes,Yes,Al Rawdah Branch,Non-Fiction,Student,Friday,12,13,0,Warm,1
2024-12-13,15,32.0,29.8,66.3,4.7,1836.0,3.21,0.0,Winter,Yes,Yes,Al Hamra Branch,History,Walk-In,Friday,12,13,0,Warm,1
2024-12-13,16,40.0,29.7,74.6,4.2,1811.0,0.86,0.0,Winter,Yes,Yes,Al Rawdah Branch,Business,Walk-In,Friday,12,13,1,Warm,1
2024-12-14,9,69.0,22.1,49.6,7.5,1326.0,1.42,4.7,Winter,No,Yes,University Branch,Arabic Literature,Student,Saturday,12,14,1,Cool,1
2024-12-14,10,35.0,24.2,50.9,7.8,1009.0,0.15,0.0,Winter,No,Yes,Al Hamra Branch,Fiction,Walk-In,Saturday,12,14,1,Cool,1
2024-12-14,12,69.0,25.6,60.1,2.4,1826.0,2.64,0.0,Winter,No,Yes,University Branch,Fiction,Premium,Saturday,12,14,0,Warm,1
2024-12-14,17,71.0,22.5,57.3,2.1,1528.0,0.29,0.0,Winter,No,Yes,Al Rawdah Branch,Business,Student,Saturday,12,14,1,Cool,1
2024-12-14,19,95.0,22.2,56.1,6.7,863.0,0.0,0.0,Winter,No,Yes,Downtown Central,Non-Fiction,Student,Saturday,12,14,1,Cool,1
2024-12-14,20,22.0,20.8,74.2,2.3,909.0,0.0,0.0,Winter,No,Yes,Al Hamra Branch,Business,Walk-In,Saturday,12,14,0,Cool,1
2024-12-15,9,86.0,24.5,55.4,6.1,846.0,2.3,0.0,Winter,Yes,Yes,Downtown Central,Business,Student,Sunday,12,15,1,Cool,0
2024-12-15,10,57.0,27.5,50.4,4.6,1535.0,2.45,0.0,Winter,Yes,Yes,Al Rawdah Branch,Non-Fiction,Regular,Sunday,12,15,1,Warm,0
2024-12-15,11,79.0,26.8,73.6,3.1,875.0,2.23,0.0,Winter,Yes,Yes,Downtown Central,Technology,Premium,Sunday,12,15,1,Warm,0
2024-12-15,12,63.0,30.4,59.4,3.2,1418.0,1.02,0.0,Winter,Yes,Yes,Downtown Central,Arabic Literature,Student,Sunday,12,15,0,Warm,0
2024-12-15,13,75.0,28.0,43.5,0.6,1047.0,3.49,0.0,Winter,Yes,Yes,Downtown Central,Science,Nan,Sunday,12,15,0,Warm,0
2024-12-15,14,29.0,29.3,47.9,3.8,1518.0,0.09,0.0,Winter,Yes,Yes,Al Rawdah Branch,Technology,Walk-In,Sunday,12,15,0,Warm,0
2024-12-15,15,35.0,29.8,53.1,6.6,1899.0,0.57,1.9,Winter,Yes,Yes,Al Hamra Branch,Technology,Premium,Sunday,12,15,0,Warm,0
2024-12-15,16,96.0,28.4,45.5,6.3,1379.0,3.1,0.0,Winter,Yes,Yes,University Branch,Children,Student,Sunday,12,15,1,Warm,0
2024-12-15,18,61.0,25.3,41.3,0.6,939.0,2.52,0.0,Winter,Yes,Yes,Al Hamra Branch,Business,Premium,Sunday,12,15,1,Warm,0
2024-12-15,19,95.0,27.2,43.7,2.7,1625.0,0.0,0.0,Winter,Yes,Yes,Downtown Central,Fiction,Student,Sunday,12,15,1,Warm,0
2024-12-15,21,31.0,24.1,56.5,2.7,1096.0,0.0,0.0,Winter,Yes,Yes,Al Rawdah Branch,Children,Student,Sunday,12,15,0,Cool,0
2024-12-15,22,14.0,23.4,43.1,4.2,1452.0,0.0,4.4,Winter,Yes,Yes,Al Rawdah Branch,Science,Regular,Sunday,12,15,0,Cool,0
2024-12-16,10,95.0,23.8,59.7,0.8,1505.0,1.99,0.0,Winter,No,Yes,Downtown Central,Technology,Premium,Monday,12,16,1,Cool,0
2024-12-16,12,50.0,26.4,50.5,3.6,1110.0,1.24,0.0,Nan,No,Yes,Al Hamra Branch,History,Regular,Monday,12,16,0,Warm,0
2024-12-16,13,40.0,26.9,70.5,7.6,1399.0,2.98,0.0,Winter,No,Yes,Corniche Kiosk,Science,Student,Monday,12,16,0,Warm,0
2024-12-16,16,54.0,28.5,69.8,6.6,1967.0,2.03,0.0,Winter,No,Yes,Al Hamra Branch,Technology,Nan,Monday,12,16,1,Warm,0
2024-12-16,18,70.0,24.9,40.0,3.8,1284.0,1.83,0.0,Winter,No,Yes,University Branch,Technology,Walk-In,Monday,12,16,1,Cool,0
2024-12-16,19,54.0,23.3,52.5,2.9,1513.0,0.0,0.0,Winter,No,Yes,Al Hamra Branch,Children,Regular,Monday,12,16,1,Cool,0
2024-12-16,20,34.0,23.2,67.9,6.0,1812.0,0.0,0.0,Winter,No,Yes,Al Hamra Branch,Science,Premium,Monday,12,16,0,Cool,0
2024-12-16,22,33.0,22.1,56.3,1.0,900.0,0.0,0.0,Winter,No,Yes,Al Hamra Branch,Fiction,Student,Monday,12,16,0,Cool,0
2024-12-17,11,77.0,20.2,73.5,7.0,1214.0,1.13,0.0,Winter,No,Yes,University Branch,History,Student,Tuesday,12,17,1,Cool,0
2024-12-17,12,37.0,23.2,58.8,6.3,1705.0,3.12,0.0,Winter,No,Yes,Corniche Kiosk,Arabic Literature,Student,Tuesday,12,17,0,Cool,0
2024-12-17,13,42.0,22.4,54.2,6.3,1382.0,1.24,0.0,Nan,No,Yes,Al Rawdah Branch,Arabic Literature,Walk-In,Tuesday,12,17,0,Cool,0
2024-12-17,16,95.0,22.9,51.9,5.6,1010.0,0.58,0.0,Winter,No,Yes,Downtown Central,Arabic Literature,Premium,Tuesday,12,17,1,Cool,0
2024-12-17,17,51.0,19.6,69.0,0.5,1354.0,1.4,0.0,Winter,No,Yes,Al Hamra Branch,Business,Regular,Tuesday,12,17,1,Cool,0
2024-12-17,18,37.0,19.8,47.5,5.5,875.0,1.31,0.0,Winter,No,Yes,Corniche Kiosk,Science,Regular,Tuesday,12,17,1,Cool,0
2024-12-17,19,68.0,20.8,66.8,4.8,841.0,0.0,0.0,Winter,No,Yes,University Branch,History,Walk-In,Tuesday,12,17,1,Cool,0
2024-12-17,20,22.0,18.0,68.1,1.5,1753.0,0.0,0.0,Winter,No,Yes,Corniche Kiosk,Science,Premium,Tuesday,12,17,0,Cool,0
2024-12-17,22,28.0,17.4,43.9,5.5,1082.0,0.0,0.0,Winter,No,Yes,University Branch,Fiction,Regular,Tuesday,12,17,0,Cool,0
2024-12-18,8,51.0,21.3,37.8,1.5,1076.0,2.05,0.0,Winter,No,Yes,University Branch,Fiction,Walk-In,Wednesday,12,18,0,Cool,0
2024-12-18,9,37.0,21.1,54.7,4.9,1973.0,3.03,0.0,Winter,No,Yes,Corniche Kiosk,Business,Regular,Wednesday,12,18,1,Cool,0
2024-12-18,11,42.0,22.7,45.9,8.0,1468.0,0.15,0.0,Winter,No,Yes,Al Hamra Branch,Business,Walk-In,Wednesday,12,18,1,Cool,0
2024-12-18,13,65.0,23.8,51.0,4.6,1056.0,0.74,0.0,Winter,No,Yes,University Branch,Technology,Regular,Wednesday,12,18,0,Cool,0
2024-12-18,14,56.0,24.8,38.9,4.2,1253.0,2.54,0.0,Winter,No,Yes,Al Rawdah Branch,Arabic Literature,Regular,Wednesday,12,18,0,Cool,0
2024-12-18,15,73.0,24.7,59.1,4.1,1427.0,0.17,0.0,Winter,No,Yes,University Branch,Fiction,Student,Wednesday,12,18,0,Cool,0
2024-12-18,16,85.0,26.4,62.3,3.5,1067.0,0.81,0.0,Winter,No,Yes,University Branch,Arabic Literature,Regular,Wednesday,12,18,1,Warm,0
2024-12-18,17,38.0,22.5,59.3,1.7,1063.0,0.34,0.0,Winter,No,Yes,Corniche Kiosk,Technology,Premium,Wednesday,12,18,1,Cool,0
2024-12-18,18,98.0,22.2,67.3,4.4,1193.0,2.56,0.0,Winter,No,Yes,University Branch,Children,Student,Wednesday,12,18,1,Cool,0
2024-12-18,21,27.0,21.3,63.6,3.3,1220.0,0.0,0.0,Winter,No,Yes,Al Hamra Branch,Business,Regular,Wednesday,12,18,0,Cool,0
2024-12-18,22,51.0,20.1,70.8,0.7,1298.0,0.0,0.0,Winter,No,Yes,Downtown Central,History,Student,Wednesday,12,18,0,Cool,0
2024-12-19,9,40.0,21.0,47.1,2.8,1451.0,0.05,2.6,Winter,No,Yes,Al Hamra Branch,Fiction,Regular,Thursday,12,19,1,Cool,0
2024-12-19,12,27.0,23.6,71.1,2.0,1854.0,0.17,0.0,Winter,No,Yes,Corniche Kiosk,History,Regular,Thursday,12,19,0,Cool,0
2024-12-19,13,61.0,25.0,42.1,4.8,1604.0,2.28,0.0,Winter,No,Yes,Downtown Central,History,Walk-In,Thursday,12,19,0,Warm,0
2024-12-19,15,83.0,23.7,46.1,7.3,1339.0,3.23,0.0,Winter,No,Yes,Downtown Central,Science,Premium,Thursday,12,19,0,Cool,0
2024-12-19,16,100.0,26.2,55.9,0.9,1398.0,0.49,0.0,Winter,No,Yes,Downtown Central,Non-Fiction,Premium,Thursday,12,19,1,Warm,0
2024-12-19,19,70.0,21.6,50.6,4.0,1802.0,0.0,0.0,Winter,No,Yes,Al Hamra Branch,Technology,Student,Thursday,12,19,1,Cool,0
2024-12-19,20,35.0,18.4,76.3,3.0,1754.0,0.0,0.0,Winter,No,Yes,Downtown Central,History,Walk-In,Thursday,12,19,0,Cool,0
2024-12-19,21,43.0,20.3,41.0,5.7,1217.0,0.0,0.0,Winter,No,Yes,Downtown Central,History,Regular,Thursday,12,19,0,Cool,0
2024-12-19,22,56.0,21.2,57.2,3.6,1648.0,0.0,0.0,Winter,No,Yes,Downtown Central,Science,Student,Thursday,12,19,0,Cool,0
2024-12-20,8,17.0,19.7,47.6,5.4,1092.0,0.73,0.0,Winter,Yes,Yes,Al Rawdah Branch,Arabic Literature,Walk-In,Friday,12,20,0,Cool,1
2024-12-20,10,26.0,21.9,60.0,2.8,1730.0,1.06,0.0,Winter,Yes,Yes,Corniche Kiosk,Children,Walk-In,Friday,12,20,1,Cool,1
2024-12-20,11,47.0,23.0,54.8,7.5,1139.0,2.99,0.0,Winter,Yes,Yes,Al Hamra Branch,Technology,Premium,Friday,12,20,1,Cool,1
2024-12-20,13,36.0,26.7,37.6,1.5,956.0,2.26,0.0,Winter,Yes,Yes,Al Hamra Branch,Arabic Literature,Premium,Friday,12,20,0,Warm,1
2024-12-20,14,34.0,24.7,68.7,3.1,823.0,1.63,0.0,Winter,Yes,Yes,Al Rawdah Branch,Technology,Regular,Friday,12,20,0,Cool,1
2024-12-20,17,60.0,21.7,43.0,4.9,1250.0,2.35,0.0,Winter,Yes,Yes,Downtown Central,Non-Fiction,Walk-In,Friday,12,20,1,Cool,1
2024-12-20,20,28.0,21.5,75.6,7.9,1791.0,0.0,0.0,Winter,Yes,Yes,Al Rawdah Branch,Non-Fiction,Student,Friday,12,20,0,Cool,1
2024-12-21,8,67.0,24.6,48.8,2.7,1032.0,3.14,0.0,Winter,No,Yes,Downtown Central,Non-Fiction,Regular,Saturday,12,21,0,Cool,1
2024-12-21,9,79.0,22.3,42.1,4.2,999.0,1.15,0.0,Winter,No,Yes,University Branch,Non-Fiction,Premium,Saturday,12,21,1,Cool,1
2024-12-21,12,44.0,28.6,70.9,2.5,1261.0,2.34,0.0,Winter,No,Yes,Al Hamra Branch,History,Regular,Saturday,12,21,0,Warm,1
2024-12-21,13,35.0,27.3,54.4,1.8,1623.0,1.94,0.0,Winter,No,Yes,Al Hamra Branch,Science,Walk-In,Saturday,12,21,0,Warm,1
2024-12-21,14,51.0,27.2,66.8,0.8,845.0,3.46,0.0,Winter,No,Yes,Al Hamra Branch,Arabic Literature,Student,Saturday,12,21,0,Warm,1
2024-12-21,15,65.0,27.9,66.9,1.6,1399.0,0.51,0.0,Winter,No,Yes,University Branch,Business,Premium,Saturday,12,21,0,Warm,1
2024-12-21,16,67.0,28.7,50.4,3.7,810.0,0.85,0.0,Winter,No,Yes,Al Hamra Branch,Arabic Literature,Student,Saturday,12,21,1,Warm,1
2024-12-21,17,71.0,25.3,38.4,5.0,1771.0,0.45,0.0,Winter,No,Yes,Al Rawdah Branch,Science,Student,Saturday,12,21,1,Warm,1
2024-12-21,18,49.0,26.1,73.4,4.5,1811.0,2.9,0.0,Winter,No,Yes,Corniche Kiosk,Fiction,Student,Saturday,12,21,1,Warm,1
2024-12-21,19,55.0,25.5,66.7,2.5,1954.0,0.0,0.0,Winter,No,Yes,Al Hamra Branch,Technology,Regular,Saturday,12,21,1,Warm,1
2024-12-21,20,32.0,22.9,70.1,5.0,1185.0,0.0,0.0,Winter,No,Yes,Al Rawdah Branch,Fiction,Regular,Saturday,12,21,0,Cool,1
2024-12-22,11,72.0,28.4,74.7,0.8,1103.0,1.39,0.0,Winter,No,Yes,Downtown Central,Fiction,Walk-In,Sunday,12,22,1,Warm,0
2024-12-22,12,77.0,30.8,56.9,5.4,939.0,1.29,0.0,Winter,No,Yes,Downtown Central,Children,Premium,Sunday,12,22,0,Warm,0
2024-12-22,14,52.0,29.3,64.0,6.9,1410.0,2.33,0.0,Winter,No,Yes,Al Hamra Branch,History,Regular,Sunday,12,22,0,Warm,0
2024-12-22,15,26.0,31.5,66.7,1.3,1258.0,3.38,0.0,Winter,No,Yes,Corniche Kiosk,Fiction,Walk-In,Sunday,12,22,0,Warm,0
2024-12-22,16,35.0,31.4,64.4,3.4,1552.0,1.82,0.0,Winter,No,Yes,Corniche Kiosk,Arabic Literature,Regular,Sunday,12,22,1,Warm,0
2024-12-22,17,44.0,27.3,58.5,4.6,1182.0,0.7,0.0,Winter,No,Yes,Corniche Kiosk,History,Student,Sunday,12,22,1,Warm,0
2024-12-22,18,102.0,27.6,62.3,2.4,1285.0,2.27,0.0,Winter,No,Yes,University Branch,Business,Premium,Sunday,12,22,1,Warm,0
2024-12-22,19,54.0,27.7,69.6,1.7,1094.0,0.0,0.0,Winter,No,Yes,Al Rawdah Branch,Non-Fiction,Walk-In,Sunday,12,22,1,Warm,0
2024-12-22,22,44.0,25.3,56.3,7.4,1203.0,0.0,0.0,Winter,No,Yes,Al Rawdah Branch,Children,Premium,Sunday,12,22,0,Warm,0
2024-12-23,10,74.0,20.5,60.8,4.7,876.0,2.35,0.0,Winter,No,Yes,University Branch,History,Regular,Monday,12,23,1,Cool,0
2024-12-23,11,98.0,20.7,40.1,3.0,967.0,3.25,0.0,Winter,No,Yes,Downtown Central,Arabic Literature,Student,Monday,12,23,1,Cool,0
2024-12-23,12,57.0,23.6,48.8,3.4,1587.0,3.14,0.0,Winter,No,Yes,Al Rawdah Branch,Non-Fiction,Regular,Monday,12,23,0,Cool,0
2024-12-23,13,54.0,22.7,58.0,5.6,1375.0,2.03,0.0,Winter,No,Yes,Al Rawdah Branch,Technology,Student,Monday,12,23,0,Cool,0
2024-12-23,14,54.0,23.4,72.0,6.3,1568.0,1.23,0.0,Winter,No,Yes,Downtown Central,History,Walk-In,Monday,12,23,0,Cool,0
2024-12-23,16,71.0,25.1,44.4,6.5,1085.0,1.99,0.0,Nan,No,Yes,University Branch,Fiction,Walk-In,Monday,12,23,1,Warm,0
2024-12-23,17,47.0,22.6,39.8,1.2,813.0,2.11,0.0,Winter,No,Yes,Corniche Kiosk,History,Regular,Monday,12,23,1,Cool,0
2024-12-24,9,43.0,25.3,67.6,5.6,1673.0,2.22,0.0,Winter,No,Yes,Corniche Kiosk,Science,Student,Tuesday,12,24,1,Warm,0
2024-12-24,11,39.0,26.6,53.6,5.9,1706.0,1.22,0.0,Winter,No,Yes,Corniche Kiosk,Fiction,Premium,Tuesday,12,24,1,Warm,0
2024-12-24,13,27.0,31.4,75.6,1.0,1384.0,0.1,0.0,Winter,No,Yes,Corniche Kiosk,Business,Walk-In,Tuesday,12,24,0,Warm,0
2024-12-24,14,69.0,31.1,64.1,3.5,1267.0,3.04,0.0,Winter,No,Yes,University Branch,Science,Regular,Tuesday,12,24,0,Warm,0
2024-12-24,15,39.0,30.4,59.9,3.6,1383.0,2.43,0.0,Winter,No,Yes,Al Hamra Branch,Children,Walk-In,Tuesday,12,24,0,Warm,0
2024-12-24,18,71.0,27.4,53.6,2.9,1543.0,2.8,0.0,Winter,No,Yes,Al Rawdah Branch,Children,Regular,Tuesday,12,24,1,Warm,0
2024-12-24,20,52.0,26.0,65.1,5.7,936.0,0.0,0.0,Winter,No,Yes,Al Rawdah Branch,Non-Fiction,Premium,Tuesday,12,24,0,Warm,0
2024-12-24,21,36.0,23.9,65.1,0.6,1868.0,0.0,0.0,Winter,No,Yes,Al Hamra Branch,Technology,Premium,Tuesday,12,24,0,Cool,0
2024-12-25,8,52.0,25.8,52.6,2.0,1465.0,0.47,0.0,Winter,No,Yes,Al Rawdah Branch,Non-Fiction,Premium,Wednesday,12,25,0,Warm,0
2024-12-25,9,91.0,25.7,63.3,4.4,862.0,2.85,0.0,Winter,No,Yes,Downtown Central,History,Premium,Wednesday,12,25,1,Warm,0
2024-12-25,11,70.0,25.6,60.6,5.5,1605.0,3.32,0.0,Winter,No,Yes,Al Hamra Branch,Science,Student,Wednesday,12,25,1,Warm,0
2024-12-25,14,58.0,29.5,40.4,7.4,1472.0,0.38,0.0,Winter,No,Yes,University Branch,Non-Fiction,Regular,Wednesday,12,25,0,Warm,0
2024-12-25,17,76.0,25.2,46.1,4.9,1532.0,0.3,0.0,Winter,No,Yes,Al Rawdah Branch,Technology,Student,Wednesday,12,25,1,Warm,0
2024-12-25,18,64.0,25.6,65.7,4.0,1916.0,0.29,0.0,Winter,No,Yes,Al Hamra Branch,Fiction,Premium,Wednesday,12,25,1,Warm,0
2024-12-25,21,44.0,25.1,76.9,1.2,1752.0,0.0,0.0,Winter,No,Yes,Downtown Central,Science,Student,Wednesday,12,25,0,Warm,0
2024-12-26,9,76.0,20.4,60.2,3.3,1094.0,1.3,0.0,Winter,No,Yes,University Branch,Non-Fiction,Premium,Thursday,12,26,1,Cool,0
2024-12-26,10,67.0,20.6,57.5,5.3,1950.0,2.63,0.0,Winter,No,Yes,University Branch,Business,Walk-In,Thursday,12,26,1,Cool,0
2024-12-26,11,85.0,21.0,75.1,7.1,1951.0,0.98,0.0,Winter,No,Yes,University Branch,Fiction,Student,Thursday,12,26,1,Cool,0
2024-12-26,12,84.0,23.5,44.6,3.3,1349.0,1.19,0.0,Winter,No,Yes,University Branch,Arabic Literature,Student,Thursday,12,26,0,Cool,0
2024-12-26,13,52.0,24.5,51.4,7.3,1911.0,0.34,0.0,Winter,No,Yes,Al Hamra Branch,History,Premium,Thursday,12,26,0,Cool,0
2024-12-26,14,86.0,24.1,48.9,1.8,1749.0,1.0,0.0,Winter,No,Yes,Downtown Central,Science,Student,Thursday,12,26,0,Cool,0
2024-12-26,15,60.0,26.0,59.1,7.5,855.0,2.45,0.0,Winter,No,Yes,Al Rawdah Branch,Fiction,Student,Thursday,12,26,0,Warm,0
2024-12-26,17,70.0,23.2,54.7,4.7,896.0,0.43,0.0,Winter,No,Yes,University Branch,Non-Fiction,Walk-In,Thursday,12,26,1,Cool,0
2024-12-26,20,33.0,19.3,73.9,7.9,1716.0,0.0,0.0,Winter,No,Yes,University Branch,Technology,Walk-In,Thursday,12,26,0,Cool,0
2024-12-26,21,39.0,19.6,45.5,5.5,1989.0,0.0,3.3,Winter,No,Yes,Downtown Central,Technology,Student,Thursday,12,26,0,Cool,0
2024-12-26,22,29.0,19.5,61.6,3.1,1194.0,0.0,0.0,Winter,No,Yes,Downtown Central,Arabic Literature,Walk-In,Thursday,12,26,0,Cool,0
2024-12-27,8,29.0,25.0,46.3,7.0,1257.0,2.25,0.0,Winter,Yes,Yes,Al Rawdah Branch,Fiction,Walk-In,Friday,12,27,0,Warm,1
2024-12-27,10,33.0,28.0,60.6,6.5,912.0,2.23,0.0,Winter,Yes,Yes,Corniche Kiosk,Children,Student,Friday,12,27,1,Warm,1
2024-12-27,12,39.0,28.8,64.5,4.8,905.0,3.36,1.3,Winter,Yes,Yes,University Branch,Technology,Walk-In,Friday,12,27,0,Warm,1
2024-12-27,13,41.0,29.9,64.4,7.8,1948.0,1.76,0.0,Winter,Yes,Yes,Downtown Central,Arabic Literature,Walk-In,Friday,12,27,0,Warm,1
2024-12-27,15,44.0,29.9,72.3,7.0,1373.0,2.77,0.0,Winter,Yes,Yes,Al Rawdah Branch,Fiction,Premium,Friday,12,27,0,Warm,1
2024-12-27,19,27.0,27.1,62.1,5.9,1923.0,0.0,0.0,Winter,Yes,Yes,Corniche Kiosk,History,Walk-In,Friday,12,27,1,Warm,1
2024-12-27,21,18.0,24.4,40.9,3.2,1003.0,0.0,0.0,Winter,Yes,Yes,Al Hamra Branch,Arabic Literature,Student,Friday,12,27,0,Cool,1
2024-12-28,8,33.0,21.5,62.5,4.9,1125.0,1.14,0.0,Winter,No,Yes,Al Hamra Branch,Technology,Regular,Saturday,12,28,0,Cool,1
2024-12-28,9,39.0,19.9,50.4,2.1,1620.0,1.11,0.0,Winter,No,Yes,Corniche Kiosk,Science,Student,Saturday,12,28,1,Cool,1
2024-12-28,10,79.0,23.7,64.1,1.9,1121.0,3.49,0.0,Winter,No,Yes,University Branch,Children,Regular,Saturday,12,28,1,Cool,1
2024-12-28,13,33.0,26.0,48.0,3.8,1649.0,3.35,0.0,Winter,No,Yes,Corniche Kiosk,Children,Regular,Saturday,12,28,0,Warm,1
2024-12-28,14,27.0,25.7,46.8,1.5,1435.0,1.35,0.0,Winter,No,Yes,Corniche Kiosk,Business,Regular,Saturday,12,28,0,Warm,1
2024-12-28,16,50.0,25.2,46.0,7.0,1594.0,0.81,0.0,Winter,No,Yes,Al Hamra Branch,Arabic Literature,Regular,Saturday,12,28,1,Warm,1
2024-12-28,18,35.0,21.1,50.1,5.2,1135.0,1.35,0.0,Winter,No,Yes,Corniche Kiosk,Business,Premium,Saturday,12,28,1,Cool,1
2024-12-28,19,65.0,23.4,43.5,6.7,1025.0,0.0,0.0,Winter,No,Yes,Downtown Central,Children,Walk-In,Saturday,12,28,1,Cool,1
2024-12-28,20,46.0,21.0,51.5,2.5,1744.0,0.0,0.0,Nan,No,Yes,Downtown Central,History,Regular,Saturday,12,28,0,Cool,1
2024-12-28,21,13.0,20.7,65.7,7.2,1076.0,0.0,0.0,Winter,No,Yes,Corniche Kiosk,Technology,Student,Saturday,12,28,0,Cool,1
2024-12-29,10,60.0,25.7,43.7,6.6,1489.0,0.76,0.0,Winter,No,Yes,Al Rawdah Branch,Technology,Regular,Sunday,12,29,1,Warm,0
2024-12-29,11,68.0,26.6,72.5,4.0,1694.0,2.88,0.0,Winter,No,Yes,University Branch,Science,Walk-In,Sunday,12,29,1,Warm,0
2024-12-29,17,68.0,24.9,60.5,5.1,1084.0,0.63,0.0,Winter,No,Yes,Al Rawdah Branch,Science,Regular,Sunday,12,29,1,Cool,0
2024-12-29,18,56.0,24.5,62.6,5.3,1305.0,1.39,0.0,Winter,No,Yes,Al Rawdah Branch,Business,Walk-In,Sunday,12,29,1,Cool,0
2024-12-29,19,90.0,25.7,59.7,6.7,1298.0,0.0,0.0,Winter,No,Yes,University Branch,Technology,Premium,Sunday,12,29,1,Warm,0
2024-12-29,20,37.0,22.4,59.4,5.1,1869.0,0.0,0.0,Winter,No,Yes,Al Hamra Branch,Non-Fiction,Premium,Sunday,12,29,0,Cool,0
2024-12-29,21,60.0,23.7,38.4,7.4,1003.0,0.0,0.0,Winter,No,Yes,University Branch,Children,Student,Sunday,12,29,0,Cool,0
2024-12-30,8,34.0,19.8,78.7,7.4,1970.0,3.38,0.0,Winter,No,Yes,Al Rawdah Branch,Science,Walk-In,Monday,12,30,0,Cool,0
2024-12-30,9,59.0,20.5,44.7,2.0,1012.0,1.07,0.0,Winter,No,Yes,University Branch,History,Walk-In,Monday,12,30,1,Cool,0
2024-12-30,10,55.0,21.3,54.4,8.0,1217.0,0.82,0.0,Winter,No,Yes,Al Rawdah Branch,Business,Regular,Monday,12,30,1,Cool,0
2024-12-30,11,74.0,21.2,62.2,7.9,1054.0,3.14,0.6,Winter,No,Yes,Downtown Central,Fiction,Premium,Monday,12,30,1,Cool,0
2024-12-30,12,78.0,23.9,56.0,2.6,1259.0,1.82,0.0,Winter,No,Yes,University Branch,Fiction,Student,Monday,12,30,0,Cool,0
2024-12-30,13,43.0,24.5,63.6,5.1,1041.0,1.82,0.0,Winter,No,Yes,Al Rawdah Branch,Science,Walk-In,Monday,12,30,0,Cool,0
2024-12-30,14,28.0,25.3,65.6,2.3,1828.0,0.41,0.0,Winter,No,Yes,Al Hamra Branch,Science,Walk-In,Monday,12,30,0,Warm,0
2024-12-30,17,73.0,22.3,62.9,6.6,1549.0,2.62,0.0,Winter,No,Yes,Downtown Central,Arabic Literature,Walk-In,Monday,12,30,1,Cool,0
2024-12-30,18,73.0,22.9,56.5,5.6,1769.0,0.75,0.0,Winter,No,Yes,University Branch,Children,Walk-In,Monday,12,30,1,Cool,0
2024-12-30,19,70.0,22.1,60.2,5.6,1887.0,0.0,0.0,Winter,No,Yes,Downtown Central,Technology,Walk-In,Monday,12,30,1,Cool,0
2024-12-30,20,28.0,18.5,66.9,3.4,1414.0,0.0,0.0,Winter,No,Yes,Al Hamra Branch,History,Regular,Monday,12,30,0,Cool,0
